title,company,city,salary,source,collected_at,source_file,work_type,experience_level,remote_allowed
Freelance Writer,IAPWE,Remote,$50-$75 /hour,remotive.com,2026-05-09 17:49:16,remotive_vacancies.csv,,,
🇩🇪Customer Support Manager,Parkosecure GmbH,Remote,,remotive.com,2026-05-09 17:49:16,remotive_vacancies.csv,,,
Copywriter,Coalition Technologies ,Remote,$20k -$35k,remotive.com,2026-05-09 17:49:16,remotive_vacancies.csv,,,
Senior DevOps Engineer,Lemon.io,Remote,,remotive.com,2026-05-09 17:49:16,remotive_vacancies.csv,,,
Operations software assistant,Bulldog Digital Media,Remote,"$12k - $19k (35 hrs/week, freelance)",remotive.com,2026-05-09 17:49:16,remotive_vacancies.csv,,,
Head of Engineering,Lemon.io,Remote,,remotive.com,2026-05-09 17:49:16,remotive_vacancies.csv,,,
Mid/Senior AI Video Artist,EverAI,Remote,-,remotive.com,2026-05-09 17:49:16,remotive_vacancies.csv,,,
Content Reviewer - US,TELUS Digital,Remote,$14/hour,remotive.com,2026-05-09 17:49:16,remotive_vacancies.csv,,,
AI Engineer,Dry Ground AI,Remote,$40- $60k,remotive.com,2026-05-09 17:49:16,remotive_vacancies.csv,,,
Customer Retention Manager,AutoHDR,Remote,,remotive.com,2026-05-09 17:49:16,remotive_vacancies.csv,,,
Customer Support Representative,AutoHDR,Remote,,remotive.com,2026-05-09 17:49:16,remotive_vacancies.csv,,,
Senior Independent AI Engineer / Architect,A.Team,Remote,$120 - $170 /hour,remotive.com,2026-05-09 17:49:16,remotive_vacancies.csv,,,
Senior Independent Software Developer,A.Team,Remote,$90 - $150 /hour,remotive.com,2026-05-09 17:49:16,remotive_vacancies.csv,,,
Senior Full-stack React Developer,Lemon.io,Remote,,remotive.com,2026-05-09 17:49:16,remotive_vacancies.csv,,,
Tech Lead Full-Stack Rails Engineer,Mitre Media,Remote,$170k - $200k,remotive.com,2026-05-09 17:49:16,remotive_vacancies.csv,,,
Online Data Analyst United States,TELUS Digital,Remote,,remotive.com,2026-05-09 17:49:16,remotive_vacancies.csv,,,
Office Assistant,Coalition Technologies ,Remote,"$31,2k- $52k",remotive.com,2026-05-09 17:49:16,remotive_vacancies.csv,,,
"🇩🇪 Senior/Staff Software Engineer PHP, TS, Rust, Kotlin (m/w/d)",easybill GmbH,Remote,,remotive.com,2026-05-09 17:49:16,remotive_vacancies.csv,,,
iOS Developer,nooro,Remote,$60k-$130k (depending on experience),remotive.com,2026-05-09 17:49:16,remotive_vacancies.csv,,,
Senior Frontend Developer,Sanctuary Computer,Remote,$80k - $120k,remotive.com,2026-05-09 17:49:16,remotive_vacancies.csv,,,
Account Executive- Swedish speaker,Celonis,"Madrid, Spain",,themuse.com,2026-05-09 17:46:28,muse_vacancies.csv,,,
Licensed Practical Nurse (LPN) - Sign On Bonus,The Laurels of Kent,"Caledonia, MI",,themuse.com,2026-05-09 17:46:28,muse_vacancies.csv,,,
Financial Solutions Advisor - Orchard Lake Road - Greater Michigan Market,Bank of America,"Bloomfield Hills, MI",,themuse.com,2026-05-09 17:46:28,muse_vacancies.csv,,,
Registered Nurse Registered Nurse Med/Surg Telemetry Full Time Nights,DMC Sinai-Grace Hospital,"Dearborn, MI",,themuse.com,2026-05-09 17:46:28,muse_vacancies.csv,,,
Relationship Banker - Sarasota Market,Bank of America,"Sarasota, FL",,themuse.com,2026-05-09 17:46:28,muse_vacancies.csv,,,
 Senior Technical Product Manager - AvaCloud,Ava Labs,Flexible / Remote,,themuse.com,2026-05-09 17:46:28,muse_vacancies.csv,,,
Maintenance - Level I,Equity Lifestyle Properties,"Rockledge, FL",,themuse.com,2026-05-09 17:46:28,muse_vacancies.csv,,,
Optical Engineer (Starshield),SpaceX,"El Segundo, CA",,themuse.com,2026-05-09 17:46:28,muse_vacancies.csv,,,
Nurse Care Manager (RN),Hartford HealthCare,"Ledyard, CT",,themuse.com,2026-05-09 17:46:28,muse_vacancies.csv,,,
"Senior Specialist, Electrical Engineer",L3Harris Technologies,"Anaheim, CA",,themuse.com,2026-05-09 17:46:28,muse_vacancies.csv,,,
Service Delivery Manager,Clean Harbors,"Burbank, CA",,themuse.com,2026-05-09 17:46:28,muse_vacancies.csv,,,
SKE Account Manager,Clean Harbors,"Seattle, WA",,themuse.com,2026-05-09 17:46:28,muse_vacancies.csv,,,
"IC Packaging Automation Engineer, Electrical (Starlink)",SpaceX,"Lockhart, TX",,themuse.com,2026-05-09 17:46:28,muse_vacancies.csv,,,
Senior Technology Services Lead,Bank of America,"Richardson, TX",,themuse.com,2026-05-09 17:46:28,muse_vacancies.csv,,,
Solar Appointment Setter,Sunrun,"Crystal Lake, IL",,themuse.com,2026-05-09 17:46:28,muse_vacancies.csv,,,
"Senior Manager, Art Direction – Unpublished R&D Product ",Riot Games,Singapore,,themuse.com,2026-05-09 17:46:28,muse_vacancies.csv,,,
Veterinary Assistant (VA) - Playa Vista,"Modern Animal, Inc.","Playa Vista, CA",,themuse.com,2026-05-09 17:46:28,muse_vacancies.csv,,,
Wealth Management Client Associate,Bank of America,"Los Angeles, CA",,themuse.com,2026-05-09 17:46:28,muse_vacancies.csv,,,
Pediatric Private Duty RN LVN,Thrive Skilled Pediatric Care LLC,"Frisco, TX",,themuse.com,2026-05-09 17:46:28,muse_vacancies.csv,,,
Mechanical Technician,SpaceX,"El Segundo, CA",,themuse.com,2026-05-09 17:46:28,muse_vacancies.csv,,,
Acute Dialysis Charge Nurse - Good Samaritan Hospital,Fresenius Medical Care,"Jersey City, NJ",,themuse.com,2026-05-09 17:46:28,muse_vacancies.csv,,,
Travel Retail Sales Merchandiser,The Retail Odyssey Company,"Blue Ash, OH",,themuse.com,2026-05-09 17:46:28,muse_vacancies.csv,,,
Senior Scientist - Driver Incentives,Uber,"New York, NY",,themuse.com,2026-05-09 17:46:28,muse_vacancies.csv,,,
Supervisor - Structural,Bechtel,"Mount Isa, Australia",,themuse.com,2026-05-09 17:46:28,muse_vacancies.csv,,,
"Lead Automation and Controls Engineer, Silicon Technology (Starlink)",SpaceX,"Lockhart, TX",,themuse.com,2026-05-09 17:46:28,muse_vacancies.csv,,,
Financial Solutions Advisor- Encino Financial Center,Bank of America,"Encino, CA",,themuse.com,2026-05-09 17:46:28,muse_vacancies.csv,,,
Psychiatrist - MD or DO,Optum,"Sarasota, FL",,themuse.com,2026-05-09 17:46:28,muse_vacancies.csv,,,
Speech Therapist - PRN,Optum,"Horn Lake, MS",,themuse.com,2026-05-09 17:46:28,muse_vacancies.csv,,,
Industrial Mechanic (Assembly Line Maintainer) MUST BE OPEN TO ALL SHIFTS,Crown Cork & Seal USA,"Alsip, IL",,themuse.com,2026-05-09 17:46:28,muse_vacancies.csv,,,
"Security Host/Hostess - Full-Time, $29.00/Hour","Aulani, A Disney Resort & Spa","Makakilo City, HI",,themuse.com,2026-05-09 17:46:28,muse_vacancies.csv,,,
Shift Lead - Decatur,DoorDash,"Decatur, GA",,themuse.com,2026-05-09 17:46:28,muse_vacancies.csv,,,
Physician - Cardiology,Christus Health,"Starkville, MS",,themuse.com,2026-05-09 17:46:28,muse_vacancies.csv,,,
Senior Division Order/ Land Title Analyst; SAM Associate II,Bank of America,"Dallas, TX",,themuse.com,2026-05-09 17:46:28,muse_vacancies.csv,,,
"Resort Naturalist- Full Time, Disney's Hilton Head Island Resort",Disney,"Hilton Head, SC",,themuse.com,2026-05-09 17:46:28,muse_vacancies.csv,,,
Market Manager,Bank of America,"Hartford, CT",,themuse.com,2026-05-09 17:46:28,muse_vacancies.csv,,,
Direct Sales Consultant,Sunrun,"Middletown, CT",,themuse.com,2026-05-09 17:46:28,muse_vacancies.csv,,,
Cardiac Cath Lab Interventional Radiology Technologist,Alameda Health System,"Oakland, CA",,themuse.com,2026-05-09 17:46:28,muse_vacancies.csv,,,
Outside Sales Representative - Security Services,Securitas Inc.,"San Jose, CA",,themuse.com,2026-05-09 17:46:28,muse_vacancies.csv,,,
Warehouse Manager,"Uline, Inc.","Columbus, OH",,themuse.com,2026-05-09 17:46:28,muse_vacancies.csv,,,
Nursing Assistant,Masonicare,"Wallingford, CT",,themuse.com,2026-05-09 17:46:29,muse_vacancies.csv,,,
Oil Sales and Service Rep I,Clean Harbors,"Oklahoma City, OK",,themuse.com,2026-05-09 17:46:29,muse_vacancies.csv,,,
Pedi Home Health LVN/RN,Thrive Skilled Pediatric Care LLC,"Ennis, TX",,themuse.com,2026-05-09 17:46:29,muse_vacancies.csv,,,
Transformational Lead - Data Loss Prevention & Identity Defense,Bank of America,"Chicago, IL",,themuse.com,2026-05-09 17:46:29,muse_vacancies.csv,,,
Software Engineer II A - GBS IND,Bank of America,"Chennai, India",,themuse.com,2026-05-09 17:46:29,muse_vacancies.csv,,,
SAS in Walmart – Retail Representative - Seasonal,SAS Retail Services,"Clermont, KY",,themuse.com,2026-05-09 17:46:29,muse_vacancies.csv,,,
Relationship Banker - Upper Marlboro Financial Center,Bank of America,"Mitchellville, MD",,themuse.com,2026-05-09 17:46:29,muse_vacancies.csv,,,
Engineering Planner,Bechtel,"Brisbane, Australia",,themuse.com,2026-05-09 17:46:29,muse_vacancies.csv,,,
Welding Engineer,G&W Electric,"Oakbrook, IL",,themuse.com,2026-05-09 17:46:29,muse_vacancies.csv,,,
"Credit Officer, Global Wealth & Investment Management",Bank of America,"Miami, FL",,themuse.com,2026-05-09 17:46:29,muse_vacancies.csv,,,
Hiring Event - Software Engineers,L3Harris Technologies,"Redlands, CA",,themuse.com,2026-05-09 17:46:29,muse_vacancies.csv,,,
"Hospice Certified Nursing Assistant, CNA",Residential Home Health and Hospice,"Beaverton, MI",,themuse.com,2026-05-09 17:46:29,muse_vacancies.csv,,,
PCA/HHA - Premier,CareConnect,"Sag Harbor, NY",,themuse.com,2026-05-09 17:46:29,muse_vacancies.csv,,,
Barista - Temporary,SpaceX,"Brownsville, TX",,themuse.com,2026-05-09 17:46:29,muse_vacancies.csv,,,
Clinical Liaison,Laurel Healthcare,"Detroit, MI",,themuse.com,2026-05-09 17:46:29,muse_vacancies.csv,,,
Director of Strategic Finance and Business Development,Sotheby's,"New York, NY",,themuse.com,2026-05-09 17:46:29,muse_vacancies.csv,,,
Grounds Crew-3,Equity Lifestyle Properties,"West Salem, WI",,themuse.com,2026-05-09 17:46:29,muse_vacancies.csv,,,
Construction Site Security Officer,Securitas Inc.,"Reynoldsburg, OH",,themuse.com,2026-05-09 17:46:29,muse_vacancies.csv,,,
Senior Banker,Bank of America,"Seattle, WA",,themuse.com,2026-05-09 17:46:29,muse_vacancies.csv,,,
Pediatric Home Care RN LVN,Thrive Skilled Pediatric Care LLC,"San Antonio, TX",,themuse.com,2026-05-09 17:46:29,muse_vacancies.csv,,,
"Software Engineer II, Evaluation & Simulation",Uber,Unknown,,themuse.com,2026-05-09 17:46:29,muse_vacancies.csv,,,
Pedi Home Health LPN/LVN/RN,Thrive Skilled Pediatric Care LLC,"Greenville, TX",,themuse.com,2026-05-09 17:46:29,muse_vacancies.csv,,,
Physical Therapist Assistant,Optum,"Chapel Hill, NC",,themuse.com,2026-05-09 17:46:29,muse_vacancies.csv,,,
Camp Manager,Bechtel,"Fort Stockton, TX",,themuse.com,2026-05-09 17:46:29,muse_vacancies.csv,,,
Electrical Testing Project Manager,ABM Industries,"Corona, CA",,themuse.com,2026-05-09 17:46:29,muse_vacancies.csv,,,
SKE Sales Rep,Clean Harbors,"Chandler, AZ",,themuse.com,2026-05-09 17:46:29,muse_vacancies.csv,,,
"Entry Level Border Patrol Agent - Up to $30,000 Sign On Bonus",United States Customs and Border Protection,"Sun City, AZ",,themuse.com,2026-05-09 17:46:29,muse_vacancies.csv,,,
"Senior Software Engineer (Java, Quarkus)",Exadel,"Barra do Garças, Brazil",,themuse.com,2026-05-09 17:46:29,muse_vacancies.csv,,,
Service Manager III,Morgan Properties,"Salisbury, NC",,themuse.com,2026-05-09 17:46:29,muse_vacancies.csv,,,
Senior Java AWS Developer,"CGI Group, Inc.","Austin, TX",,themuse.com,2026-05-09 17:46:29,muse_vacancies.csv,,,
Environmental Services Manager,"Healthcare Services Group, Inc.","Montgomery, TX",,themuse.com,2026-05-09 17:46:29,muse_vacancies.csv,,,
SAS in Food Lion - Traveling Reset Merchandiser,SAS Retail Services,"Raleigh, NC",,themuse.com,2026-05-09 17:46:29,muse_vacancies.csv,,,
SAS in Food Lion - Part Time Retail Reset Merchandiser,SAS Retail Services,"Eden, NC",,themuse.com,2026-05-09 17:46:29,muse_vacancies.csv,,,
Customer Accounts Advisor ,Aarons,"Titusville, FL",,themuse.com,2026-05-09 17:46:29,muse_vacancies.csv,,,
Retail Sales Merchandiser,Advantage Solutions,"Glassboro, NJ",,themuse.com,2026-05-09 17:46:29,muse_vacancies.csv,,,
Drive with Lyft - Features made for women + enby drivers,Lyft,"Richmond, VA",,themuse.com,2026-05-09 17:46:29,muse_vacancies.csv,,,
Senior Revenue Accountant-Hybrid,GXO Logistics,"Chicago, IL",,themuse.com,2026-05-09 17:46:29,muse_vacancies.csv,,,
DashMart Team Member - Chattanooga,DoorDash,"Chattanooga, TN",,themuse.com,2026-05-09 17:46:29,muse_vacancies.csv,,,
Outside Sales Rep - SIGN ON BONUS,The Staff Pad,"Minneapolis, MN",,themuse.com,2026-05-09 17:46:30,muse_vacancies.csv,,,
Treasury Sales Client Officer II - Commercial Real Estate,Bank of America,"Boston, MA",,themuse.com,2026-05-09 17:46:30,muse_vacancies.csv,,,
"Senior Associate, Dasher Growth Marketing",DoorDash,"Chicago, IL",,themuse.com,2026-05-09 17:46:30,muse_vacancies.csv,,,
"Engineering Manager, Telemetry Platform",DoorDash,"Hyderabad, India",,themuse.com,2026-05-09 17:46:30,muse_vacancies.csv,,,
"Mohs Surgeon in Seattle, WA",Optum,"Manhattan, NY",,themuse.com,2026-05-09 17:46:30,muse_vacancies.csv,,,
Program Specialist III,Uber,"Hyderabad, India",,themuse.com,2026-05-09 17:46:30,muse_vacancies.csv,,,
Shift Lead - Crestwood,DoorDash,"Crestwood, IL",,themuse.com,2026-05-09 17:46:30,muse_vacancies.csv,,,
Relationship Banker,Bank of America,"Santa Barbara, CA",,themuse.com,2026-05-09 17:46:30,muse_vacancies.csv,,,
Sr. PCB Designer,SpaceX,"El Segundo, CA",,themuse.com,2026-05-09 17:46:30,muse_vacancies.csv,,,
Payroll Analyst,SpaceX,"El Segundo, CA",,themuse.com,2026-05-09 17:46:30,muse_vacancies.csv,,,
Lead Construction Engineer,SpaceX,"El Segundo, CA",,themuse.com,2026-05-09 17:46:30,muse_vacancies.csv,,,
Hiring Event - Manufacturing Engineers,L3Harris Technologies,"Mission Viejo, CA",,themuse.com,2026-05-09 17:46:30,muse_vacancies.csv,,,
"Staff Scientist, Mobility Matching",Uber,"Sunnyvale, CA",,themuse.com,2026-05-09 17:46:30,muse_vacancies.csv,,,
Esports Event Producer,Riot Games,"Los Angeles, CA",,themuse.com,2026-05-09 17:46:30,muse_vacancies.csv,,,
"Sr. Software Engineer, HITL - Top Secret Clearance",SpaceX,"El Segundo, CA",,themuse.com,2026-05-09 17:46:30,muse_vacancies.csv,,,
Group Product Manager / Director of Product,Flexport,"Amsterdam, Netherlands",,themuse.com,2026-05-09 17:46:30,muse_vacancies.csv,,,
Licensed Practical Nurse (LPN) - Home Health - Full Time,Enhabit Home Health & Hospice,"Scottsdale, AZ",,themuse.com,2026-05-09 17:46:30,muse_vacancies.csv,,,
Endocrinologists,Luminis Health,"Crawfordsville, IN",,themuse.com,2026-05-09 17:46:30,muse_vacancies.csv,,,
Wealth Management Client Associate - San Antonio Market- Bilingual Spanish Preferred,Bank of America,"San Antonio, TX",,themuse.com,2026-05-09 17:46:30,muse_vacancies.csv,,,
"Officer/ Assistant Vice President, Info Security Incident Mgmt Analyst, Global Information Security",Bank of America,Singapore,,themuse.com,2026-05-09 17:46:31,muse_vacancies.csv,,,
Pediatric Home Heath Nurse,Thrive Skilled Pediatric Care,"Temple, TX",,themuse.com,2026-05-09 17:46:31,muse_vacancies.csv,,,
Patient Technology Technician,UCHealth,"Denver, CO",,themuse.com,2026-05-09 17:46:31,muse_vacancies.csv,,,
Pediatric Private Duty Nurse,Thrive Skilled Pediatric Care,"Baytown, TX",,themuse.com,2026-05-09 17:46:31,muse_vacancies.csv,,,
Applied Value Engineer (Healthcare & Life Sciences),Celonis,"Bangalore, India",,themuse.com,2026-05-09 17:46:31,muse_vacancies.csv,,,
Verizon Sales Consultant,Cellular Sales,"Kinston, NC",,themuse.com,2026-05-09 17:46:31,muse_vacancies.csv,,,
Maintenance Technician - Refrigeration Mechanic Ammonia Exp Req'd - Days,The Coca-Cola Company,"Winter Haven, FL",,themuse.com,2026-05-09 17:46:31,muse_vacancies.csv,,,
"Sr Director, Total Rewards",Sunrun,Flexible / Remote,,themuse.com,2026-05-09 17:46:31,muse_vacancies.csv,,,
RF Test Specialist (Starlink),SpaceX,"Lockhart, TX",,themuse.com,2026-05-09 17:46:31,muse_vacancies.csv,,,
"Software Engineer, Hardware Test & Automation (Starlink)   ",SpaceX,"Redmond, WA",,themuse.com,2026-05-09 17:46:31,muse_vacancies.csv,,,
Illusion Maker Senior,Disney,"Glendale, CA",,themuse.com,2026-05-09 17:46:31,muse_vacancies.csv,,,
Full Time or Part Time Night Nurse,Thrive Skilled Pediatric Care,"Jacksonville, NC",,themuse.com,2026-05-09 17:46:31,muse_vacancies.csv,,,
Sr Application Developer - ServiceNow,Uber,"Amsterdam, Netherlands",,themuse.com,2026-05-09 17:46:31,muse_vacancies.csv,,,
Control Systems Senior Engineer,Bechtel,"Hinganghāt, India",,themuse.com,2026-05-09 17:46:31,muse_vacancies.csv,,,
Senior Banker - Prescott Valley,Bank of America,"Prescott Valley, AZ",,themuse.com,2026-05-09 17:46:31,muse_vacancies.csv,,,
Entertainment Manager,Disney,"Four Corners, FL",,themuse.com,2026-05-09 17:46:31,muse_vacancies.csv,,,
Business Operations Manager (Starlink),SpaceX,"Lockhart, TX",,themuse.com,2026-05-09 17:46:31,muse_vacancies.csv,,,
Outside Sales Representative,Trulite Glass & Aluminum Solutions,"Pittsburgh, PA",,themuse.com,2026-05-09 17:46:31,muse_vacancies.csv,,,
Pediatric Dermatologist- Optum NY,Optum,"Lake Success, NY",,themuse.com,2026-05-09 17:46:31,muse_vacancies.csv,,,
"Principal Insights Analyst, PubSports - League of Legends",Riot Games,"Los Angeles, CA",,themuse.com,2026-05-09 17:46:31,muse_vacancies.csv,,,
Senior Value Engineer - Energy Industry,Celonis,"New York, NY",,themuse.com,2026-05-09 17:46:31,muse_vacancies.csv,,,
Physician - Urgent Care,Christus Health,"Shreveport, LA",,themuse.com,2026-05-09 17:46:31,muse_vacancies.csv,,,
Social Worker III FT Days,Saint Vincent Hospital,"Worcester, MA",,themuse.com,2026-05-09 17:46:31,muse_vacancies.csv,,,
Relationship Banker - Deerfield Beach Financial Center - Portuguese Language Required,Bank of America,"Deerfield Beach, FL",,themuse.com,2026-05-09 17:46:31,muse_vacancies.csv,,,
Maintenance Planner (1st Shift),BAXTER,"Hickory, NC",,themuse.com,2026-05-09 17:46:31,muse_vacancies.csv,,,
Relationship Banker - Flushing NY Area *Bilingual Spanish Required,Bank of America,"Queens, NY",,themuse.com,2026-05-09 17:46:31,muse_vacancies.csv,,,
Spanish Credit Assistance Specialist 2nd Shift Tampa FL,Bank of America,"Tampa, FL",,themuse.com,2026-05-09 17:46:31,muse_vacancies.csv,,,
RN,PIH Health,"La Mirada, CA",,themuse.com,2026-05-09 17:46:31,muse_vacancies.csv,,,
"Nurse Manager, RN","Monte Nido & Affiliates, LLC","Fairfax, VA",,themuse.com,2026-05-09 17:46:31,muse_vacancies.csv,,,
Sr Software Engineer - Fulfillment Shopping & Ordering,Uber,"Sunnyvale, CA",,themuse.com,2026-05-09 17:46:31,muse_vacancies.csv,,,
Financial Solutions Advisor - Cincinnati Market,Bank of America,"Cincinnati, OH",,themuse.com,2026-05-09 17:46:31,muse_vacancies.csv,,,
Registered Nurse Registered Nurse Telemetry Full Time Days,DMC Sinai-Grace Hospital,"Dearborn, MI",,themuse.com,2026-05-09 17:46:31,muse_vacancies.csv,,,
Enterprise Associate,DoorDash,"Toronto, Canada",,themuse.com,2026-05-09 17:46:31,muse_vacancies.csv,,,
Content Producer - Wild Rift (Contract),Riot Games,"Shanghai, China",,themuse.com,2026-05-09 17:46:31,muse_vacancies.csv,,,
"Mechanical Engineer - Manufacturing Machinery, Satellites (Starlink)",SpaceX,"Redmond, WA",,themuse.com,2026-05-09 17:46:31,muse_vacancies.csv,,,
Sleep Expert - Sales (LIVE Interviews on June 3rd During Business Hours!),Mattress Firm,"Baton Rouge, LA",,themuse.com,2026-05-09 17:46:31,muse_vacancies.csv,,,
Maintenance Technician,Equity Lifestyle Properties,"Leavenworth, WA",,themuse.com,2026-05-09 17:46:31,muse_vacancies.csv,,,
"*Unposted* LPN Private Duty - Weekends - Erin, TN",Optum,"Clarksville, TN",,themuse.com,2026-05-09 17:46:32,muse_vacancies.csv,,,
Physical Therapist,Optum,"Cheshire, CT",,themuse.com,2026-05-09 17:46:32,muse_vacancies.csv,,,
Front Desk Clerk,Equity Lifestyle Properties,"Gettysburg, PA",,themuse.com,2026-05-09 17:46:32,muse_vacancies.csv,,,
"Sr. Mechanical Design Engineer, Satellites (Starlink)",SpaceX,"Redmond, WA",,themuse.com,2026-05-09 17:46:32,muse_vacancies.csv,,,
Wealth Planner,Bank of America,"Oklahoma City, OK",,themuse.com,2026-05-09 17:46:32,muse_vacancies.csv,,,
"Senior Manager, Media, BG",The Coca-Cola Company,"Sofia, Bulgaria",,themuse.com,2026-05-09 17:46:32,muse_vacancies.csv,,,
Solar Sales Representative,Sunrun,"Houston, TX",,themuse.com,2026-05-09 17:46:32,muse_vacancies.csv,,,
Data Analyst,Disney,"New York, NY",,themuse.com,2026-05-09 17:46:32,muse_vacancies.csv,,,
Skilled Pediatric Home Care RN/LPN only,Thrive Skilled Pediatric Care LLC,"Scottsdale, AZ",,themuse.com,2026-05-09 17:46:32,muse_vacancies.csv,,,
Weekend Security Officer's,Securitas Inc.,"Florissant, MO",,themuse.com,2026-05-09 17:46:32,muse_vacancies.csv,,,
"Senior Software Engineer, Uber Eats Search Experience",Uber,"Sunnyvale, CA",,themuse.com,2026-05-09 17:46:32,muse_vacancies.csv,,,
MEP Construction Engineer ,SpaceX,"El Segundo, CA",,themuse.com,2026-05-09 17:46:32,muse_vacancies.csv,,,
Senior Data Scientist - Experimentation,Uber,"São Paulo, Brazil",,themuse.com,2026-05-09 17:46:32,muse_vacancies.csv,,,
Lead Installer,Sunrun,"Moorestown, NJ",,themuse.com,2026-05-09 17:46:32,muse_vacancies.csv,,,
Liquefied Natural Gas Process/Project Engineer,SpaceX,"Brownsville, TX",,themuse.com,2026-05-09 17:46:32,muse_vacancies.csv,,,
Senior/Lead Software Engineer (Angular),Exadel,"Dabas, Hungary",,themuse.com,2026-05-09 17:46:32,muse_vacancies.csv,,,
Sourcing & Analytics Manager,Riot Games,"Los Angeles, CA",,themuse.com,2026-05-09 17:46:32,muse_vacancies.csv,,,
Delivery Driver,Aarons,"Bradenton, FL",,themuse.com,2026-05-09 17:46:32,muse_vacancies.csv,,,
Occupational Therapist,Optum,"Crystal River, FL",,themuse.com,2026-05-09 17:46:32,muse_vacancies.csv,,,
Pediatric Part Time Nurse Needed,Thrive Skilled Pediatric Care,"Huntsville, TX",,themuse.com,2026-05-09 17:46:32,muse_vacancies.csv,,,
"Manager, Franchise Operations, Inner Mongolia",The Coca-Cola Company,"Hohhot, China",,themuse.com,2026-05-09 17:46:32,muse_vacancies.csv,,,
Foreperson,Sunrun,"Emeryville, CA",,themuse.com,2026-05-09 17:46:32,muse_vacancies.csv,,,
Certified Nursing Assistant,Masonicare,"Wallingford, CT",,themuse.com,2026-05-09 17:46:32,muse_vacancies.csv,,,
Registered Nurse Med Surg Full Time Nights,DMC Receiving Hospital,"Dearborn, MI",,themuse.com,2026-05-09 17:46:32,muse_vacancies.csv,,,
Business Development Operations & Customer Experience Lead,Bechtel,"Reston, VA",,themuse.com,2026-05-09 17:46:32,muse_vacancies.csv,,,
Radiology Technologist,Saint Francis Hospital - Memphis,"Dyersburg, TN",,themuse.com,2026-05-09 17:46:32,muse_vacancies.csv,,,
Physician -Orthopedic Surgeon,Christus Health,"Starkville, MS",,themuse.com,2026-05-09 17:46:32,muse_vacancies.csv,,,
Senior Network Engineer - Day Shift,General Dynamics Information Technology,"Arlington, VA",,themuse.com,2026-05-09 17:46:32,muse_vacancies.csv,,,
Superintendent - Siteworks,Bechtel,"Cheyenne, WY",,themuse.com,2026-05-09 17:46:32,muse_vacancies.csv,,,
"Associate, Stress Engineering",L3Harris Technologies,"Point, TX",,themuse.com,2026-05-09 17:46:32,muse_vacancies.csv,,,
General Manager,Equity Lifestyle Properties,"Clermont, FL",,themuse.com,2026-05-09 17:46:32,muse_vacancies.csv,,,
Financial Solutions Advisor Registration Candidate- Eastside Market,Bank of America,"Bellevue, WA",,themuse.com,2026-05-09 17:46:32,muse_vacancies.csv,,,
GFX Sr. Business Financial Control Product Associate (CFO),Bank of America,"New York, NY",,themuse.com,2026-05-09 17:46:32,muse_vacancies.csv,,,
"Senior Mid-Market New Business Account Executive, Uber for Business Mexico",Uber,"Mexico City, Mexico",,themuse.com,2026-05-09 17:46:32,muse_vacancies.csv,,,
Journeys Assistant Store Manager,Journeys,"Denver, CO",,themuse.com,2026-05-09 17:46:32,muse_vacancies.csv,,,
"Sr. Silicon Packaging Process Engineer, Silicon Technology (Starlink)",SpaceX,"Lockhart, TX",,themuse.com,2026-05-09 17:46:32,muse_vacancies.csv,,,
Radiology Full Time,Metrowest Medical Center,"Natick, MA",,themuse.com,2026-05-09 17:46:32,muse_vacancies.csv,,,
IS Account Manager,Clean Harbors,"Corpus Christi, TX",,themuse.com,2026-05-09 17:46:32,muse_vacancies.csv,,,
Assistant Store Manager,Journeys,"Murrysville, PA",,themuse.com,2026-05-09 17:46:32,muse_vacancies.csv,,,
Lead Product Manager - Identity,Uber,"Sunnyvale, CA",,themuse.com,2026-05-09 17:46:33,muse_vacancies.csv,,,
Materials R&D Technician - Level 4/5,SpaceX,"Lockhart, TX",,themuse.com,2026-05-09 17:46:33,muse_vacancies.csv,,,
"Best - Technical Sales - Fire Systems - Cleveland, OH",Johnson Controls,"Cleveland, OH",,themuse.com,2026-05-09 17:46:33,muse_vacancies.csv,,,
"Nurse Practitioner or Physician Assistant, HouseCalls - Spanish Language Required - New York County, NY",Optum,"Manhattan, NY",,themuse.com,2026-05-09 17:46:33,muse_vacancies.csv,,,
Senior Staff Engineer - Marketplace Competitive Intelligence,Uber,"Seattle, WA",,themuse.com,2026-05-09 17:46:33,muse_vacancies.csv,,,
Product Development Engineer (Starlink),SpaceX,"Lockhart, TX",,themuse.com,2026-05-09 17:46:33,muse_vacancies.csv,,,
"Senior Scientist, Maps",Uber,"Amsterdam, Netherlands",,themuse.com,2026-05-09 17:46:33,muse_vacancies.csv,,,
Associate Quality Assurance Analyst,"Uline, Inc.","Sturtevant, WI",,themuse.com,2026-05-09 17:46:33,muse_vacancies.csv,,,
Senior IAM Engineer (Okta),Exadel,"Kazanlak, Bulgaria",,themuse.com,2026-05-09 17:46:33,muse_vacancies.csv,,,
Principal Data Engineer,Disney,"New York, NY",,themuse.com,2026-05-09 17:46:33,muse_vacancies.csv,,,
Shift Lead Security Officer - $18.50/ hour,Securitas Inc.,"Vandalia, OH",,themuse.com,2026-05-09 17:46:33,muse_vacancies.csv,,,
BPS Area Sales Manager,Clean Harbors,"Camden, NJ",,themuse.com,2026-05-09 17:46:33,muse_vacancies.csv,,,
Physician - General Anterior Segment Surgeon,Christus Health,"Brookings, SD",,themuse.com,2026-05-09 17:46:33,muse_vacancies.csv,,,
Relationship Banker - Columbus Market,Bank of America,"Columbus, OH",,themuse.com,2026-05-09 17:46:33,muse_vacancies.csv,,,
Sales Associate,Aarons,"Pittsburgh, PA",,themuse.com,2026-05-09 17:46:33,muse_vacancies.csv,,,
Speech Language Pathologist (SLP) - Home Health - Part Time - Exempt,Enhabit Home Health & Hospice,"Tullahoma, TN",,themuse.com,2026-05-09 17:46:33,muse_vacancies.csv,,,
Activities Supervisor,Equity Lifestyle Properties,"Batesville, IN",,themuse.com,2026-05-09 17:46:33,muse_vacancies.csv,,,
"Senior Manager, IMX - Consumer & Shopper Connection Planning - Sparkling Flavors",The Coca-Cola Company,"Shanghai, China",,themuse.com,2026-05-09 17:46:33,muse_vacancies.csv,,,
"Law Enforcement - Border Patrol Agent, Up to $30,000 Recruitment Incentive",United States Customs and Border Protection,"Gallup, NM",,themuse.com,2026-05-09 17:46:33,muse_vacancies.csv,,,
Janitorial Assistant Account Manager,ABM Industries,"Chesterfield, MO",,themuse.com,2026-05-09 17:46:33,muse_vacancies.csv,,,
Operations Manager,ABM Industries,"Gastonia, NC",,themuse.com,2026-05-09 17:46:33,muse_vacancies.csv,,,
Product Management Analyst,"Uline, Inc.","Sturtevant, WI",,themuse.com,2026-05-09 17:46:33,muse_vacancies.csv,,,
"Sr Manager, Direct Sales New Business (RapidScale)",Cox Communications,"Plant City, FL",,themuse.com,2026-05-09 17:46:33,muse_vacancies.csv,,,
Financial Solutions Advisor Registration Candidate  - South Shore Market,Bank of America,"Boston, MA",,themuse.com,2026-05-09 17:46:33,muse_vacancies.csv,,,
Customer Success Manager - USA - M/F/D,AB Tasty,"New York, NY",,themuse.com,2026-05-09 17:46:33,muse_vacancies.csv,,,
Production Scheduling Supervisor,SpaceX,"Woodinville, WA",,themuse.com,2026-05-09 17:46:33,muse_vacancies.csv,,,
"Key Accounts Manager, West",BlueTriton Brands,"Darien, CT",,themuse.com,2026-05-09 17:46:33,muse_vacancies.csv,,,
Counterparty Credit Risk Manager,Bank of America,"New York, NY",,themuse.com,2026-05-09 17:46:33,muse_vacancies.csv,,,
Store Sales Merchandiser,Advantage Solutions,"Warminster, PA",,themuse.com,2026-05-09 17:46:33,muse_vacancies.csv,,,
Human Resources Analyst,"Uline, Inc.","Silver Lake, WI",,themuse.com,2026-05-09 17:46:33,muse_vacancies.csv,,,
Trading Assistant,Bank of America,"New York, NY",,themuse.com,2026-05-09 17:46:33,muse_vacancies.csv,,,
"Hardware Development Engineer, Power (Starlink) ",SpaceX,"Redmond, WA",,themuse.com,2026-05-09 17:46:33,muse_vacancies.csv,,,
Certified Electrician 2,Sunrun,"Greenbelt, MD",,themuse.com,2026-05-09 17:46:33,muse_vacancies.csv,,,
Medical Specialist Principal – Life Company Medical Supplement Claims,USAA,"Phoenix, AZ",,themuse.com,2026-05-09 17:46:33,muse_vacancies.csv,,,
In-Park Security Officer - $19/HR (18+),Six Flags Great America,"Gurnee, IL",,themuse.com,2026-05-09 17:46:33,muse_vacancies.csv,,,
Sales and Service Rep Driver,Clean Harbors,"Tampa, FL",,themuse.com,2026-05-09 17:46:33,muse_vacancies.csv,,,
Security Client and Vendor Compliance Lead,Cox Automotive,"College Park, GA",,themuse.com,2026-05-09 17:46:34,muse_vacancies.csv,,,
Business Development Manager - Security Services,Securitas Inc.,"San Jose, CA",,themuse.com,2026-05-09 17:46:34,muse_vacancies.csv,,,
PRN Pharmacist - Community,Optum,"Rock Island, IL",,themuse.com,2026-05-09 17:46:34,muse_vacancies.csv,,,
Strategic Account Executive Nordics,Celonis,"Copenhagen, Denmark",,themuse.com,2026-05-09 17:46:34,muse_vacancies.csv,,,
"Relationship Banker - Madison, WI",Bank of America,"Madison, WI",,themuse.com,2026-05-09 17:46:34,muse_vacancies.csv,,,
Oustide Sales Representative,Securitas Inc.,"Santa Clara, CA",,themuse.com,2026-05-09 17:46:34,muse_vacancies.csv,,,
"Home Health LPN $10,000 Bonus",AHN Healthcare@Home,"Pittsburgh, PA",,themuse.com,2026-05-09 17:46:34,muse_vacancies.csv,,,
Lead Data Engineer,Disney,"New York, NY",,themuse.com,2026-05-09 17:46:34,muse_vacancies.csv,,,
Onsite Talent Acquisition Recruiter,Teleperformance USA,"Fort Lauderdale, FL",,themuse.com,2026-05-09 17:46:34,muse_vacancies.csv,,,
Call Center Bilingual (Spanish/English) Associate Banker -  1st or 2nd shift,Bank of America,"Fort Worth, TX",,themuse.com,2026-05-09 17:46:34,muse_vacancies.csv,,,
Assistant Site Manager,DoorDash,"Decatur, GA",,themuse.com,2026-05-09 17:46:34,muse_vacancies.csv,,,
Financial Solutions Advisor Registration Candidate  -   Lexington Avenue & 75th Street,Bank of America,"New York, NY",,themuse.com,2026-05-09 17:46:34,muse_vacancies.csv,,,
"Senior Manager, Site Safety & Environment",The Coca-Cola Company,"Shanghai, China",,themuse.com,2026-05-09 17:46:34,muse_vacancies.csv,,,
RN Nurse,Abrazo Central Hospital,"Ahwatukee, AZ",,themuse.com,2026-05-09 17:46:34,muse_vacancies.csv,,,
Business Solutions Advisor - Greater Silicon Valley Market,Bank of America,"Fremont, CA",,themuse.com,2026-05-09 17:46:34,muse_vacancies.csv,,,
Guest Experience Associate (Part-Time),The Coca-Cola Company,"Atlanta, GA",,themuse.com,2026-05-09 17:46:34,muse_vacancies.csv,,,
Customer Care Representative - Remote,Teleperformance USA,"Gardiner, ME",,themuse.com,2026-05-09 17:46:34,muse_vacancies.csv,,,
SAS in Walmart - Retail Sales Representative,SAS Retail Services,"Madera, CA",,themuse.com,2026-05-09 17:46:34,muse_vacancies.csv,,,
"Esports Events Coordinator, APAC Emerging Markets - Content Services (Contract)",Riot Games,Singapore,,themuse.com,2026-05-09 17:46:34,muse_vacancies.csv,,,
IT/AV Support Coordinator,Vi Living,"Daly City, CA",,themuse.com,2026-05-09 17:46:34,muse_vacancies.csv,,,
"Sourcing Specialist, Mechanical (Starlink) ",SpaceX,"Redmond, WA",,themuse.com,2026-05-09 17:46:34,muse_vacancies.csv,,,
Financial Solutions Advisor - Summit & Essex - Bilingual Spanish Preferred,Bank of America,"Hackensack, NJ",,themuse.com,2026-05-09 17:46:34,muse_vacancies.csv,,,
"Manager, Outside Account Management",DoorDash,"Chicago, IL",,themuse.com,2026-05-09 17:46:34,muse_vacancies.csv,,,
CMM Programmer - Level 4/5,SpaceX,"Lockhart, TX",,themuse.com,2026-05-09 17:46:34,muse_vacancies.csv,,,
"Implementation Lead, Uber for Business, Argentina",Uber,"Buenos Aires, Argentina",,themuse.com,2026-05-09 17:46:34,muse_vacancies.csv,,,
Social Media Content Moderator - Spanish Bilingual- Onsite,Teleperformance USA,"Port St. Lucie, FL",,themuse.com,2026-05-09 17:46:34,muse_vacancies.csv,,,
Installer,Sunrun,"Riverside, CA",,themuse.com,2026-05-09 17:46:34,muse_vacancies.csv,,,
Relationship Banker - Las Vegas North,Bank of America,"Las Vegas, NV",,themuse.com,2026-05-09 17:46:34,muse_vacancies.csv,,,
Senior Software Engineer,Disney,"San Francisco, CA",,themuse.com,2026-05-09 17:46:34,muse_vacancies.csv,,,
Pediatric Home Health - RN/LVN,Thrive Skilled Pediatric Care LLC,"Tyler, TX",,themuse.com,2026-05-09 17:46:34,muse_vacancies.csv,,,
Propulsion Engineer (Raptor Components),SpaceX,"El Segundo, CA",,themuse.com,2026-05-09 17:46:34,muse_vacancies.csv,,,
Senior Engineering Manager,Merge,"New York, NY",,themuse.com,2026-05-09 17:46:34,muse_vacancies.csv,,,
Part-time Pharmacist - Community,Optum,"Mankato, MN",,themuse.com,2026-05-09 17:46:34,muse_vacancies.csv,,,
Greenville Home Health Nurse LPN/RN,Thrive Skilled Pediatric Care LLC,"Greenville, NC",,themuse.com,2026-05-09 17:46:34,muse_vacancies.csv,,,
Construction Project Manager - Facilities Asset Management,Disney,"Anaheim, CA",,themuse.com,2026-05-09 17:46:34,muse_vacancies.csv,,,
Field Sales Consultant,Sunrun,"Tampa, FL",,themuse.com,2026-05-09 17:46:35,muse_vacancies.csv,,,
Sr. Relationship Manager - Global Commercial Banking (Middle Market),Bank of America,"San Francisco, CA",,themuse.com,2026-05-09 17:46:35,muse_vacancies.csv,,,
Actuarial Intern (Summer 2026) - Hybrid,Unum Group,"Chattanooga, TN",,themuse.com,2026-05-09 17:46:35,muse_vacancies.csv,,,
Drive with Lyft - Signing up is Easy,Lyft,"Las Vegas, NV",,themuse.com,2026-05-09 17:46:35,muse_vacancies.csv,,,
Housekeeper,Equity Lifestyle Properties,"Lancaster, PA",,themuse.com,2026-05-09 17:46:35,muse_vacancies.csv,,,
"Senior Software Engineer, Merchant",Uber,"Hyderabad, India",,themuse.com,2026-05-09 17:46:35,muse_vacancies.csv,,,
Area Field Superintendent (Aeros),Bechtel,"Cheyenne, WY",,themuse.com,2026-05-09 17:46:35,muse_vacancies.csv,,,
Physical Therapist (PT) - Home Health - PRN,Enhabit Home Health & Hospice,"Southlake, TX",,themuse.com,2026-05-09 17:46:35,muse_vacancies.csv,,,
Night nurse,Thrive Skilled Pediatric Care,"Jacksonville, NC",,themuse.com,2026-05-09 17:46:35,muse_vacancies.csv,,,
Car Wash Attendant,Chevron,"San Ramon, CA",,themuse.com,2026-05-09 17:46:35,muse_vacancies.csv,,,
Veterinary Assistant- Walnut Creek,"Modern Animal, Inc.","Walnut Creek, CA",,themuse.com,2026-05-09 17:46:35,muse_vacancies.csv,,,
"Software Dev Engineer, EC2 Provisioning","Amazon Development Center U.S., Inc.","Maple Valley, WA",,themuse.com,2026-05-09 17:46:35,muse_vacancies.csv,,,
CT Technologist Full-Time Nights,Saint Vincent Hospital,"Worcester, MA",,themuse.com,2026-05-09 17:46:35,muse_vacancies.csv,,,
"Join as a Border Patrol Agent – Entry-Level Positions with $30,000 Bonus",United States Customs and Border Protection,"Glendale, AZ",,themuse.com,2026-05-09 17:46:35,muse_vacancies.csv,,,
Field Cost Engineer,Bechtel,"Fort Stockton, TX",,themuse.com,2026-05-09 17:46:35,muse_vacancies.csv,,,
Shift Lead - North Valley,DoorDash,"Albuquerque, NM",,themuse.com,2026-05-09 17:46:35,muse_vacancies.csv,,,
Asset Based Lending Senior Business Development Officer,Bank of America,"Chicago, IL",,themuse.com,2026-05-09 17:46:35,muse_vacancies.csv,,,
DashMart Team Member - Harrisburg,DoorDash,"Harrisburg, PA",,themuse.com,2026-05-09 17:46:35,muse_vacancies.csv,,,
Software Engineer III - GBS IND,Bank of America,"Hyderabad, India",,themuse.com,2026-05-09 17:46:35,muse_vacancies.csv,,,
Software Engineer,Не указана,Los Angeles Metropolitan Area, - ,linkedin_kaggle,2026-05-09 18:56:51,linkedin_ds_it_vacancies.csv,Full-time,,False
Software Engineer,GOYT,"Denver, CO", - ,linkedin_kaggle,2026-05-09 18:56:51,linkedin_ds_it_vacancies.csv,Part-time,,False
Intern- Business Analytics,LT Apparel Group,Greensboro--Winston-Salem--High Point Area, - ,linkedin_kaggle,2026-05-09 18:56:51,linkedin_ds_it_vacancies.csv,Temporary,,False
Enterprise Data & Analytics Infrastructure Manager,KeyBank,"Cleveland, OH", - ,linkedin_kaggle,2026-05-09 18:56:51,linkedin_ds_it_vacancies.csv,Full-time,,False
Senior Software Engineer,StyleAI,San Francisco Bay Area, - ,linkedin_kaggle,2026-05-09 18:56:51,linkedin_ds_it_vacancies.csv,Full-time,,False
Sr Data Engineer with Kafka,ZenithMinds Inc,"Austin, TX", - ,linkedin_kaggle,2026-05-09 18:56:51,linkedin_ds_it_vacancies.csv,Full-time,,True
Cloud Platform/ Big Data Engineer,"Subaru Research and Development, Inc","Michigan, United States", - ,linkedin_kaggle,2026-05-09 18:56:51,linkedin_ds_it_vacancies.csv,Full-time,Entry level,False
Data Science Software Engineer,Sovrinti,United States, - ,linkedin_kaggle,2026-05-09 18:56:51,linkedin_ds_it_vacancies.csv,Full-time,,True
Data Engineer/ETL,SilverSpace Technologies Inc,"Hartford, CT", - ,linkedin_kaggle,2026-05-09 18:56:51,linkedin_ds_it_vacancies.csv,Contract,,False
Flight Software Engineer,Insight Global,"Webster, TX",140000.0 - 170000.0,linkedin_kaggle,2026-05-09 18:56:51,linkedin_ds_it_vacancies.csv,Full-time,Mid-Senior level,False
Data Analyst,Tenazx Inc,"Queens, NY", - ,linkedin_kaggle,2026-05-09 18:56:51,linkedin_ds_it_vacancies.csv,Contract,,False
Staff Software Engineer (AHT),Northrop Grumman,"Los Angeles, California, United States",161000.0 - 241400.0,linkedin_kaggle,2026-05-09 18:56:51,linkedin_ds_it_vacancies.csv,Full-time,Mid-Senior level,False
Software Engineer,TRG,"Westlake, OH", - ,linkedin_kaggle,2026-05-09 18:56:51,linkedin_ds_it_vacancies.csv,Full-time,,False
Senior Data Engineer/Analyst - Full Time,Не указана,"California, United States",101.0 - 107.0,linkedin_kaggle,2026-05-09 18:56:51,linkedin_ds_it_vacancies.csv,Full-time,,True
Senior Machine Learning Research Engineer,Symbolica AI,San Francisco Bay Area,150000.0 - 350000.0,linkedin_kaggle,2026-05-09 18:56:51,linkedin_ds_it_vacancies.csv,Full-time,,False
Software Engineer in Test Automation,Qentelli,"Dallas, TX", - ,linkedin_kaggle,2026-05-09 18:56:51,linkedin_ds_it_vacancies.csv,Full-time,,False
Machine Learning Engineer,NLB Services,"Dallas, TX", - ,linkedin_kaggle,2026-05-09 18:56:51,linkedin_ds_it_vacancies.csv,Full-time,,False
eCommerce Data Analyst,Radiant Systems Inc,United States, - ,linkedin_kaggle,2026-05-09 18:56:51,linkedin_ds_it_vacancies.csv,Contract,,True
Sr Software Engineer,"iBrain Technologies, Inc",United States, - ,linkedin_kaggle,2026-05-09 18:56:51,linkedin_ds_it_vacancies.csv,Full-time,,True
Azure Data Engineer (Full time),Publicis Sapient,"Arlington, VA",95000.0 - 145000.0,linkedin_kaggle,2026-05-09 18:56:51,linkedin_ds_it_vacancies.csv,Full-time,Mid-Senior level,False
Digital Analyst (Google Analytics),Advaana Inc,United States, - ,linkedin_kaggle,2026-05-09 18:56:51,linkedin_ds_it_vacancies.csv,Full-time,,True
Software Engineer with Vue JS.,Ask IT Consulting Inc.,"Duluth, GA", - ,linkedin_kaggle,2026-05-09 18:56:51,linkedin_ds_it_vacancies.csv,Contract,,False
"Senior Analyst, Data & Analytics",Quigley-Simpson,Los Angeles Metropolitan Area,90000.0 - 93000.0,linkedin_kaggle,2026-05-09 18:56:51,linkedin_ds_it_vacancies.csv,Full-time,Mid-Senior level,False
Azure Data Engineer,"Econtenti, Inc","Seattle, WA", - ,linkedin_kaggle,2026-05-09 18:56:51,linkedin_ds_it_vacancies.csv,Full-time,,False
Windows Software Engineer,Renewed Vision,United States, - ,linkedin_kaggle,2026-05-09 18:56:51,linkedin_ds_it_vacancies.csv,Full-time,,True
Wealth Management Business Data Analyst,MCubeSoft,"Charlotte, NC", - ,linkedin_kaggle,2026-05-09 18:56:51,linkedin_ds_it_vacancies.csv,Full-time,,False
AVP/VP of Advanced Analytics,Great American Insurance Group,"Cincinnati, OH", - ,linkedin_kaggle,2026-05-09 18:56:51,linkedin_ds_it_vacancies.csv,Full-time,Executive,False
Workforce Strategy and Analytics Consultant (321719),"IDR, Inc.",United States,40.0 - 50.0,linkedin_kaggle,2026-05-09 18:56:51,linkedin_ds_it_vacancies.csv,Contract,Mid-Senior level,True
 GCP Data Engineer (Only W2),TechWish,"Sterling, VA", - ,linkedin_kaggle,2026-05-09 18:56:51,linkedin_ds_it_vacancies.csv,Contract,Mid-Senior level,True
"Senior Data Analyst - AI Training (Remote, Contract)",Outlier,United States, - ,linkedin_kaggle,2026-05-09 18:56:51,linkedin_ds_it_vacancies.csv,Contract,Mid-Senior level,True
Business Intelligence Analyst,Insight Global,"Fishers, IN",60000.0 - 67000.0,linkedin_kaggle,2026-05-09 18:56:51,linkedin_ds_it_vacancies.csv,Full-time,Associate,False
Data Engineer,SKYZEN Technologies LLC,"Philadelphia, PA", - ,linkedin_kaggle,2026-05-09 18:56:51,linkedin_ds_it_vacancies.csv,Contract,,False
Data Scientist Job,Armstrong World Industries,United States, - ,linkedin_kaggle,2026-05-09 18:56:51,linkedin_ds_it_vacancies.csv,Full-time,Entry level,True
Sr Python Developer,Siri InfoSolutions Inc,United States, - ,linkedin_kaggle,2026-05-09 18:56:51,linkedin_ds_it_vacancies.csv,Full-time,,True
Business Intelligence Developer,Diverse Lynx,United States, - ,linkedin_kaggle,2026-05-09 18:56:51,linkedin_ds_it_vacancies.csv,Full-time,,True
Senior Risk Analytics Associate,Social Capital Resources,"New York, NY",100000.0 - 115000.0,linkedin_kaggle,2026-05-09 18:56:51,linkedin_ds_it_vacancies.csv,Full-time,Mid-Senior level,False
Senior Software Engineer,aKUBE,"California, United States", - ,linkedin_kaggle,2026-05-09 18:56:51,linkedin_ds_it_vacancies.csv,Contract,Mid-Senior level,False
Senior Software Engineer,Bracco Medical Technologies,"Eden Prairie, MN", - ,linkedin_kaggle,2026-05-09 18:56:51,linkedin_ds_it_vacancies.csv,Full-time,Mid-Senior level,False
Software Engineer,Ascendion,United States,125000.0 - 145000.0,linkedin_kaggle,2026-05-09 18:56:51,linkedin_ds_it_vacancies.csv,Full-time,Associate,True
Analytics Engineer,Switch RCM,United States, - ,linkedin_kaggle,2026-05-09 18:56:51,linkedin_ds_it_vacancies.csv,Full-time,,True
Display Software Engineer (16939),H10 Capital,"Redmond, WA", - ,linkedin_kaggle,2026-05-09 18:56:51,linkedin_ds_it_vacancies.csv,Contract,,False
Data Engineer,Robert Half,United States,100000.0 - 120000.0,linkedin_kaggle,2026-05-09 18:56:51,linkedin_ds_it_vacancies.csv,Full-time,Mid-Senior level,True
"Manager, Software Engineering - SaaS",MoTek Technologies,"San Jose, CA", - ,linkedin_kaggle,2026-05-09 18:56:51,linkedin_ds_it_vacancies.csv,Full-time,Mid-Senior level,False
Onsite Data Analyst || USC ONLY || FL LOCALS,USCTEK - Recruiting & Staffing,"Jacksonville, FL", - ,linkedin_kaggle,2026-05-09 18:56:51,linkedin_ds_it_vacancies.csv,Contract,,False
"Software Engineer for global computer software company in Redmond, WA.",OSI Engineering,"Redmond, WA",68.0 - 83.0,linkedin_kaggle,2026-05-09 18:56:51,linkedin_ds_it_vacancies.csv,Contract,Mid-Senior level,False
Sr. Procurement Data Analyst,Republic Services,"Phoenix, AZ", - ,linkedin_kaggle,2026-05-09 18:56:51,linkedin_ds_it_vacancies.csv,Full-time,,False
Senior ETL Data Engineer - Reinsurance - Remote,Avesta Computer Services,United States, - ,linkedin_kaggle,2026-05-09 18:56:51,linkedin_ds_it_vacancies.csv,Full-time,Mid-Senior level,True
Hybrid - Data & Analytics Manager (Information Technology Manager 1),Ohio Department of Mental Health & Addiction Services,"Columbus, OH",43.29 - 61.89,linkedin_kaggle,2026-05-09 18:56:51,linkedin_ds_it_vacancies.csv,Full-time,Mid-Senior level,False
Principal Commercial Analytics,EVERSANA,"New York, NY", - ,linkedin_kaggle,2026-05-09 18:56:51,linkedin_ds_it_vacancies.csv,Full-time,Associate,True
Senior Software Engineer,Goosehead Insurance Agency,"Grapevine, TX",130000.0 - 160000.0,linkedin_kaggle,2026-05-09 18:56:51,linkedin_ds_it_vacancies.csv,Full-time,Mid-Senior level,False
Senior Software Engineer Insurance Platform,Airbnb,United States, - ,linkedin_kaggle,2026-05-09 18:56:51,linkedin_ds_it_vacancies.csv,Full-time,Mid-Senior level,True
Design Data Analyst,A.G. KUNZ LLC,"San Francisco, CA", - ,linkedin_kaggle,2026-05-09 18:56:51,linkedin_ds_it_vacancies.csv,Full-time,,False
Senior P&C Analytics Actuary - PR12617,Pryor Associates Executive Search,New York City Metropolitan Area, - ,linkedin_kaggle,2026-05-09 18:56:51,linkedin_ds_it_vacancies.csv,Full-time,Mid-Senior level,False
Business Intelligence Developer,Leap Metrics,"Dallas, TX", - ,linkedin_kaggle,2026-05-09 18:56:51,linkedin_ds_it_vacancies.csv,Full-time,,False
Manager of Health Analytics,Partnership HealthPlan of California,"Fairfield, CA",133515.56 - 180245.31,linkedin_kaggle,2026-05-09 18:56:51,linkedin_ds_it_vacancies.csv,Full-time,Mid-Senior level,False
Data Analyst - Expert with Excel,OpTech,"Auburn Hills, MI",35.0 - 42.0,linkedin_kaggle,2026-05-09 18:56:51,linkedin_ds_it_vacancies.csv,Contract,Mid-Senior level,False
Sr. Software Engineer/API Developer,Dexian,"Charlotte, NC", - ,linkedin_kaggle,2026-05-09 18:56:51,linkedin_ds_it_vacancies.csv,Full-time,Mid-Senior level,False
Business Intelligence Engineer II ,TekWissen ®,"Westborough, MA",58.0 - 58.0,linkedin_kaggle,2026-05-09 18:56:51,linkedin_ds_it_vacancies.csv,Contract,Associate,False
Legal Data Analyst (Dallas/Chicago),CBRE,"Chicago, IL", - ,linkedin_kaggle,2026-05-09 18:56:51,linkedin_ds_it_vacancies.csv,Full-time,Associate,False
Embedded Software Engineer ,TekWissen ®,"Redmond, WA",70.0 - 70.0,linkedin_kaggle,2026-05-09 18:56:51,linkedin_ds_it_vacancies.csv,Contract,Associate,False
Sr. Software Engineer - (Full Stack),"Everest Consultants, Inc.","Los Angeles, CA",65.0 - 80.0,linkedin_kaggle,2026-05-09 18:56:51,linkedin_ds_it_vacancies.csv,Contract,Mid-Senior level,True
Senior Software Engineer,Prestige Staffing,"New York, NY",150000.0 - 190000.0,linkedin_kaggle,2026-05-09 18:56:51,linkedin_ds_it_vacancies.csv,Full-time,Mid-Senior level,False
Crash Data Analyst,Maricopa County,"Phoenix, AZ", - ,linkedin_kaggle,2026-05-09 18:56:51,linkedin_ds_it_vacancies.csv,Full-time,Entry level,False
"Hardcore Dataplane Software Engineer. If you think like a packet, this job is for you!",Hedgehog,United States, - ,linkedin_kaggle,2026-05-09 18:56:51,linkedin_ds_it_vacancies.csv,Full-time,,True
Robotics Software Engineer - Perception,ViaBot,"Sunnyvale, CA", - ,linkedin_kaggle,2026-05-09 18:56:51,linkedin_ds_it_vacancies.csv,Full-time,,False
Software Engineer,LemaTech LLC,United States, - ,linkedin_kaggle,2026-05-09 18:56:51,linkedin_ds_it_vacancies.csv,Part-time,,True
Senior Software Engineer,Paycor,United States,98370.0 - 167946.0,linkedin_kaggle,2026-05-09 18:56:51,linkedin_ds_it_vacancies.csv,Full-time,Mid-Senior level,True
Experienced Compliance Review - Analytics Support,Gainwell Technologies,"Roseville, CA", - ,linkedin_kaggle,2026-05-09 18:56:51,linkedin_ds_it_vacancies.csv,Full-time,Mid-Senior level,True
Senior Software Engineer,Ziff Davis Shopping,"Austin, TX", - ,linkedin_kaggle,2026-05-09 18:56:51,linkedin_ds_it_vacancies.csv,Full-time,Mid-Senior level,False
Data Analyst,Acro Service Corp,"Orlando, FL",40.0 - 40.0,linkedin_kaggle,2026-05-09 18:56:51,linkedin_ds_it_vacancies.csv,Contract,Mid-Senior level,False
"Senior Software Engineer, Workday",Coinbase,"San Francisco, CA",162350.0 - 191000.0,linkedin_kaggle,2026-05-09 18:56:51,linkedin_ds_it_vacancies.csv,Full-time,Mid-Senior level,False
Senior Software Engineer,MIB,"Braintree, MA", - ,linkedin_kaggle,2026-05-09 18:56:51,linkedin_ds_it_vacancies.csv,Full-time,Mid-Senior level,False
Research Data Analyst 1 (75% FTE/Hybrid Opportunity),Stanford University,"Stanford, CA",48360.0 - 72750.0,linkedin_kaggle,2026-05-09 18:56:51,linkedin_ds_it_vacancies.csv,Part-time,Mid-Senior level,False
Data Engineer (SAP ECC To HANA Migration),"V-Soft Consulting Group, Inc.","Charlotte, NC", - ,linkedin_kaggle,2026-05-09 18:56:51,linkedin_ds_it_vacancies.csv,Contract,Entry level,False
Remote - Software Engineer - OIPA Configurator,State Farm,"Dunwoody, GA",90600.0 - 177500.0,linkedin_kaggle,2026-05-09 18:56:51,linkedin_ds_it_vacancies.csv,Full-time,Entry level,False
"Analyst Sr, Digital Product Analytics",Genuine Parts Company,"Atlanta, GA", - ,linkedin_kaggle,2026-05-09 18:56:51,linkedin_ds_it_vacancies.csv,Full-time,Mid-Senior level,False
Chief Data Engineer,Noblis,"Reston, VA",145100.0 - 253900.0,linkedin_kaggle,2026-05-09 18:56:51,linkedin_ds_it_vacancies.csv,Full-time,Mid-Senior level,False
Principal Software Engineer,Microsoft,"Redmond, WA",133600.0 - 282200.0,linkedin_kaggle,2026-05-09 18:56:51,linkedin_ds_it_vacancies.csv,Full-time,,True
Data Engineer,Piper Companies,"McLean, VA",135000.0 - 145000.0,linkedin_kaggle,2026-05-09 18:56:51,linkedin_ds_it_vacancies.csv,Full-time,Entry level,False
Lead Development and Analytics Engineer,Piper Companies,United States, - ,linkedin_kaggle,2026-05-09 18:56:51,linkedin_ds_it_vacancies.csv,Full-time,Mid-Senior level,True
"Senior Director, Reporting & Business Analytics",Centene Corporation,"Durham, NC",129400.0 - 239300.0,linkedin_kaggle,2026-05-09 18:56:51,linkedin_ds_it_vacancies.csv,Full-time,,True
Senior Data Scientist 3 - Nonproliferation,Pacific Northwest National Laboratory,"Richland, WA",134500.0 - 219500.0,linkedin_kaggle,2026-05-09 18:56:51,linkedin_ds_it_vacancies.csv,Full-time,,False
Software Engineer I,Cox Automotive Inc.,"Atlanta, GA",70700.0 - 106100.0,linkedin_kaggle,2026-05-09 18:56:51,linkedin_ds_it_vacancies.csv,Full-time,Entry level,False
Senior Software Engineer,Boomi,"Conshohocken, PA", - ,linkedin_kaggle,2026-05-09 18:56:51,linkedin_ds_it_vacancies.csv,Full-time,,False
 Senior ETL Data Engineer (100% Remote),Avesta Computer Services,United States, - ,linkedin_kaggle,2026-05-09 18:56:51,linkedin_ds_it_vacancies.csv,Full-time,Mid-Senior level,True
Marketing Analytics - Data Scientist Senior Associate,JPMorgan Chase & Co.,"Columbus, OH", - ,linkedin_kaggle,2026-05-09 18:56:51,linkedin_ds_it_vacancies.csv,Full-time,,False
Data Analyst (Korean),Lightcast,United States, - ,linkedin_kaggle,2026-05-09 18:56:51,linkedin_ds_it_vacancies.csv,Contract,Entry level,True
Data Analyst (Chinese),Lightcast,United States, - ,linkedin_kaggle,2026-05-09 18:56:51,linkedin_ds_it_vacancies.csv,Contract,Entry level,True
Data Analyst (Japanese),Lightcast,United States, - ,linkedin_kaggle,2026-05-09 18:56:51,linkedin_ds_it_vacancies.csv,Contract,Entry level,True
Senior Full Stack Software Engineer,Neighborly Software,Atlanta Metropolitan Area, - ,linkedin_kaggle,2026-05-09 18:56:51,linkedin_ds_it_vacancies.csv,Full-time,Mid-Senior level,False
Data Engineer,Mainz Brady Group,"Beaverton, OR", - ,linkedin_kaggle,2026-05-09 18:56:51,linkedin_ds_it_vacancies.csv,Full-time,Entry level,True
Senior Data Engineer (Property Reinsurance/ Speciality Reinsurance) - 100% Remote,Avesta Computer Services,United States, - ,linkedin_kaggle,2026-05-09 18:56:51,linkedin_ds_it_vacancies.csv,Full-time,Mid-Senior level,True
Senior Software Engineer,Mainz Brady Group,"Oakland, CA", - ,linkedin_kaggle,2026-05-09 18:56:51,linkedin_ds_it_vacancies.csv,Full-time,Mid-Senior level,False
Machine Learning Researcher,Yimo,"California, United States", - ,linkedin_kaggle,2026-05-09 18:56:51,linkedin_ds_it_vacancies.csv,Volunteer,,True
Senior Software Engineer,HyperThinkUS,United States, - ,linkedin_kaggle,2026-05-09 18:56:51,linkedin_ds_it_vacancies.csv,Contract,,True
Senior Software Engineer - Full Stack,Не указана,Washington DC-Baltimore Area, - ,linkedin_kaggle,2026-05-09 18:56:51,linkedin_ds_it_vacancies.csv,Full-time,Mid-Senior level,False
Principal Data Scientist,Zocdoc,"New York, NY",177000.0 - 239000.0,linkedin_kaggle,2026-05-09 18:56:51,linkedin_ds_it_vacancies.csv,Full-time,Entry level,False
Senior Software Engineer - Angular,Western Union,"Denver, CO", - ,linkedin_kaggle,2026-05-09 18:56:51,linkedin_ds_it_vacancies.csv,Full-time,Mid-Senior level,False
Software Engineering Advisor (Python/Java/AWS),Fannie Mae,"Reston, VA", - ,linkedin_kaggle,2026-05-09 18:56:51,linkedin_ds_it_vacancies.csv,Full-time,Mid-Senior level,True
Senior Software Engineer - Wordpress,Western Union,"Denver, CO",110000.0 - 130000.0,linkedin_kaggle,2026-05-09 18:56:51,linkedin_ds_it_vacancies.csv,Full-time,Mid-Senior level,False
Data Engineer,Titan America,"Roanoke, VA", - ,linkedin_kaggle,2026-05-09 18:56:51,linkedin_ds_it_vacancies.csv,Full-time,Associate,False
"Data Engineer I, Revenue Reporting Service",Amazon,"Seattle, WA", - ,linkedin_kaggle,2026-05-09 18:56:51,linkedin_ds_it_vacancies.csv,Full-time,,False
"Senior Software Engineer, AWS Kumo",Amazon Web Services (AWS),"Bellevue, WA",134500.0 - 261500.0,linkedin_kaggle,2026-05-09 18:56:51,linkedin_ds_it_vacancies.csv,Full-time,Mid-Senior level,False
"Sr. Manager, Business Intelligence , Community Operations",Amazon,"Nashville, TN",136500.0 - 265400.0,linkedin_kaggle,2026-05-09 18:56:51,linkedin_ds_it_vacancies.csv,Full-time,Mid-Senior level,False
"Data Scientist, PeopleInsight",Amazon,"Seattle, WA",111600.0 - 212800.0,linkedin_kaggle,2026-05-09 18:56:51,linkedin_ds_it_vacancies.csv,Full-time,,False
"Software Engineer, Translation Services",Amazon,"Pittsburgh, PA", - ,linkedin_kaggle,2026-05-09 18:56:51,linkedin_ds_it_vacancies.csv,Full-time,,False
Data Engineer,Ascentt,"Dallas, TX", - ,linkedin_kaggle,2026-05-09 18:56:51,linkedin_ds_it_vacancies.csv,Full-time,,False
Sr. Data Scientist - IoT and Manufacturing,Ascentt,"Dallas, TX", - ,linkedin_kaggle,2026-05-09 18:56:51,linkedin_ds_it_vacancies.csv,Full-time,,False
Data Analyst-VA,ATC,"Virginia, United States", - ,linkedin_kaggle,2026-05-09 18:56:51,linkedin_ds_it_vacancies.csv,Full-time,Entry level,False
Senior Data Scientist - Forecasting,Ascentt,"Dallas, TX", - ,linkedin_kaggle,2026-05-09 18:56:51,linkedin_ds_it_vacancies.csv,Full-time,,False
Data Analyst-WA,ATC,"Washington, United States", - ,linkedin_kaggle,2026-05-09 18:56:51,linkedin_ds_it_vacancies.csv,Full-time,Entry level,False
Data Analyst-IL,ATC,"Illinois, United States", - ,linkedin_kaggle,2026-05-09 18:56:51,linkedin_ds_it_vacancies.csv,Full-time,Entry level,False
Data Analyst-CA,ATC,"California, United States", - ,linkedin_kaggle,2026-05-09 18:56:51,linkedin_ds_it_vacancies.csv,Full-time,Entry level,False
Data Analyst-Tx,ATC,"Texas, United States", - ,linkedin_kaggle,2026-05-09 18:56:51,linkedin_ds_it_vacancies.csv,Full-time,Entry level,False
Data Engineer (Internship),Celebal Technologies,"Dallas, TX", - ,linkedin_kaggle,2026-05-09 18:56:51,linkedin_ds_it_vacancies.csv,Internship,,False
Embedded Software Engineer,Tri-Valley Aerospace,"Dublin, CA", - ,linkedin_kaggle,2026-05-09 18:56:51,linkedin_ds_it_vacancies.csv,Volunteer,,False
Software Engineer Intern,Не указана,"Atlanta, GA",15.0 - 25.0,linkedin_kaggle,2026-05-09 18:56:51,linkedin_ds_it_vacancies.csv,Internship,,False
Data Analyst-NY,ATC,"New York, United States", - ,linkedin_kaggle,2026-05-09 18:56:51,linkedin_ds_it_vacancies.csv,Full-time,Entry level,False
Data Analyst/Data Science/NLP (Intern apr 30) DIN01,Data Glacier,United States, - ,linkedin_kaggle,2026-05-09 18:56:51,linkedin_ds_it_vacancies.csv,Internship,,True
Senior Full Stack Software Engineer,dot. cards,Los Angeles Metropolitan Area, - ,linkedin_kaggle,2026-05-09 18:56:51,linkedin_ds_it_vacancies.csv,Full-time,,False
Business Intelligence Developer,Episode Solutions,"Nashville, TN", - ,linkedin_kaggle,2026-05-09 18:56:51,linkedin_ds_it_vacancies.csv,Full-time,Associate,False
Data Analyst - Power BI & SQL,ZealTech,"San Francisco, CA", - ,linkedin_kaggle,2026-05-09 18:56:51,linkedin_ds_it_vacancies.csv,Contract,,False
SQL Developer,Не указана,United States, - ,linkedin_kaggle,2026-05-09 18:56:51,linkedin_ds_it_vacancies.csv,Full-time,,True
Python Developer,Interviewed AI,United States, - ,linkedin_kaggle,2026-05-09 18:56:51,linkedin_ds_it_vacancies.csv,Full-time,,True
"Senior Lead Software Engineer, Full Stack (Remote -Eligible)",Capital One,"Chicago, IL", - ,linkedin_kaggle,2026-05-09 18:56:51,linkedin_ds_it_vacancies.csv,Full-time,Mid-Senior level,False
"Senior Software Engineer Back End (Java, Python, Spring Boot, AWS)",Capital One,"New York, NY", - ,linkedin_kaggle,2026-05-09 18:56:51,linkedin_ds_it_vacancies.csv,Full-time,Mid-Senior level,False
"Manager, Software Engineering, Back End",Capital One,"San Francisco, CA", - ,linkedin_kaggle,2026-05-09 18:56:51,linkedin_ds_it_vacancies.csv,Full-time,Mid-Senior level,False
Data Engineer,Capital One,"Richmond, VA", - ,linkedin_kaggle,2026-05-09 18:56:51,linkedin_ds_it_vacancies.csv,Full-time,Entry level,False
"Lead Software Engineer, Full Stack",Capital One,"McLean, VA", - ,linkedin_kaggle,2026-05-09 18:56:51,linkedin_ds_it_vacancies.csv,Full-time,Mid-Senior level,False
"Lead Software Engineer, Back End",Capital One,"New York, NY", - ,linkedin_kaggle,2026-05-09 18:56:51,linkedin_ds_it_vacancies.csv,Full-time,Mid-Senior level,False
"Senior Manager, Software Engineering , Back End",Capital One,"Richmond, VA", - ,linkedin_kaggle,2026-05-09 18:56:51,linkedin_ds_it_vacancies.csv,Full-time,Mid-Senior level,False
"Senior Lead Software Engineer, Full Stack",Capital One,"Richmond, VA", - ,linkedin_kaggle,2026-05-09 18:56:51,linkedin_ds_it_vacancies.csv,Full-time,Mid-Senior level,False
"Software Engineer, Full Stack",Capital One,"McLean, VA", - ,linkedin_kaggle,2026-05-09 18:56:51,linkedin_ds_it_vacancies.csv,Full-time,Entry level,False
"Senior Software Engineer, Back End (GoLang)",Capital One,"Chicago, IL", - ,linkedin_kaggle,2026-05-09 18:56:51,linkedin_ds_it_vacancies.csv,Full-time,Mid-Senior level,False
Junior data scientist/software programmer,SynergisticIT,"Denver, CO",75000.0 - 124000.0,linkedin_kaggle,2026-05-09 18:56:51,linkedin_ds_it_vacancies.csv,Full-time,Entry level,True
Data Analyst II,FedEx Logistics,"La Vergne, TN", - ,linkedin_kaggle,2026-05-09 18:56:51,linkedin_ds_it_vacancies.csv,Full-time,,False
"Lead Software Engineer, Backend (Java, Go)",Capital One,"Chicago, IL", - ,linkedin_kaggle,2026-05-09 18:56:51,linkedin_ds_it_vacancies.csv,Full-time,Mid-Senior level,False
Senior Software Engineer,Capital One,"New York, NY", - ,linkedin_kaggle,2026-05-09 18:56:51,linkedin_ds_it_vacancies.csv,Full-time,Mid-Senior level,False
Junior data scientist/java programmer,SynergisticIT,"Kirkland, WA",81000.0 - 124000.0,linkedin_kaggle,2026-05-09 18:56:51,linkedin_ds_it_vacancies.csv,Full-time,Entry level,True
Junior data scientist/ java programmer,SynergisticIT,"Phoenix, AZ", - ,linkedin_kaggle,2026-05-09 18:56:51,linkedin_ds_it_vacancies.csv,Full-time,Entry level,True
"Retail Data Analyst | Hybrid - Aurora, IL",Old Second National Bank,"Aurora, IL", - ,linkedin_kaggle,2026-05-09 18:56:51,linkedin_ds_it_vacancies.csv,Full-time,Associate,False
Junior data scientist/software developer,SynergisticIT,"Austin, Texas Metropolitan Area",75000.0 - 124000.0,linkedin_kaggle,2026-05-09 18:56:51,linkedin_ds_it_vacancies.csv,Full-time,Entry level,True
junior java programmer/data scientist,SynergisticIT,"Houston, TX", - ,linkedin_kaggle,2026-05-09 18:56:51,linkedin_ds_it_vacancies.csv,Full-time,Entry level,True
"Internship, ML Performance Software Engineer, Dojo (Fall 2024)",Tesla,"Palo Alto, CA", - ,linkedin_kaggle,2026-05-09 18:56:51,linkedin_ds_it_vacancies.csv,Internship,Internship,False
Sr Software Engineer - Synthetic Vision - 10K Sign on Bonus,Honeywell,"Phoenix, AZ", - ,linkedin_kaggle,2026-05-09 18:56:51,linkedin_ds_it_vacancies.csv,Full-time,Mid-Senior level,False
Advanced Software Engineer,Honeywell,Greater Phoenix Area, - ,linkedin_kaggle,2026-05-09 18:56:51,linkedin_ds_it_vacancies.csv,Full-time,Entry level,False
Data Analytics Engineer,Bonterra,United States, - ,linkedin_kaggle,2026-05-09 18:56:51,linkedin_ds_it_vacancies.csv,Full-time,,True
junior data scientist/ data engineer,SynergisticIT,"Virginia, United States",75000.0 - 124000.0,linkedin_kaggle,2026-05-09 18:56:51,linkedin_ds_it_vacancies.csv,Full-time,Entry level,True
"Lead Analytic Consultant, Analytics",apree health,United States,130000.0 - 175000.0,linkedin_kaggle,2026-05-09 18:56:51,linkedin_ds_it_vacancies.csv,Full-time,Mid-Senior level,True
Software Engineer I - C++/Avionics,Honeywell,"Phoenix, AZ", - ,linkedin_kaggle,2026-05-09 18:56:51,linkedin_ds_it_vacancies.csv,Full-time,Entry level,False
"Senior Machine Learning Engineer, Generative AI",Robinhood,"New York, NY", - ,linkedin_kaggle,2026-05-09 18:56:51,linkedin_ds_it_vacancies.csv,Full-time,Mid-Senior level,False
"Senior Software Engineer, Container Orchestration",Robinhood,"New York, NY", - ,linkedin_kaggle,2026-05-09 18:56:51,linkedin_ds_it_vacancies.csv,Full-time,Mid-Senior level,False
"Senior Data Engineer - ITP-A, Exempt",Seattle Information Technology Department,"Seattle, WA",51.89 - 77.84,linkedin_kaggle,2026-05-09 18:56:51,linkedin_ds_it_vacancies.csv,Full-time,Mid-Senior level,False
"Director, Data Engineering",Oshkosh Corporation,"Oshkosh, WI", - ,linkedin_kaggle,2026-05-09 18:56:51,linkedin_ds_it_vacancies.csv,Full-time,Director,False
Senior Software Engineer,TEKsystems,"Kiln, MS", - ,linkedin_kaggle,2026-05-09 18:56:51,linkedin_ds_it_vacancies.csv,Full-time,Mid-Senior level,False
Data Scientist,TEKsystems,"Irving, TX", - ,linkedin_kaggle,2026-05-09 18:56:51,linkedin_ds_it_vacancies.csv,Full-time,Entry level,False
Clinical Adoption Data Scientist,Philips,"Cambridge, MA", - ,linkedin_kaggle,2026-05-09 18:56:51,linkedin_ds_it_vacancies.csv,Full-time,,False
Staff Software Engineer - Big Data,ServiceNow,"San Diego, CA", - ,linkedin_kaggle,2026-05-09 18:56:51,linkedin_ds_it_vacancies.csv,Full-time,,True
Software Engineer,ServiceNow,"San Diego, CA",109400.0 - 169600.0,linkedin_kaggle,2026-05-09 18:56:51,linkedin_ds_it_vacancies.csv,Full-time,,False
Staff Software Engineer - Big Data Federal,ServiceNow,"San Diego, CA",142700.0 - 249800.0,linkedin_kaggle,2026-05-09 18:56:51,linkedin_ds_it_vacancies.csv,Full-time,,False
"Senior Full-Stack Software Engineer, UX Platform",ServiceNow,"Santa Clara, CA",137000.0 - 233000.0,linkedin_kaggle,2026-05-09 18:56:51,linkedin_ds_it_vacancies.csv,Full-time,,False
Technical System Health Data Scientist,Philips,"Cambridge, MA", - ,linkedin_kaggle,2026-05-09 18:56:51,linkedin_ds_it_vacancies.csv,Full-time,,False
Frontend Software Engineer (Contract) (Hybrid) – 4315,HIRECLOUT,"Irvine, CA",50.0 - 70.0,linkedin_kaggle,2026-05-09 18:56:51,linkedin_ds_it_vacancies.csv,Full-time,,False
EDW Architect I - IS EDW and Analytics - Full Time 8 Hour Days (Exempt) (Non-Union),Keck Medicine of USC,"Los Angeles, CA",95680.0 - 158230.0,linkedin_kaggle,2026-05-09 18:56:51,linkedin_ds_it_vacancies.csv,Full-time,Mid-Senior level,False
AI/ML Engineer (Contract) (Hybrid) – 4313,HIRECLOUT,"Irvine, CA",70.0 - 90.0,linkedin_kaggle,2026-05-09 18:56:51,linkedin_ds_it_vacancies.csv,Full-time,,False
Software Engineer,Horizontal Talent,"Kansas City, MO", - ,linkedin_kaggle,2026-05-09 18:56:51,linkedin_ds_it_vacancies.csv,Contract,Entry level,True
Senior Back-end Software Engineer (Contract) (Hybrid) – 4314,HIRECLOUT,"Irvine, CA",60.0 - 90.0,linkedin_kaggle,2026-05-09 18:56:51,linkedin_ds_it_vacancies.csv,Full-time,,False
Senior Software Engineer - Ethereum and Altcoins,BitGo,"New York, United States", - ,linkedin_kaggle,2026-05-09 18:56:51,linkedin_ds_it_vacancies.csv,Full-time,Mid-Senior level,False
Sr. Analyst-Telecom Analytics,ADT,United States, - ,linkedin_kaggle,2026-05-09 18:56:51,linkedin_ds_it_vacancies.csv,Full-time,,True
C++ Algo Software Engineer - Chicago/New York- Leading Quant-Driven Market-Maker,Jobs via eFinancialCareers,"Chicago, IL", - ,linkedin_kaggle,2026-05-09 18:56:51,linkedin_ds_it_vacancies.csv,Full-time,Entry level,True
Senior Software Engineer - Identity,StrongDM,United States, - ,linkedin_kaggle,2026-05-09 18:56:51,linkedin_ds_it_vacancies.csv,Full-time,Mid-Senior level,True
"Staff Software Engineer, Google Cloud Platforms",Google,"Kirkland, WA", - ,linkedin_kaggle,2026-05-09 18:56:51,linkedin_ds_it_vacancies.csv,Full-time,,False
"Staff Software Engineer, Infrastructure, Search",Google,"Los Angeles, CA",189000.0 - 284000.0,linkedin_kaggle,2026-05-09 18:56:51,linkedin_ds_it_vacancies.csv,Full-time,,False
Lead Software Engineer (Mobile SDK),Skillz,"Las Vegas, NV", - ,linkedin_kaggle,2026-05-09 18:56:51,linkedin_ds_it_vacancies.csv,Full-time,Mid-Senior level,False
"Vendor Manager, Machine Learning Data Operations, gTech",Google,"Atlanta, GA",99000.0 - 145000.0,linkedin_kaggle,2026-05-09 18:56:51,linkedin_ds_it_vacancies.csv,Full-time,,False
Senior Software Engineer (Mobile SDK),Skillz,"Las Vegas, NV", - ,linkedin_kaggle,2026-05-09 18:56:51,linkedin_ds_it_vacancies.csv,Full-time,Mid-Senior level,False
"Senior Software Engineer, Project Starline",Google,"Seattle, WA",161000.0 - 239000.0,linkedin_kaggle,2026-05-09 18:56:51,linkedin_ds_it_vacancies.csv,Full-time,Mid-Senior level,False
Simulations Software Engineer,"Metis Technology Solutions, Inc.","Mountain View, CA", - ,linkedin_kaggle,2026-05-09 18:56:51,linkedin_ds_it_vacancies.csv,Full-time,Entry level,False
"Director, Fraud Analytics",Spectrum,"Overland Park, KS", - ,linkedin_kaggle,2026-05-09 18:56:51,linkedin_ds_it_vacancies.csv,Full-time,Director,False
Data Scientist,Spectrum,"Stamford, CT", - ,linkedin_kaggle,2026-05-09 18:56:51,linkedin_ds_it_vacancies.csv,Full-time,Entry level,False
Software Engineer,Mercor,United States, - ,linkedin_kaggle,2026-05-09 18:56:51,linkedin_ds_it_vacancies.csv,Full-time,,True
AWS Data Analyst,InterEx Group,"Aurora, IL", - ,linkedin_kaggle,2026-05-09 18:56:51,linkedin_ds_it_vacancies.csv,Contract,Mid-Senior level,False
Junior Software Engineer,Rexus Group,Washington DC-Baltimore Area, - ,linkedin_kaggle,2026-05-09 18:56:51,linkedin_ds_it_vacancies.csv,Contract,Associate,False
SQL Developer,Hire SQL,United States, - ,linkedin_kaggle,2026-05-09 18:56:51,linkedin_ds_it_vacancies.csv,Full-time,,True
"Senior Software Engineer (Python, AWS)",Capital One,"New York, NY", - ,linkedin_kaggle,2026-05-09 18:56:51,linkedin_ds_it_vacancies.csv,Full-time,Mid-Senior level,False
Python Developer - Intern,Experis,"Charlotte, NC", - ,linkedin_kaggle,2026-05-09 18:56:51,linkedin_ds_it_vacancies.csv,Contract,Internship,False
Business Intelligence Analyst II,Cox Automotive Inc.,"Austin, TX",77800.0 - 116700.0,linkedin_kaggle,2026-05-09 18:56:51,linkedin_ds_it_vacancies.csv,Full-time,Mid-Senior level,False
"Sr. Analyst, Digital Analytics, LAC",Burger King,"Miami, FL", - ,linkedin_kaggle,2026-05-09 18:56:51,linkedin_ds_it_vacancies.csv,Full-time,Entry level,False
Senior Software Engineer,BridgeCare,United States, - ,linkedin_kaggle,2026-05-09 18:56:51,linkedin_ds_it_vacancies.csv,Full-time,,True
Data Scientist,Valor Equity Partners,"Chicago, IL", - ,linkedin_kaggle,2026-05-09 18:56:51,linkedin_ds_it_vacancies.csv,Full-time,Associate,False
Senior Business Intelligence Analyst,Digital Turbine,"Austin, TX", - ,linkedin_kaggle,2026-05-09 18:56:51,linkedin_ds_it_vacancies.csv,Full-time,Mid-Senior level,False
"Sr. Flight Modeling & Simulation Software Engineers (C/C++, C# | Unreal/Unity Engine)",Akkodis,"Houston, TX",65.0 - 75.0,linkedin_kaggle,2026-05-09 18:56:51,linkedin_ds_it_vacancies.csv,Full-time,Mid-Senior level,False
Data Engineer,American Express,"Phoenix, AZ",85000.0 - 150000.0,linkedin_kaggle,2026-05-09 18:56:51,linkedin_ds_it_vacancies.csv,Full-time,Mid-Senior level,False
Staff Software Engineer,Function Health,United States, - ,linkedin_kaggle,2026-05-09 18:56:51,linkedin_ds_it_vacancies.csv,Full-time,,True
"Manager, Data & Analytics",Zendesk,United States, - ,linkedin_kaggle,2026-05-09 18:56:51,linkedin_ds_it_vacancies.csv,Full-time,,True
Risk Management - Fraud Risk Strategic Analytics - Associate,myGwork - LGBTQ+ Business Community,"Ohio, United States", - ,linkedin_kaggle,2026-05-09 18:56:51,linkedin_ds_it_vacancies.csv,Full-time,Mid-Senior level,False
Data analyst with marketing analytics exp. (1039812),The Judge Group,"San Francisco, CA",50.0 - 56.0,linkedin_kaggle,2026-05-09 18:56:51,linkedin_ds_it_vacancies.csv,Contract,Entry level,False
Junior Fullstack Software Engineer,myGwork - LGBTQ+ Business Community,"New York, United States", - ,linkedin_kaggle,2026-05-09 18:56:51,linkedin_ds_it_vacancies.csv,Full-time,Entry level,False
Data Analyst,Infocepts Inc,"Texas City, TX", - ,linkedin_kaggle,2026-05-09 18:56:51,linkedin_ds_it_vacancies.csv,Full-time,,False
Data Analyst,Не указана,"Etna, OH", - ,linkedin_kaggle,2026-05-09 18:56:51,linkedin_ds_it_vacancies.csv,Part-time,,True
Senior Machine Learning Engineer,Samson Rose,"New York, NY", - ,linkedin_kaggle,2026-05-09 18:56:51,linkedin_ds_it_vacancies.csv,Full-time,Mid-Senior level,False
Software Engineer,Aquent,"Redmond, WA",64.0 - 70.0,linkedin_kaggle,2026-05-09 18:56:51,linkedin_ds_it_vacancies.csv,Contract,Mid-Senior level,True
"Sr. Software Engineer, Integrations (BI) - Hybrid,",Baxter International Inc.,"Bellevue, WA", - ,linkedin_kaggle,2026-05-09 18:56:51,linkedin_ds_it_vacancies.csv,Full-time,Mid-Senior level,False
Python Developer,Planet Technology,United States, - ,linkedin_kaggle,2026-05-09 18:56:51,linkedin_ds_it_vacancies.csv,Contract,,True
Senior Software Engineer,CodeMonk,United States, - ,linkedin_kaggle,2026-05-09 18:56:51,linkedin_ds_it_vacancies.csv,Full-time,Mid-Senior level,True
GCP Data Engineer,EXL,"Hartford, CT", - ,linkedin_kaggle,2026-05-09 18:56:51,linkedin_ds_it_vacancies.csv,Full-time,,False
Senior Data Engineer,enableIT,"Houston, TX", - ,linkedin_kaggle,2026-05-09 18:56:51,linkedin_ds_it_vacancies.csv,Contract,Mid-Senior level,False
Sr Assortment Analytics Analyst,Ulta Beauty,"Bolingbrook, IL", - ,linkedin_kaggle,2026-05-09 18:56:51,linkedin_ds_it_vacancies.csv,Full-time,,False
Data Scientist,Cephas Consultancy Services Private Limited,"California, United States", - ,linkedin_kaggle,2026-05-09 18:56:51,linkedin_ds_it_vacancies.csv,Contract,,True
Data Engineering Manager,Trilogy International,"Charlotte, NC",180000.0 - 220000.0,linkedin_kaggle,2026-05-09 18:56:51,linkedin_ds_it_vacancies.csv,Full-time,Mid-Senior level,False
Principal Software Engineer - ACTT Datalinks (Onsite),Collins Aerospace,"Cedar Rapids, IA", - ,linkedin_kaggle,2026-05-09 18:56:51,linkedin_ds_it_vacancies.csv,Full-time,Mid-Senior level,False
Senior Software Engineer - ACTT Datalinks (Onsite),Collins Aerospace,"Cedar Rapids, IA", - ,linkedin_kaggle,2026-05-09 18:56:51,linkedin_ds_it_vacancies.csv,Full-time,Mid-Senior level,False
Analytics Summer Intern,Harold Grinspoon Foundation,United States, - ,linkedin_kaggle,2026-05-09 18:56:51,linkedin_ds_it_vacancies.csv,Internship,Internship,True
Lead Software Engineer – Pharmacy Core Platform,Publix Super Markets,"Lakeland, FL",129935.0 - 194805.0,linkedin_kaggle,2026-05-09 18:56:51,linkedin_ds_it_vacancies.csv,Full-time,Mid-Senior level,False
Software Engineer - CMS/Web Development,"Truist Insurance Holdings, LLC",Atlanta Metropolitan Area, - ,linkedin_kaggle,2026-05-09 18:56:51,linkedin_ds_it_vacancies.csv,Full-time,Mid-Senior level,False
Senior Data Engineer - Python,Avesta Computer Services,United States, - ,linkedin_kaggle,2026-05-09 18:56:51,linkedin_ds_it_vacancies.csv,Full-time,Mid-Senior level,True
Trading Software Engineer,Goldman Lloyds,"New York, NY",180000.0 - 350000.0,linkedin_kaggle,2026-05-09 18:56:51,linkedin_ds_it_vacancies.csv,Full-time,,False
Senior Digital Analytics Specialist (Technical),"Imagine Staffing Technology, An Imagine Company",Buffalo-Niagara Falls Area, - ,linkedin_kaggle,2026-05-09 18:56:51,linkedin_ds_it_vacancies.csv,Full-time,Mid-Senior level,True
Senior ETL Data Engineer,Avesta Computer Services,United States, - ,linkedin_kaggle,2026-05-09 18:56:51,linkedin_ds_it_vacancies.csv,Full-time,Mid-Senior level,True
Senior Data Engineer,Revature,United States, - ,linkedin_kaggle,2026-05-09 18:56:51,linkedin_ds_it_vacancies.csv,Full-time,Mid-Senior level,True
Data Analyst,Insight Global,United States, - ,linkedin_kaggle,2026-05-09 18:56:51,linkedin_ds_it_vacancies.csv,Contract,Associate,True
"Global Supply & BI Analyst (FL, USA)",AEG FUELS,"Miami, FL", - ,linkedin_kaggle,2026-05-09 18:56:51,linkedin_ds_it_vacancies.csv,Full-time,Mid-Senior level,False
Python Developer,EPITEC,"Illinois, United States",60.0 - 70.0,linkedin_kaggle,2026-05-09 18:56:51,linkedin_ds_it_vacancies.csv,Contract,Mid-Senior level,True
Senior/Lead Data Software Engineer,AgileEngine,United States, - ,linkedin_kaggle,2026-05-09 18:56:51,linkedin_ds_it_vacancies.csv,Full-time,Mid-Senior level,True
Lead Software Engineer,FYI Solutions,"Newark, NJ", - ,linkedin_kaggle,2026-05-09 18:56:51,linkedin_ds_it_vacancies.csv,Contract,Mid-Senior level,False
Oracle PL/SQL Developer,Kastech Software Solutions Group,"Houston, TX", - ,linkedin_kaggle,2026-05-09 18:56:51,linkedin_ds_it_vacancies.csv,Contract,,False
Workday Integration Software Engineer - Remote - Direct Client_JOBID307,"Outcome Logix ( A Tech 50 Finalist company 2022, by Pittsburgh Technology Council )",United States, - ,linkedin_kaggle,2026-05-09 18:56:51,linkedin_ds_it_vacancies.csv,Full-time,Mid-Senior level,True
Senior Software Engineer,"American Farm Bureau Insurance Services, Inc. - AFBIS, Inc.","Fargo, ND", - ,linkedin_kaggle,2026-05-09 18:56:51,linkedin_ds_it_vacancies.csv,Full-time,Mid-Senior level,False
Software Engineer (Local to Michigan),Insight Global,"Warren, MI",38.0 - 58.0,linkedin_kaggle,2026-05-09 18:56:51,linkedin_ds_it_vacancies.csv,Full-time,Associate,False
Senior SQL Developer,"Request Technology, LLC","Tampa, FL", - ,linkedin_kaggle,2026-05-09 18:56:51,linkedin_ds_it_vacancies.csv,Full-time,Mid-Senior level,False
Embedded Software Engineer,ApTask,"Spring, TX", - ,linkedin_kaggle,2026-05-09 18:56:51,linkedin_ds_it_vacancies.csv,Contract,,False
Lead Software Engineer,Selby Jennings,"Boston, MA",140000.0 - 180000.0,linkedin_kaggle,2026-05-09 18:56:51,linkedin_ds_it_vacancies.csv,Full-time,Mid-Senior level,False
Senior Software Engineer,Не указана,New York City Metropolitan Area, - ,linkedin_kaggle,2026-05-09 18:56:51,linkedin_ds_it_vacancies.csv,Full-time,Mid-Senior level,False
Data Analyst,EPITEC,"Jacksonville, FL",30.0 - 45.0,linkedin_kaggle,2026-05-09 18:56:51,linkedin_ds_it_vacancies.csv,Contract,Mid-Senior level,True
"Senior Data Engineer (Azure, Python, SQL)",Selby Jennings,"Boston, MA", - ,linkedin_kaggle,2026-05-09 18:56:51,linkedin_ds_it_vacancies.csv,Full-time,Mid-Senior level,False
Embedded Software Engineer,Ocean Technology inc,United States, - ,linkedin_kaggle,2026-05-09 18:56:51,linkedin_ds_it_vacancies.csv,Contract,,True
Big Data Engineer with AWS (Only W2 Candidates),Xyant Services,"Manhattan, NY", - ,linkedin_kaggle,2026-05-09 18:56:51,linkedin_ds_it_vacancies.csv,Contract,,False
Sr. Software Engineer- Warehousing Modernization,Publix Super Markets,"Lakeland, FL",110435.0 - 165555.0,linkedin_kaggle,2026-05-09 18:56:51,linkedin_ds_it_vacancies.csv,Full-time,Mid-Senior level,False
Income and Withholding Tax Data Analyst,Minnesota Department of Revenue,"Minneapolis, MN",26.64 - 39.06,linkedin_kaggle,2026-05-09 18:56:51,linkedin_ds_it_vacancies.csv,Full-time,Associate,False
Staff Software Engineer,Salesbricks 🧱,United States, - ,linkedin_kaggle,2026-05-09 18:56:51,linkedin_ds_it_vacancies.csv,Full-time,,True
"Manager, Data and Analytics - Supply Chain",PVH Corp.,"New York, NY",105000.0 - 120000.0,linkedin_kaggle,2026-05-09 18:56:51,linkedin_ds_it_vacancies.csv,Full-time,Mid-Senior level,False
Software Engineer -(Development of cloud-based services & Apps)-W2 Contract,Talent Groups,"Federal Heights, CO", - ,linkedin_kaggle,2026-05-09 18:56:51,linkedin_ds_it_vacancies.csv,Contract,Mid-Senior level,False
Principal Software Engineer (Python),Huxley,"Boston, MA",100000.0 - 400000.0,linkedin_kaggle,2026-05-09 18:56:51,linkedin_ds_it_vacancies.csv,Full-time,Mid-Senior level,False
Senior Business Intelligence Analyst ,Alter Behavioral Health,"Dana Point, CA",125000.0 - 150000.0,linkedin_kaggle,2026-05-09 18:56:51,linkedin_ds_it_vacancies.csv,Full-time,Mid-Senior level,False
Python Developer,Net2Source Inc.,"Denver, CO",60.0 - 63.0,linkedin_kaggle,2026-05-09 18:56:51,linkedin_ds_it_vacancies.csv,Contract,Mid-Senior level,False
Senior Manager Analytics,Forsyth Barnes,"Boston, MA", - ,linkedin_kaggle,2026-05-09 18:56:51,linkedin_ds_it_vacancies.csv,Full-time,Mid-Senior level,False
"Architect, Machine Learning, Field CTO",Snowflake,"Atlanta, GA",128000.0 - 173200.0,linkedin_kaggle,2026-05-09 18:56:51,linkedin_ds_it_vacancies.csv,Full-time,Mid-Senior level,False
Associate Software Engineer/Software Engineer-AITS,University of Illinois Urbana-Champaign,"Urbana, IL", - ,linkedin_kaggle,2026-05-09 18:56:51,linkedin_ds_it_vacancies.csv,Full-time,Entry level,False
Sales Data Analyst/Consultant,Athene,"West Des Moines, IA", - ,linkedin_kaggle,2026-05-09 18:56:51,linkedin_ds_it_vacancies.csv,Full-time,Entry level,False
Director of Business Intelligence,AccruePartners,"Charlotte, NC", - ,linkedin_kaggle,2026-05-09 18:56:51,linkedin_ds_it_vacancies.csv,Full-time,Director,False
"Sr. Associate, Revenue Cycle Analytics",Oak Street Health,"Chicago, IL", - ,linkedin_kaggle,2026-05-09 18:56:51,linkedin_ds_it_vacancies.csv,Full-time,Mid-Senior level,False
Business Data Analyst – Foreign Exchange,Silicon Valley Bank,"Raleigh, NC", - ,linkedin_kaggle,2026-05-09 18:56:51,linkedin_ds_it_vacancies.csv,Full-time,,False
"Senior Data Engineer (Java, Spring boot, AWS)",Fidelity Investments,"Westlake, TX", - ,linkedin_kaggle,2026-05-09 18:56:51,linkedin_ds_it_vacancies.csv,Full-time,,False
Senior Software Engineer Test,Fidelity Investments,"Westlake, TX", - ,linkedin_kaggle,2026-05-09 18:56:51,linkedin_ds_it_vacancies.csv,Full-time,,False
Data Scientist or Senior,Progressive Insurance,United States,70100.0 - 113200.0,linkedin_kaggle,2026-05-09 18:56:51,linkedin_ds_it_vacancies.csv,Full-time,,True
Sr. Data Engineer,Lovesac,"Stamford, CT",110000.0 - 140000.0,linkedin_kaggle,2026-05-09 18:56:51,linkedin_ds_it_vacancies.csv,Full-time,Mid-Senior level,True
Analyst - Advanced Analytics,Ally,"Plano, TX", - ,linkedin_kaggle,2026-05-09 18:56:51,linkedin_ds_it_vacancies.csv,Full-time,Mid-Senior level,False
"Senior Software Engineer, Web Video/Audio Products & Services",Adobe,"San Francisco, CA", - ,linkedin_kaggle,2026-05-09 18:56:51,linkedin_ds_it_vacancies.csv,Full-time,Mid-Senior level,False
Principal AI/ML Data Scientist,Cisco ThousandEyes,"San Francisco, CA",173400.0 - 322100.0,linkedin_kaggle,2026-05-09 18:56:51,linkedin_ds_it_vacancies.csv,Full-time,Mid-Senior level,False
"Senior Software Engineer, Web Audio Products & Services",Adobe,"San Francisco, CA", - ,linkedin_kaggle,2026-05-09 18:56:51,linkedin_ds_it_vacancies.csv,Full-time,Mid-Senior level,False
Senior Software Engineer,Adobe,"San Jose, CA",173300.0 - 312200.0,linkedin_kaggle,2026-05-09 18:56:51,linkedin_ds_it_vacancies.csv,Full-time,Mid-Senior level,False
"Senior Software Engineer, Applied AI/ML, Audio/Video",Adobe,"New York, NY", - ,linkedin_kaggle,2026-05-09 18:56:51,linkedin_ds_it_vacancies.csv,Full-time,Mid-Senior level,False
Machine Learning Engineer,Jobot,"Springfield, VA",150000.0 - 185000.0,linkedin_kaggle,2026-05-09 18:56:51,linkedin_ds_it_vacancies.csv,Full-time,Entry level,False
Machine Learning Engineer,InSpace Proximity,United States, - ,linkedin_kaggle,2026-05-09 18:56:51,linkedin_ds_it_vacancies.csv,Full-time,,True
Data Engineering Analyst,Horizontal Talent,"Denver, CO", - ,linkedin_kaggle,2026-05-09 18:56:51,linkedin_ds_it_vacancies.csv,Contract,Entry level,False
"IT Project Manager, Enterprise Analytics (87454BR)",Yale University,"New Haven, CT", - ,linkedin_kaggle,2026-05-09 18:56:51,linkedin_ds_it_vacancies.csv,Full-time,Mid-Senior level,False
Senior Data Engineer,OP Labs,United States, - ,linkedin_kaggle,2026-05-09 18:56:51,linkedin_ds_it_vacancies.csv,Full-time,Mid-Senior level,True
Oracle PL/SQL Developer (On-site from Day One),Kyra Solutions,"Tallahassee, FL", - ,linkedin_kaggle,2026-05-09 18:56:51,linkedin_ds_it_vacancies.csv,Contract,Mid-Senior level,False
Software Engineer,Omega Holdings,"Irving, TX", - ,linkedin_kaggle,2026-05-09 18:56:51,linkedin_ds_it_vacancies.csv,Full-time,Associate,False
Tech Lead\/Software Engineer III - Job ID: 552,Kapitus,"New York, NY", - ,linkedin_kaggle,2026-05-09 18:56:51,linkedin_ds_it_vacancies.csv,Full-time,Entry level,True
Data Engineer II - NBC Sports Next,NBC Sports Next,"Orlando, FL", - ,linkedin_kaggle,2026-05-09 18:56:51,linkedin_ds_it_vacancies.csv,Full-time,Associate,False
Senior Business Intelligence Analyst,Quantum Health,"Dublin, OH", - ,linkedin_kaggle,2026-05-09 18:56:51,linkedin_ds_it_vacancies.csv,Full-time,Mid-Senior level,False
"ML Engineer L5, LLM Application Frameworks, Machine Learning Platform",Netflix,"Los Gatos, CA",100000.0 - 720000.0,linkedin_kaggle,2026-05-09 18:56:51,linkedin_ds_it_vacancies.csv,Full-time,,False
Data Science/Data Engineering Intern,Trimble Inc.,"Minnetonka, MN", - ,linkedin_kaggle,2026-05-09 18:56:51,linkedin_ds_it_vacancies.csv,Internship,Mid-Senior level,False
iOS Software Engineer 4 - Consumer Engineering,Netflix,United States,100000.0 - 700000.0,linkedin_kaggle,2026-05-09 18:56:51,linkedin_ds_it_vacancies.csv,Full-time,,True
Junior Data Scientist - Python /Modeling,Expert Technical Solutions,"Atlanta, GA", - ,linkedin_kaggle,2026-05-09 18:56:51,linkedin_ds_it_vacancies.csv,Full-time,Entry level,False
"Director, Software Engineering",FloQast,"Baltimore, MD",205000.0 - 275000.0,linkedin_kaggle,2026-05-09 18:56:51,linkedin_ds_it_vacancies.csv,Full-time,Director,True
Senior Staff Software Engineer,Kinetic,"Santa Ana, CA", - ,linkedin_kaggle,2026-05-09 18:56:51,linkedin_ds_it_vacancies.csv,Full-time,Director,False
Senior Staff Data Scientist (Remote),Vericast,"Austin, TX",160000.0 - 175000.0,linkedin_kaggle,2026-05-09 18:56:51,linkedin_ds_it_vacancies.csv,Full-time,Mid-Senior level,True
SC Resilience Business & Analytics Lead,Johnson & Johnson,"Palm Springs, CA", - ,linkedin_kaggle,2026-05-09 18:56:51,linkedin_ds_it_vacancies.csv,Full-time,,False
Software Engineering Manager - Support Equipment,Boeing,"St Charles, MO", - ,linkedin_kaggle,2026-05-09 18:56:51,linkedin_ds_it_vacancies.csv,Full-time,,False
Office/Administration - Data Analyst Lv3 #: 24-02340,HireTalent - Diversity Staffing & Recruiting Firm,"Wayzata, MN", - ,linkedin_kaggle,2026-05-09 18:56:51,linkedin_ds_it_vacancies.csv,Contract,Mid-Senior level,False
Domo Data Analyst (REMOTE),Talentify.io,United States, - ,linkedin_kaggle,2026-05-09 18:56:51,linkedin_ds_it_vacancies.csv,Full-time,Entry level,True
Data Analyst,Mindlance,"Austin, TX",40.0 - 46.0,linkedin_kaggle,2026-05-09 18:56:51,linkedin_ds_it_vacancies.csv,Contract,Mid-Senior level,False
Assistant Teaching Professor in Business Information & Analytics,University of Denver,"Denver, CO",65000.0 - 75000.0,linkedin_kaggle,2026-05-09 18:56:51,linkedin_ds_it_vacancies.csv,Full-time,Entry level,False
Senior Software Engineer,Complete Staffing Solutions,"Palo Alto, CA",92000.0 - 92000.0,linkedin_kaggle,2026-05-09 18:56:51,linkedin_ds_it_vacancies.csv,Full-time,Mid-Senior level,False
Planning Analytics Manager,Vertisystem,United States, - ,linkedin_kaggle,2026-05-09 18:56:51,linkedin_ds_it_vacancies.csv,Contract,Mid-Senior level,True
Data Engineer,The Hawk Group,"Anchorage, AK", - ,linkedin_kaggle,2026-05-09 18:56:51,linkedin_ds_it_vacancies.csv,Full-time,Mid-Senior level,False
Senior Analyst IT Business Analytics Retail Marketing,Ashley Furniture Industries,"Tampa, FL", - ,linkedin_kaggle,2026-05-09 18:56:51,linkedin_ds_it_vacancies.csv,Full-time,Mid-Senior level,False
Software Engineer - Senior,HTC Global Services,"Dearborn, MI", - ,linkedin_kaggle,2026-05-09 18:56:51,linkedin_ds_it_vacancies.csv,Full-time,Mid-Senior level,False
"Software Engineer, Full Stack - Agents",Adept,San Francisco Bay Area,175000.0 - 350000.0,linkedin_kaggle,2026-05-09 18:56:51,linkedin_ds_it_vacancies.csv,Full-time,Mid-Senior level,False
"Software Engineer, Full Stack - Product",Adept,San Francisco Bay Area,175000.0 - 350000.0,linkedin_kaggle,2026-05-09 18:56:51,linkedin_ds_it_vacancies.csv,Full-time,Mid-Senior level,False
"Manager, Geospatial Data Analytics Program Development - Albuquerque (Onsite)",Sandia National Laboratories,"Albuquerque, NM", - ,linkedin_kaggle,2026-05-09 18:56:51,linkedin_ds_it_vacancies.csv,Full-time,,False
Volunteer: Data Engineer,VolunteerMatch,"Spokane, WA", - ,linkedin_kaggle,2026-05-09 18:56:51,linkedin_ds_it_vacancies.csv,Volunteer,Associate,False
Volunteer: Data Scientist,VolunteerMatch,"Spokane, WA", - ,linkedin_kaggle,2026-05-09 18:56:51,linkedin_ds_it_vacancies.csv,Volunteer,Associate,False
Data Scientist - Clearance Required with Security Clearance,ClearanceJobs,"Quantico, VA", - ,linkedin_kaggle,2026-05-09 18:56:51,linkedin_ds_it_vacancies.csv,Full-time,Entry level,False
Governance and Analytics Sr. Analyst,Comerica Bank,"Auburn Hills, MI", - ,linkedin_kaggle,2026-05-09 18:56:51,linkedin_ds_it_vacancies.csv,Full-time,Mid-Senior level,False
Senior Software Engineer - Platform,Rippling,"San Francisco, CA",135000.0 - 236250.0,linkedin_kaggle,2026-05-09 18:56:51,linkedin_ds_it_vacancies.csv,Full-time,Mid-Senior level,False
Trader - Data Scientist,"CPS, Inc.","Chicago, IL", - ,linkedin_kaggle,2026-05-09 18:56:51,linkedin_ds_it_vacancies.csv,Full-time,Mid-Senior level,False
"Analyst/Sr Analyst, Contact Center - Analytics",American Airlines,"Dallas, TX", - ,linkedin_kaggle,2026-05-09 18:56:51,linkedin_ds_it_vacancies.csv,Full-time,,False
Intern Analytics Summer 2024 | Virtual,FORVIS,United States, - ,linkedin_kaggle,2026-05-09 18:56:51,linkedin_ds_it_vacancies.csv,Internship,,True
"Manager, Merchandise Analytics",Circle K,"Tempe, AZ", - ,linkedin_kaggle,2026-05-09 18:56:51,linkedin_ds_it_vacancies.csv,Full-time,Mid-Senior level,False
Senior Lead Independent Testing Officer - Customer Remediation Analytics & Data Testing,Wells Fargo,"Tempe, AZ", - ,linkedin_kaggle,2026-05-09 18:56:51,linkedin_ds_it_vacancies.csv,Full-time,Mid-Senior level,False
"Senior Analyst, Supply Chain Analytics",Nestlé,"Solon, OH", - ,linkedin_kaggle,2026-05-09 18:56:51,linkedin_ds_it_vacancies.csv,Full-time,Associate,False
Software Engineer,Pluralsight,United States, - ,linkedin_kaggle,2026-05-09 18:56:51,linkedin_ds_it_vacancies.csv,Full-time,Entry level,True
Sr Analyst HR Systems & Analytics,Webster Bank,"White Plains, NY",80000.0 - 100000.0,linkedin_kaggle,2026-05-09 18:56:51,linkedin_ds_it_vacancies.csv,Full-time,,False
"Managing Director, Financial Analytics",Webster Bank,"Waterbury, CT",160000.0 - 180000.0,linkedin_kaggle,2026-05-09 18:56:51,linkedin_ds_it_vacancies.csv,Full-time,,False
Senior Software Engineer (Clojure),Litera,United States, - ,linkedin_kaggle,2026-05-09 18:56:51,linkedin_ds_it_vacancies.csv,Full-time,Mid-Senior level,True
"Lead Java Software Engineer, Remote",Allstate,United States,84500.0 - 149750.0,linkedin_kaggle,2026-05-09 18:56:51,linkedin_ds_it_vacancies.csv,Full-time,,True
"Software Engineer, Machine Learning","Niantic, Inc.","Sunnyvale, CA",174000.0 - 194000.0,linkedin_kaggle,2026-05-09 18:56:51,linkedin_ds_it_vacancies.csv,Full-time,Entry level,False
Manager People Data & Analytics ,AngloGold Ashanti,"Denver, CO",140000.0 - 160000.0,linkedin_kaggle,2026-05-09 18:56:51,linkedin_ds_it_vacancies.csv,Full-time,Mid-Senior level,False
Program Director Value-Based Care Analytics,PeaceHealth,"Vancouver, WA",58.88 - 88.32,linkedin_kaggle,2026-05-09 18:56:51,linkedin_ds_it_vacancies.csv,Full-time,Director,False
Data Analytics Lead,Gartner,"Fort Myers, FL",88000.0 - 115920.0,linkedin_kaggle,2026-05-09 18:56:51,linkedin_ds_it_vacancies.csv,Full-time,,False
Senior Machine Learning Engineer,Creative Financial Staffing (CFS),"Madison, WI",120000.0 - 160000.0,linkedin_kaggle,2026-05-09 18:56:51,linkedin_ds_it_vacancies.csv,Full-time,Mid-Senior level,False
Software Engineer (Mobile SDK),Skillz,"Las Vegas, NV", - ,linkedin_kaggle,2026-05-09 18:56:51,linkedin_ds_it_vacancies.csv,Full-time,Entry level,False
Software Engineering Manager,GE HealthCare,"Seattle, WA", - ,linkedin_kaggle,2026-05-09 18:56:51,linkedin_ds_it_vacancies.csv,Full-time,Mid-Senior level,False
Business Analysis Manager | Incentives Modeling & Analytics,T-Mobile,"Bellevue, WA",101200.0 - 137000.0,linkedin_kaggle,2026-05-09 18:56:51,linkedin_ds_it_vacancies.csv,Full-time,Mid-Senior level,False
"Director, Decision Science Analytics – Personal Lines Product Intelligence",USAA,"Tampa, FL", - ,linkedin_kaggle,2026-05-09 18:56:51,linkedin_ds_it_vacancies.csv,Full-time,Director,False
Software Engineer (Microsoft Dynamics 365),Ecolab,"St Paul, MN", - ,linkedin_kaggle,2026-05-09 18:56:51,linkedin_ds_it_vacancies.csv,Full-time,Entry level,False
"Fullstack Software Engineer, Sales Engineering",Tesla,"Palo Alto, CA", - ,linkedin_kaggle,2026-05-09 18:56:51,linkedin_ds_it_vacancies.csv,Full-time,Entry level,False
Experienced Software Engineer (Salesforce),Principal Financial Group,"Des Moines, IA", - ,linkedin_kaggle,2026-05-09 18:56:51,linkedin_ds_it_vacancies.csv,Full-time,Mid-Senior level,True
Data Analyst 3,"Elegant Enterprise-Wide Solutions, Inc.","Chesterfield, VA", - ,linkedin_kaggle,2026-05-09 18:56:51,linkedin_ds_it_vacancies.csv,Contract,Mid-Senior level,False
"Mission Operations, Software Engineer",EVONA,"Santa Clara, CA",120000.0 - 170000.0,linkedin_kaggle,2026-05-09 18:56:51,linkedin_ds_it_vacancies.csv,Full-time,Mid-Senior level,False
"Software Engineer, Data Infrastructure at D. E. Shaw Research",D. E. Shaw Research,"New York, United States",230000.0 - 550000.0,linkedin_kaggle,2026-05-09 18:56:51,linkedin_ds_it_vacancies.csv,Full-time,Entry level,False
Senior Data Scientist,Signify Technology,United States,190000.0 - 250000.0,linkedin_kaggle,2026-05-09 18:56:51,linkedin_ds_it_vacancies.csv,Full-time,Mid-Senior level,True
Software Engineer,TEKsystems,"Milwaukee, WI", - ,linkedin_kaggle,2026-05-09 18:56:51,linkedin_ds_it_vacancies.csv,Full-time,Entry level,False
"EverCommerce - Vice President, Data & Analytics, Remote (US/CAN)",EverCommerce,"Denver, CO",225000.0 - 285000.0,linkedin_kaggle,2026-05-09 18:56:51,linkedin_ds_it_vacancies.csv,Full-time,Executive,True
"Software Engineer 1, Backend",Procore Technologies,"Austin, TX",112320.0 - 154440.0,linkedin_kaggle,2026-05-09 18:56:51,linkedin_ds_it_vacancies.csv,Full-time,Entry level,False
Software Engineer,SimplyApply,"Warwick, RI", - ,linkedin_kaggle,2026-05-09 18:56:51,linkedin_ds_it_vacancies.csv,Full-time,Entry level,True
Senior Software Engineer,Execufy,United States, - ,linkedin_kaggle,2026-05-09 18:56:51,linkedin_ds_it_vacancies.csv,Contract,,True
Data Engineer II,Не указана,"New York, NY",80000.0 - 120000.0,linkedin_kaggle,2026-05-09 18:56:51,linkedin_ds_it_vacancies.csv,Full-time,,False
Software Engineer III,Actalent,"San Diego, CA", - ,linkedin_kaggle,2026-05-09 18:56:51,linkedin_ds_it_vacancies.csv,Contract,Mid-Senior level,False
AI Software Engineer,Artisan AI (YC W24),"New York, United States", - ,linkedin_kaggle,2026-05-09 18:56:51,linkedin_ds_it_vacancies.csv,Full-time,,True
Data Analyst,Lemon Tek,United States, - ,linkedin_kaggle,2026-05-09 18:56:51,linkedin_ds_it_vacancies.csv,Full-time,,True
Software Engineer,Dice,"East Norwich, NY",85000.0 - 140000.0,linkedin_kaggle,2026-05-09 18:56:51,linkedin_ds_it_vacancies.csv,Full-time,Entry level,False
Senior Software Engineer,Jobot,"Philadelphia, PA",140000.0 - 200000.0,linkedin_kaggle,2026-05-09 18:56:51,linkedin_ds_it_vacancies.csv,Full-time,Mid-Senior level,True
Transportation Data Scientist,Jacobs,"Austin, TX", - ,linkedin_kaggle,2026-05-09 18:56:51,linkedin_ds_it_vacancies.csv,Full-time,,False
Software Engineer Level 2- TS/SCI with Poly required,Jacobs,"Hanover, MD", - ,linkedin_kaggle,2026-05-09 18:56:51,linkedin_ds_it_vacancies.csv,Full-time,,False
Data Engineer,Aurum Search Limited,New York City Metropolitan Area,100000.0 - 200000.0,linkedin_kaggle,2026-05-09 18:56:51,linkedin_ds_it_vacancies.csv,Full-time,Mid-Senior level,False
Sr Data Scientist,The Walt Disney Company,"Lake Buena Vista, FL", - ,linkedin_kaggle,2026-05-09 18:56:51,linkedin_ds_it_vacancies.csv,Full-time,Mid-Senior level,False
"Lead Software Engineer, Frontend",The Walt Disney Company,"Glendale, CA",149300.0 - 200200.0,linkedin_kaggle,2026-05-09 18:56:51,linkedin_ds_it_vacancies.csv,Full-time,Mid-Senior level,False
Software Engineer II,The Walt Disney Company,"Burbank, CA",107256.0 - 165440.0,linkedin_kaggle,2026-05-09 18:56:51,linkedin_ds_it_vacancies.csv,Full-time,Mid-Senior level,False
Machine Learning Engineer,Stat Duck,United States, - ,linkedin_kaggle,2026-05-09 18:56:51,linkedin_ds_it_vacancies.csv,Internship,,True
Flight Software Engineer,EVONA,"Long Beach, CA",130000.0 - 250000.0,linkedin_kaggle,2026-05-09 18:56:51,linkedin_ds_it_vacancies.csv,Full-time,Mid-Senior level,False
Embedded Software Engineer,EVONA,"Long Beach, CA",130000.0 - 250000.0,linkedin_kaggle,2026-05-09 18:56:51,linkedin_ds_it_vacancies.csv,Full-time,Mid-Senior level,False
Software Engineer,EVONA,"Long Beach, CA",130000.0 - 250000.0,linkedin_kaggle,2026-05-09 18:56:51,linkedin_ds_it_vacancies.csv,Full-time,Mid-Senior level,False
Software Engineer,"Ideal Innovations, Inc.","Aberdeen Proving Ground, MD", - ,linkedin_kaggle,2026-05-09 18:56:51,linkedin_ds_it_vacancies.csv,Full-time,Associate,False
"Business Intelligence Engineer I, Global Logistics",Amazon,"Austin, TX",65800.0 - 165600.0,linkedin_kaggle,2026-05-09 18:56:51,linkedin_ds_it_vacancies.csv,Full-time,,False
"Data Engineering Manager, Defensive Security",Amazon,"Seattle, WA",136000.0 - 264500.0,linkedin_kaggle,2026-05-09 18:56:51,linkedin_ds_it_vacancies.csv,Full-time,Mid-Senior level,False
Software Engineering Manager,CRM Technical Staffing,United States,135000.0 - 150000.0,linkedin_kaggle,2026-05-09 18:56:51,linkedin_ds_it_vacancies.csv,Full-time,Mid-Senior level,True
Manager Software Engineering,Leonardo DRS,"Melbourne, FL", - ,linkedin_kaggle,2026-05-09 18:56:51,linkedin_ds_it_vacancies.csv,Full-time,Mid-Senior level,False
Business Intelligence Engineer,Не указана,"Franklin, TN", - ,linkedin_kaggle,2026-05-09 18:56:51,linkedin_ds_it_vacancies.csv,Full-time,Entry level,False
Python Developer - W2 Contract ,Mastech Digital,"Pennington, NJ", - ,linkedin_kaggle,2026-05-09 18:56:51,linkedin_ds_it_vacancies.csv,Contract,Mid-Senior level,False
MS Power Apps/Dynamics Software Engineer,Honeycomb Software,"Houston, TX", - ,linkedin_kaggle,2026-05-09 18:56:51,linkedin_ds_it_vacancies.csv,Full-time,,False
Java Software Engineer,Hirexa Solutions,"Dearborn, MI", - ,linkedin_kaggle,2026-05-09 18:56:51,linkedin_ds_it_vacancies.csv,Full-time,,False
Data Engineer,TechDoQuest,"Los Angeles, CA", - ,linkedin_kaggle,2026-05-09 18:56:51,linkedin_ds_it_vacancies.csv,Full-time,,False
IS Business Intelligence Developer,Ochsner Health,"New Orleans, LA", - ,linkedin_kaggle,2026-05-09 18:56:51,linkedin_ds_it_vacancies.csv,Full-time,Mid-Senior level,False
Data Engineer - All Levels,FedEx Dataworks,United States,6317.0 - 15477.0,linkedin_kaggle,2026-05-09 18:56:51,linkedin_ds_it_vacancies.csv,Full-time,,True
"Sr. Staff Software Engineer, Back End",Fanatics,United States, - ,linkedin_kaggle,2026-05-09 18:56:51,linkedin_ds_it_vacancies.csv,Full-time,Mid-Senior level,True
Embedded Software Engineer,Actalent,"Houston, TX", - ,linkedin_kaggle,2026-05-09 18:56:51,linkedin_ds_it_vacancies.csv,Full-time,Entry level,False
Senior Embedded Software Engineer,Actalent,"Raleigh, NC", - ,linkedin_kaggle,2026-05-09 18:56:51,linkedin_ds_it_vacancies.csv,Full-time,Mid-Senior level,False
Software Engineer,Actalent,"Dallas, TX", - ,linkedin_kaggle,2026-05-09 18:56:51,linkedin_ds_it_vacancies.csv,Full-time,Entry level,False
Data Analyst,KACE Company,"Washington, DC", - ,linkedin_kaggle,2026-05-09 18:56:51,linkedin_ds_it_vacancies.csv,Full-time,Entry level,False
Data Scientist - TS/SCI Hybrid,Dice,"Bethesda, MD",130000.0 - 218000.0,linkedin_kaggle,2026-05-09 18:56:51,linkedin_ds_it_vacancies.csv,Full-time,Entry level,True
Sr. Staff Software Engineer,Zscaler,"San Jose, CA",147000.0 - 210000.0,linkedin_kaggle,2026-05-09 18:56:51,linkedin_ds_it_vacancies.csv,Full-time,Mid-Senior level,False
iO Data Scientist,Ochsner Health,"New Orleans, LA", - ,linkedin_kaggle,2026-05-09 18:56:51,linkedin_ds_it_vacancies.csv,Full-time,Entry level,False
Staff Machine Learning Engineer,Workiva,United States,120000.0 - 204000.0,linkedin_kaggle,2026-05-09 18:56:51,linkedin_ds_it_vacancies.csv,Full-time,Mid-Senior level,True
Business Analytics Associate,Landing Point,"New York, NY", - ,linkedin_kaggle,2026-05-09 18:56:51,linkedin_ds_it_vacancies.csv,Full-time,Associate,False
Principal Software Engineer- Homebase,NMDP,"Minneapolis, MN", - ,linkedin_kaggle,2026-05-09 18:56:51,linkedin_ds_it_vacancies.csv,Full-time,Mid-Senior level,False
Software Engineer III - (REMOTE),AMH,"Las Vegas, NV",131631.0 - 169847.0,linkedin_kaggle,2026-05-09 18:56:51,linkedin_ds_it_vacancies.csv,Full-time,Mid-Senior level,True
Senior Machine Learning Scientist,Salesforce,New York City Metropolitan Area, - ,linkedin_kaggle,2026-05-09 18:56:51,linkedin_ds_it_vacancies.csv,Full-time,,False
"Senior Associate, Media Analytics - Remote",Merkle,"Columbia, MD",68000.0 - 110400.0,linkedin_kaggle,2026-05-09 18:56:51,linkedin_ds_it_vacancies.csv,Full-time,,True
Software Engineer V,BCforward,"Menlo Park, CA", - ,linkedin_kaggle,2026-05-09 18:56:51,linkedin_ds_it_vacancies.csv,Contract,Mid-Senior level,True
"Data Analyst, Energy Efficiency (Hybrid)",Eversource Energy,"Berlin, CT",86000.0 - 96000.0,linkedin_kaggle,2026-05-09 18:56:51,linkedin_ds_it_vacancies.csv,Full-time,Entry level,False
Data Analytics Engineer,Moody's Corporation,"Charlotte, NC",94800.0 - 137400.0,linkedin_kaggle,2026-05-09 18:56:51,linkedin_ds_it_vacancies.csv,Full-time,,False
HR Workday Workday Reporting & Analytics Architect (REMOTE),Stryker,"Leesburg, VA", - ,linkedin_kaggle,2026-05-09 18:56:51,linkedin_ds_it_vacancies.csv,Full-time,,True
"Manager, Supply Chain Analytics and Reporting",AutoZone,"Memphis, TN", - ,linkedin_kaggle,2026-05-09 18:56:51,linkedin_ds_it_vacancies.csv,Full-time,,False
Lead Software Engineer,breef,Denver Metropolitan Area,110000.0 - 140000.0,linkedin_kaggle,2026-05-09 18:56:51,linkedin_ds_it_vacancies.csv,Full-time,Mid-Senior level,False
"Staff Software Engineer, Backend (Software Delivery)",Procore Technologies,"Austin, TX",158680.0 - 218185.0,linkedin_kaggle,2026-05-09 18:56:51,linkedin_ds_it_vacancies.csv,Full-time,Mid-Senior level,False
RAN Performance & Data Analytics Engineer,JMA Wireless,"Syracuse, NY",80000.0 - 95000.0,linkedin_kaggle,2026-05-09 18:56:51,linkedin_ds_it_vacancies.csv,Full-time,Entry level,False
"Software Engineer, Infrastructure (Release Engineering)",Benchling,"San Francisco, CA",134385.0 - 181815.0,linkedin_kaggle,2026-05-09 18:56:51,linkedin_ds_it_vacancies.csv,Full-time,Entry level,False
"Senior Software Engineer, Customer Experience",Included Health,United States,130200.0 - 232400.0,linkedin_kaggle,2026-05-09 18:56:51,linkedin_ds_it_vacancies.csv,Full-time,Mid-Senior level,True
Analytics Specialist,Creative Circle,"San Francisco, CA",46.0 - 52.0,linkedin_kaggle,2026-05-09 18:56:51,linkedin_ds_it_vacancies.csv,Contract,Entry level,False
Data Engineer - USDS,TikTok,"Los Angeles, CA",108300.0 - 168800.0,linkedin_kaggle,2026-05-09 18:56:51,linkedin_ds_it_vacancies.csv,Full-time,,False
Software Engineering Manager - Colocation,Meta,"New York, NY",177000.0 - 251000.0,linkedin_kaggle,2026-05-09 18:56:51,linkedin_ds_it_vacancies.csv,Full-time,,False
"Staff Data Scientist, SSP.",InMobi,"San Mateo, CA",168630.0 - 240901.0,linkedin_kaggle,2026-05-09 18:56:51,linkedin_ds_it_vacancies.csv,Full-time,,False
Business Intelligence Specialist,Allied OneSource,"Chattanooga, TN", - ,linkedin_kaggle,2026-05-09 18:56:51,linkedin_ds_it_vacancies.csv,Contract,Entry level,True
Principal Data Engineer,Aeva,"Mountain View, CA",208000.0 - 282000.0,linkedin_kaggle,2026-05-09 18:56:51,linkedin_ds_it_vacancies.csv,Full-time,Mid-Senior level,False
"Software Engineer, Quality tools",Grammarly,"San Francisco, CA",148000.0 - 255000.0,linkedin_kaggle,2026-05-09 18:56:51,linkedin_ds_it_vacancies.csv,Full-time,Mid-Senior level,False
Data Analyst,International Paper,"Cedar Rapids, IA", - ,linkedin_kaggle,2026-05-09 18:56:51,linkedin_ds_it_vacancies.csv,Full-time,,False
"Senior Software Engineer, AI Developer Tools - Cloud Software",NVIDIA,United States,180000.0 - 339250.0,linkedin_kaggle,2026-05-09 18:56:51,linkedin_ds_it_vacancies.csv,Full-time,Mid-Senior level,True
"Software Engineer II, Backend (Disclosures)",Affirm,"Dallas, TX",105300.0 - 157900.0,linkedin_kaggle,2026-05-09 18:56:51,linkedin_ds_it_vacancies.csv,Full-time,Mid-Senior level,True
Vice President of Data Engineering,Sourcechange,United States,400000.0 - 600000.0,linkedin_kaggle,2026-05-09 18:56:51,linkedin_ds_it_vacancies.csv,Full-time,,True
"Software Engineer II, iOS",DoorDash,"San Francisco, CA",140100.0 - 210100.0,linkedin_kaggle,2026-05-09 18:56:51,linkedin_ds_it_vacancies.csv,Full-time,Entry level,False
"Director, Software Engineering- AD Tech- REMOTE",FreeWheel,"Pennsylvania, United States", - ,linkedin_kaggle,2026-05-09 18:56:51,linkedin_ds_it_vacancies.csv,Full-time,,True
"Principal Data Engineer, Analytics Engineering",Talent Job Seeker,United States,180700.0 - 250000.0,linkedin_kaggle,2026-05-09 18:56:51,linkedin_ds_it_vacancies.csv,Full-time,Mid-Senior level,True
"Data Analyst, Contact Center Analytics (Flex Home/Office)",Homesite Insurance,Denver Metropolitan Area, - ,linkedin_kaggle,2026-05-09 18:56:51,linkedin_ds_it_vacancies.csv,Full-time,Entry level,False
Front-Office Python Developer,Radley James,"New York, NY", - ,linkedin_kaggle,2026-05-09 18:56:51,linkedin_ds_it_vacancies.csv,Full-time,Associate,False
Data Scientist Intern,S&P Global,"New York, NY", - ,linkedin_kaggle,2026-05-09 18:56:51,linkedin_ds_it_vacancies.csv,Full-time,,False
Staff Software Engineer - UI,Harness,"Mountain View, CA",180000.0 - 226000.0,linkedin_kaggle,2026-05-09 18:56:51,linkedin_ds_it_vacancies.csv,Full-time,Mid-Senior level,False
Staff Data Scientist,Recursion,"Salt Lake City, UT", - ,linkedin_kaggle,2026-05-09 18:56:51,linkedin_ds_it_vacancies.csv,Full-time,Entry level,False
Senior Data Scientist,Recursion,"Salt Lake City, UT", - ,linkedin_kaggle,2026-05-09 18:56:51,linkedin_ds_it_vacancies.csv,Full-time,Mid-Senior level,False
Wireless Embedded Software Engineer,Edison Smart,"Irvine, CA",150000.0 - 200000.0,linkedin_kaggle,2026-05-09 18:56:51,linkedin_ds_it_vacancies.csv,Full-time,Mid-Senior level,False
Sr. Analytics Engineer,Bamboo Health,United States, - ,linkedin_kaggle,2026-05-09 18:56:51,linkedin_ds_it_vacancies.csv,Full-time,Mid-Senior level,True
Senior Software Engineer - Remote,Talentify.io,United States, - ,linkedin_kaggle,2026-05-09 18:56:51,linkedin_ds_it_vacancies.csv,Full-time,Mid-Senior level,True
Senior Systems Software Engineer-REMOTE,Talentify.io,United States, - ,linkedin_kaggle,2026-05-09 18:56:51,linkedin_ds_it_vacancies.csv,Full-time,Mid-Senior level,True
Remote Data Analyst,Talentify.io,United States, - ,linkedin_kaggle,2026-05-09 18:56:51,linkedin_ds_it_vacancies.csv,Full-time,Entry level,True
"Analyst, Network Strategy, Pricing & Analytics - REMOTE",Talentify.io,United States, - ,linkedin_kaggle,2026-05-09 18:56:51,linkedin_ds_it_vacancies.csv,Full-time,Entry level,True
Data Analyst -AITS (Hybrid/Remote),Talentify.io,United States, - ,linkedin_kaggle,2026-05-09 18:56:51,linkedin_ds_it_vacancies.csv,Full-time,Entry level,True
"Software Engineer Stf / Embedded / C++ / Orlando, FL with Security Clearance",ClearanceJobs,"Orlando, FL", - ,linkedin_kaggle,2026-05-09 18:56:51,linkedin_ds_it_vacancies.csv,Full-time,Entry level,False
Data Analyst Supporting the FBI with Security Clearance,ClearanceJobs,"Linthicum, MD", - ,linkedin_kaggle,2026-05-09 18:56:51,linkedin_ds_it_vacancies.csv,Full-time,Entry level,False
Senior Python Developer with Security Clearance,ClearanceJobs,"Sterling, VA", - ,linkedin_kaggle,2026-05-09 18:56:51,linkedin_ds_it_vacancies.csv,Full-time,Mid-Senior level,False
Software Engineer (ICAM) with Security Clearance,ClearanceJobs,"Colorado Springs, CO", - ,linkedin_kaggle,2026-05-09 18:56:51,linkedin_ds_it_vacancies.csv,Full-time,Entry level,True
Lead Software Engineer with Security Clearance,ClearanceJobs,"Herndon, VA", - ,linkedin_kaggle,2026-05-09 18:56:51,linkedin_ds_it_vacancies.csv,Full-time,Mid-Senior level,True
Software Engineer Level 4 with Security Clearance,ClearanceJobs,"Annapolis Junction, MD", - ,linkedin_kaggle,2026-05-09 18:56:51,linkedin_ds_it_vacancies.csv,Full-time,Mid-Senior level,True
Senior Data Analyst/Assessor Level III with Security Clearance,ClearanceJobs,"Arlington, VA", - ,linkedin_kaggle,2026-05-09 18:56:51,linkedin_ds_it_vacancies.csv,Full-time,Mid-Senior level,False
"Manager, Software Engineering (Open to Remote)",Talentify.io,United States, - ,linkedin_kaggle,2026-05-09 18:56:51,linkedin_ds_it_vacancies.csv,Full-time,Mid-Senior level,True
GME Business Intelligence Analyst II WFH,Talentify.io,United States, - ,linkedin_kaggle,2026-05-09 18:56:51,linkedin_ds_it_vacancies.csv,Full-time,Mid-Senior level,True
Data Analyst - Remote,Talentify.io,United States, - ,linkedin_kaggle,2026-05-09 18:56:51,linkedin_ds_it_vacancies.csv,Full-time,Entry level,True
Cyber Security Specialist - Data Engineer L4 (Remote),Talentify.io,United States, - ,linkedin_kaggle,2026-05-09 18:56:51,linkedin_ds_it_vacancies.csv,Full-time,Entry level,True
Software Engineer - Warehouse Control System- Remote - (Job Number: 00058568641),Talentify.io,United States, - ,linkedin_kaggle,2026-05-09 18:56:51,linkedin_ds_it_vacancies.csv,Full-time,Entry level,True
Analytics Specialist,General Dynamics Information Technology,United States,96000.0 - 144000.0,linkedin_kaggle,2026-05-09 18:56:51,linkedin_ds_it_vacancies.csv,Full-time,Entry level,True
"Senior Software Engineer II-Hybrid in Boca Raton, FL",LexisNexis Risk Solutions,"Boca Raton, FL", - ,linkedin_kaggle,2026-05-09 18:56:51,linkedin_ds_it_vacancies.csv,Full-time,Mid-Senior level,True
"Senior Product Designer and UX Architect, Data & Analytics",Alter Domus,"New York, NY", - ,linkedin_kaggle,2026-05-09 18:56:51,linkedin_ds_it_vacancies.csv,Full-time,Mid-Senior level,False
"Software Engineer, Ads Core- Traffic",TikTok,"Seattle, WA",130500.0 - 225000.0,linkedin_kaggle,2026-05-09 18:56:51,linkedin_ds_it_vacancies.csv,Full-time,,False
Software Engineering Manager - XR Cameras & Sensors,Meta,"Seattle, WA",177000.0 - 251000.0,linkedin_kaggle,2026-05-09 18:56:51,linkedin_ds_it_vacancies.csv,Full-time,,False
Staff Software Engineer - Cloud Platform,General Motors,"Austin, TX", - ,linkedin_kaggle,2026-05-09 18:56:51,linkedin_ds_it_vacancies.csv,Full-time,,False
Senior Software Engineer - Cloud Platform,General Motors,"Sunnyvale, CA", - ,linkedin_kaggle,2026-05-09 18:56:51,linkedin_ds_it_vacancies.csv,Full-time,,False
Software Engineer,SAIC,"Millington, TN", - ,linkedin_kaggle,2026-05-09 18:56:51,linkedin_ds_it_vacancies.csv,Full-time,Entry level,True
Software Engineer,Arrow Search Partners,"New York, NY", - ,linkedin_kaggle,2026-05-09 18:56:51,linkedin_ds_it_vacancies.csv,Full-time,Entry level,False
"Hybrid - Paid Search Analyst (Up to $125K, Google Analytics Cert.)",#twiceasnice Recruiting,"Philadelphia, PA", - ,linkedin_kaggle,2026-05-09 18:56:51,linkedin_ds_it_vacancies.csv,Full-time,Mid-Senior level,False
Online Data Analyst,TELUS International AI Data Solutions,"Houston, TX", - ,linkedin_kaggle,2026-05-09 18:56:51,linkedin_ds_it_vacancies.csv,Contract,Entry level,True
"Optical Network Documentation and Data Engineer, W",Cogent Communications,"Washington, DC", - ,linkedin_kaggle,2026-05-09 18:56:51,linkedin_ds_it_vacancies.csv,Full-time,Entry level,False
Software Engineering Team Lead - Full Stack/Embedded (Fully Remote),AmberBox Gunshot Detection,United States, - ,linkedin_kaggle,2026-05-09 18:56:51,linkedin_ds_it_vacancies.csv,Full-time,,True
Business Development Director - Health Analytics,Airfinity Ltd,Washington DC-Baltimore Area,140000.0 - 160000.0,linkedin_kaggle,2026-05-09 18:56:51,linkedin_ds_it_vacancies.csv,Full-time,Director,False
Senior Software Engineer / Manager - Full Stack/Embedded (Fully Remote),AmberBox Gunshot Detection,United States, - ,linkedin_kaggle,2026-05-09 18:56:51,linkedin_ds_it_vacancies.csv,Full-time,,True
Senior Software Engineer,Codeliq,United States, - ,linkedin_kaggle,2026-05-09 18:56:51,linkedin_ds_it_vacancies.csv,Contract,,True
Senior Business Intelligence Developer,eNGINE,"Pittsburgh, PA",125000.0 - 145000.0,linkedin_kaggle,2026-05-09 18:56:51,linkedin_ds_it_vacancies.csv,Full-time,Mid-Senior level,False
Lead Data Engineer - Databricks ,ON Data Staffing,United States,140000.0 - 180000.0,linkedin_kaggle,2026-05-09 18:56:51,linkedin_ds_it_vacancies.csv,Full-time,Director,True
C Linux Software Engineer,Vector Recruiting LLC,"New Jersey, United States",170000.0 - 180000.0,linkedin_kaggle,2026-05-09 18:56:51,linkedin_ds_it_vacancies.csv,Full-time,Mid-Senior level,False
Senior .Net Software Engineer,SQA Group,United States, - ,linkedin_kaggle,2026-05-09 18:56:51,linkedin_ds_it_vacancies.csv,Contract,Mid-Senior level,True
Lead Data Scientist,Gloo Digital,Atlanta Metropolitan Area,110000.0 - 120000.0,linkedin_kaggle,2026-05-09 18:56:51,linkedin_ds_it_vacancies.csv,Full-time,Mid-Senior level,False
"Director, Commercial Analytics and Performance Reporting","Kura Oncology, Inc.",United States, - ,linkedin_kaggle,2026-05-09 18:56:51,linkedin_ds_it_vacancies.csv,Full-time,Director,True
Senior Staff Software Engineer,NAVEX,"Charlotte, NC", - ,linkedin_kaggle,2026-05-09 18:56:51,linkedin_ds_it_vacancies.csv,Full-time,Mid-Senior level,False
Data Analyst/Engineer Techno Functional Analyst (Jersey City) x2,Matlen Silver,"New Jersey, United States", - ,linkedin_kaggle,2026-05-09 18:56:51,linkedin_ds_it_vacancies.csv,Contract,,False
Principal Data Engineer,Agility Partners,Cincinnati Metropolitan Area, - ,linkedin_kaggle,2026-05-09 18:56:51,linkedin_ds_it_vacancies.csv,Full-time,Mid-Senior level,False
Senior Software Engineer Technical Lead,Lumen Resources,"Orlando, FL", - ,linkedin_kaggle,2026-05-09 18:56:51,linkedin_ds_it_vacancies.csv,Full-time,Mid-Senior level,False
Head of IT & Business Analytics,Vista Outdoor Inc.,"Providence, RI", - ,linkedin_kaggle,2026-05-09 18:56:51,linkedin_ds_it_vacancies.csv,Full-time,Executive,False
Software Engineer,Goldman Sachs,"Dallas, TX", - ,linkedin_kaggle,2026-05-09 18:56:51,linkedin_ds_it_vacancies.csv,Contract,Mid-Senior level,False
Senior Java Software Engineer,Motion Recruitment,"New Brunswick, NJ", - ,linkedin_kaggle,2026-05-09 18:56:51,linkedin_ds_it_vacancies.csv,Contract,Mid-Senior level,False
Java Software Engineer,Mindlance,"Reston, VA",60.0 - 65.0,linkedin_kaggle,2026-05-09 18:56:51,linkedin_ds_it_vacancies.csv,Contract,Mid-Senior level,False
Python Developer,Unisys,"Plano, TX", - ,linkedin_kaggle,2026-05-09 18:56:51,linkedin_ds_it_vacancies.csv,Contract,Mid-Senior level,False
Data Scientist - Equity Trading,Radley James,New York City Metropolitan Area, - ,linkedin_kaggle,2026-05-09 18:56:51,linkedin_ds_it_vacancies.csv,Full-time,Associate,False
Data Engineer,The Judge Group,"Houston, TX", - ,linkedin_kaggle,2026-05-09 18:56:51,linkedin_ds_it_vacancies.csv,Contract,Mid-Senior level,False
"Consultant/Sr.Consultant – Advance Analytics (Los Angeles, California, USA)",PharmaACE,"Los Angeles, CA", - ,linkedin_kaggle,2026-05-09 18:56:51,linkedin_ds_it_vacancies.csv,Full-time,Mid-Senior level,False
Contract Analyst / SQL Developer,DoStuff,"Austin, TX", - ,linkedin_kaggle,2026-05-09 18:56:51,linkedin_ds_it_vacancies.csv,Part-time,,False
Software Engineer Architect (Java/Python),INFY8,United States, - ,linkedin_kaggle,2026-05-09 18:56:51,linkedin_ds_it_vacancies.csv,Contract,,True
Senior Machine Learning Engineer,Не указана,"San Francisco, CA", - ,linkedin_kaggle,2026-05-09 18:56:51,linkedin_ds_it_vacancies.csv,Part-time,,False
Mental Health Parity Clinical Operational Data Analyst,WTW,"Boston, MA",80000.0 - 100000.0,linkedin_kaggle,2026-05-09 18:56:51,linkedin_ds_it_vacancies.csv,Full-time,Mid-Senior level,False
Data Analyst,DATAMETRICS SOFTWARE SYSTEMS INC.,"Newark, NJ", - ,linkedin_kaggle,2026-05-09 18:56:51,linkedin_ds_it_vacancies.csv,Contract,,False
Data Engineer,Rylem Staffing,"Redmond, WA", - ,linkedin_kaggle,2026-05-09 18:56:51,linkedin_ds_it_vacancies.csv,Contract,Mid-Senior level,False
Assistant Professor of Business Analytics,Southern Utah University,"Cedar City, UT", - ,linkedin_kaggle,2026-05-09 18:56:51,linkedin_ds_it_vacancies.csv,Full-time,Entry level,False
"Manager, Analytics",Zenith,"New York, NY",81500.0 - 128000.0,linkedin_kaggle,2026-05-09 18:56:51,linkedin_ds_it_vacancies.csv,Full-time,,False
SQL Developer (SSIS),Med-Metrix,"Parsippany, NJ", - ,linkedin_kaggle,2026-05-09 18:56:51,linkedin_ds_it_vacancies.csv,Full-time,Associate,False
"Director, Software Engineering, Commerce Technologies",Walmart Global Tech,San Francisco Bay Area,220000.0 - 240000.0,linkedin_kaggle,2026-05-09 18:56:51,linkedin_ds_it_vacancies.csv,Full-time,Director,False
Data Engineer,Accolite,"New York, United States", - ,linkedin_kaggle,2026-05-09 18:56:51,linkedin_ds_it_vacancies.csv,Full-time,Mid-Senior level,False
Data Scientist (HR Metrics),Maxonic,United States, - ,linkedin_kaggle,2026-05-09 18:56:51,linkedin_ds_it_vacancies.csv,Contract,Associate,True
Python Developer,Capgemini,New York City Metropolitan Area, - ,linkedin_kaggle,2026-05-09 18:56:51,linkedin_ds_it_vacancies.csv,Full-time,Mid-Senior level,False
Senior Azure Data Engineer,"AppLab Systems, Inc",United States, - ,linkedin_kaggle,2026-05-09 18:56:51,linkedin_ds_it_vacancies.csv,Contract,Mid-Senior level,True
Senior Software Engineer,"RIVA Solutions, Inc.","Rockville, MD", - ,linkedin_kaggle,2026-05-09 18:56:51,linkedin_ds_it_vacancies.csv,Full-time,Mid-Senior level,False
"Principal Software Engineer, Large Platform",PKWARE,United States, - ,linkedin_kaggle,2026-05-09 18:56:51,linkedin_ds_it_vacancies.csv,Full-time,Mid-Senior level,True
Data Analyst,TalentBridge,New York City Metropolitan Area,42.0 - 47.0,linkedin_kaggle,2026-05-09 18:56:51,linkedin_ds_it_vacancies.csv,Contract,Mid-Senior level,False
Data Analyst,Equity Staffing Group,"Eden Prairie, MN",50.0 - 58.0,linkedin_kaggle,2026-05-09 18:56:51,linkedin_ds_it_vacancies.csv,Contract,Associate,False
Senior Data Engineer,Stanley David and Associates,"Charlotte, NC", - ,linkedin_kaggle,2026-05-09 18:56:51,linkedin_ds_it_vacancies.csv,Full-time,,False
Python Developer ,Akkodis,"Pennington, NJ", - ,linkedin_kaggle,2026-05-09 18:56:51,linkedin_ds_it_vacancies.csv,Contract,Mid-Senior level,False
"Manager, AWS Data Engineer",Publicis Sapient,"Atlanta, GA", - ,linkedin_kaggle,2026-05-09 18:56:51,linkedin_ds_it_vacancies.csv,Full-time,Mid-Senior level,False
Senior Data Engineer,SDF Labs,"Seattle, WA", - ,linkedin_kaggle,2026-05-09 18:56:51,linkedin_ds_it_vacancies.csv,Full-time,,False
Director of Analytics and Insights,United to Learn,"Dallas, TX", - ,linkedin_kaggle,2026-05-09 18:56:51,linkedin_ds_it_vacancies.csv,Full-time,,False
Junior Data Analyst,UST,"Norfolk, VA", - ,linkedin_kaggle,2026-05-09 18:56:51,linkedin_ds_it_vacancies.csv,Full-time,Associate,False
Data Engineer,RCG Infosoft Incorporation,"Plano, TX", - ,linkedin_kaggle,2026-05-09 18:56:51,linkedin_ds_it_vacancies.csv,Contract,,False
Senior Data Analyst,Akkodis,"New York, NY",60.0 - 65.0,linkedin_kaggle,2026-05-09 18:56:51,linkedin_ds_it_vacancies.csv,Temporary,Mid-Senior level,False
Software Engineering- Summer Internship,Granite Telecommunications,"Quincy, MA", - ,linkedin_kaggle,2026-05-09 18:56:51,linkedin_ds_it_vacancies.csv,Internship,Internship,False
Software Engineer (.NET/C#),Corps Team,United States,51.42 - 53.42,linkedin_kaggle,2026-05-09 18:56:51,linkedin_ds_it_vacancies.csv,Contract,Associate,True
Lead Data Analyst,MatchPoint,San Francisco Bay Area, - ,linkedin_kaggle,2026-05-09 18:56:51,linkedin_ds_it_vacancies.csv,Contract,Associate,True
Software Engineering Manager,Entegee,"Gray, ME",80.0 - 90.0,linkedin_kaggle,2026-05-09 18:56:51,linkedin_ds_it_vacancies.csv,Contract,Mid-Senior level,False
Machine Learning Engineer,Mainz Brady Group,"Seattle, WA", - ,linkedin_kaggle,2026-05-09 18:56:51,linkedin_ds_it_vacancies.csv,Contract,Mid-Senior level,False
Business Intelligence Consultant,Niktor,"Bellevue, WA", - ,linkedin_kaggle,2026-05-09 18:56:51,linkedin_ds_it_vacancies.csv,Full-time,,False
Data Engineer,"Staff Smart, Inc.","New York, NY",120000.0 - 175000.0,linkedin_kaggle,2026-05-09 18:56:51,linkedin_ds_it_vacancies.csv,Full-time,Mid-Senior level,False
R0018037 Sr. Software Engineer,Markel,United States, - ,linkedin_kaggle,2026-05-09 18:56:51,linkedin_ds_it_vacancies.csv,Full-time,Mid-Senior level,True
Lead Data Scientist,Mainz Brady Group,United States, - ,linkedin_kaggle,2026-05-09 18:56:51,linkedin_ds_it_vacancies.csv,Contract,Mid-Senior level,True
ETL Data Software Engineer,Insight Global,Detroit Metropolitan Area,50.0 - 60.0,linkedin_kaggle,2026-05-09 18:56:51,linkedin_ds_it_vacancies.csv,Contract,Mid-Senior level,False
Data Scientist - Databricks,Techions,"Santa Clara, CA", - ,linkedin_kaggle,2026-05-09 18:56:51,linkedin_ds_it_vacancies.csv,Full-time,,False
Remote Java Software Engineer,Insight Global,United States, - ,linkedin_kaggle,2026-05-09 18:56:51,linkedin_ds_it_vacancies.csv,Full-time,Mid-Senior level,True
Data Engineer,Advia Credit Union,"Kalamazoo, MI", - ,linkedin_kaggle,2026-05-09 18:56:51,linkedin_ds_it_vacancies.csv,Full-time,Mid-Senior level,False
Manager Data Engineering- AWS,Publicis Sapient,"Boston, MA", - ,linkedin_kaggle,2026-05-09 18:56:51,linkedin_ds_it_vacancies.csv,Full-time,Mid-Senior level,False
Manager Data Engineering- AWS cloud,Publicis Sapient,"Atlanta, GA", - ,linkedin_kaggle,2026-05-09 18:56:51,linkedin_ds_it_vacancies.csv,Full-time,Mid-Senior level,False
Data Analyst,HCA Healthcare,Nashville Metropolitan Area, - ,linkedin_kaggle,2026-05-09 18:56:51,linkedin_ds_it_vacancies.csv,Contract,Mid-Senior level,False
Manager Data Engineering- AWS Cloud,Publicis Sapient,"New York, NY", - ,linkedin_kaggle,2026-05-09 18:56:51,linkedin_ds_it_vacancies.csv,Full-time,Mid-Senior level,False
"Senior Manager, Marketing Data & Analytics",Envisionit,"Chicago, IL",115000.0 - 125000.0,linkedin_kaggle,2026-05-09 18:56:51,linkedin_ds_it_vacancies.csv,Full-time,,False
Data Analyst,InfoVision Inc.,"South Dakota, United States", - ,linkedin_kaggle,2026-05-09 18:56:51,linkedin_ds_it_vacancies.csv,Contract,Entry level,False
Data Scientist (Human Services experience),FUSTIS LLC,Washington DC-Baltimore Area, - ,linkedin_kaggle,2026-05-09 18:56:51,linkedin_ds_it_vacancies.csv,Contract,,False
Data Engineering Architect- AWS Cloud,Publicis Sapient,"Dallas, TX", - ,linkedin_kaggle,2026-05-09 18:56:51,linkedin_ds_it_vacancies.csv,Full-time,Mid-Senior level,False
"Software Engineer (ReactJS, NodeJS, AWS) on W2","Sunrise Systems, Inc.","Chicago, IL", - ,linkedin_kaggle,2026-05-09 18:56:51,linkedin_ds_it_vacancies.csv,Contract,Mid-Senior level,False
Senior Software Engineer,Not applicable1,"Chicago, IL", - ,linkedin_kaggle,2026-05-09 18:56:51,linkedin_ds_it_vacancies.csv,Contract,,False
Software Engineer,Equity Residential,"Chicago, IL", - ,linkedin_kaggle,2026-05-09 18:56:51,linkedin_ds_it_vacancies.csv,Full-time,Associate,False
Sr. Cloud Software Engineer (GOLANG),Calance,"Plano, TX",75.0 - 80.0,linkedin_kaggle,2026-05-09 18:56:51,linkedin_ds_it_vacancies.csv,Contract,Mid-Senior level,False
Software Engineer III,Staffing Technologies,United States, - ,linkedin_kaggle,2026-05-09 18:56:51,linkedin_ds_it_vacancies.csv,Contract,Mid-Senior level,True
AWS Lex and Python developer !!! USC/GC/GC-EAD,Srimatrix Inc.,"Newark, NJ", - ,linkedin_kaggle,2026-05-09 18:56:51,linkedin_ds_it_vacancies.csv,Full-time,,False
SQL Developer,ConnectedX Inc.,"Plano, TX", - ,linkedin_kaggle,2026-05-09 18:56:51,linkedin_ds_it_vacancies.csv,Contract,,False
Junior Data Analyst (Logistics),WalkWater Technologies,"Austin, TX", - ,linkedin_kaggle,2026-05-09 18:56:51,linkedin_ds_it_vacancies.csv,Contract,Mid-Senior level,False
Systems/Data Analyst - SQL/ETL,Eliassen Group,"Durham, NC",55.0 - 65.0,linkedin_kaggle,2026-05-09 18:56:51,linkedin_ds_it_vacancies.csv,Contract,Mid-Senior level,False
Senior Software Engineer,Parallel,United States, - ,linkedin_kaggle,2026-05-09 18:56:51,linkedin_ds_it_vacancies.csv,Full-time,Mid-Senior level,True
Data Analytics Project Manager,District Partners,Washington DC-Baltimore Area,115000.0 - 135000.0,linkedin_kaggle,2026-05-09 18:56:51,linkedin_ds_it_vacancies.csv,Full-time,Mid-Senior level,False
Software Engineer III,National Association of Insurance Commissioners (NAIC),"Kansas City, MO",77950.0 - 100000.0,linkedin_kaggle,2026-05-09 18:56:51,linkedin_ds_it_vacancies.csv,Full-time,Mid-Senior level,False
Software Engineer III,NOVA® Home Loans,"Tucson, AZ", - ,linkedin_kaggle,2026-05-09 18:56:51,linkedin_ds_it_vacancies.csv,Full-time,Mid-Senior level,False
Java Software Engineer,Youth Power Technosoft LLC ,"Plano, TX", - ,linkedin_kaggle,2026-05-09 18:56:51,linkedin_ds_it_vacancies.csv,Contract,,False
Software Engineer,Sonobi,"Winter Park, FL", - ,linkedin_kaggle,2026-05-09 18:56:51,linkedin_ds_it_vacancies.csv,Full-time,,False
Software Engineer/SRE (Mandarin Experience Required),Ledgent Technology,"Bellevue, WA",55.0 - 75.0,linkedin_kaggle,2026-05-09 18:56:51,linkedin_ds_it_vacancies.csv,Contract,Entry level,False
Senior Associate Data Engineer - Azure Cloud,Publicis Sapient,"Boston, MA", - ,linkedin_kaggle,2026-05-09 18:56:51,linkedin_ds_it_vacancies.csv,Full-time,Mid-Senior level,False
"Sr Data engineer with AWS, PYTHON (W2)",4A IT Services LLC,United States, - ,linkedin_kaggle,2026-05-09 18:56:51,linkedin_ds_it_vacancies.csv,Contract,,True
Senior Data Analyst,Parallel,United States, - ,linkedin_kaggle,2026-05-09 18:56:51,linkedin_ds_it_vacancies.csv,Full-time,Mid-Senior level,True
Azure Data Engineer,Technology Hub Inc,"Plano, TX", - ,linkedin_kaggle,2026-05-09 18:56:51,linkedin_ds_it_vacancies.csv,Contract,,False
Oracle Fusion Analytics Warehouse HCM Developer,Enterprise Peak,United States, - ,linkedin_kaggle,2026-05-09 18:56:51,linkedin_ds_it_vacancies.csv,Contract,Mid-Senior level,True
Senior Data Scientist,Enterprise Peak,United States, - ,linkedin_kaggle,2026-05-09 18:56:51,linkedin_ds_it_vacancies.csv,Contract,Mid-Senior level,True
Data Engineer,AtekIT,"New York, NY", - ,linkedin_kaggle,2026-05-09 18:56:51,linkedin_ds_it_vacancies.csv,Full-time,,False
Sr. Analytics Engineer,Torch,United States,110000.0 - 150000.0,linkedin_kaggle,2026-05-09 18:56:51,linkedin_ds_it_vacancies.csv,Full-time,,True
"Supply Chain, Analytics Manager",Walmart,San Francisco Bay Area, - ,linkedin_kaggle,2026-05-09 18:56:51,linkedin_ds_it_vacancies.csv,Full-time,Associate,False
Data Engineer,Office of Energy Infrastructure Safety,"California, United States",7201.0 - 9013.0,linkedin_kaggle,2026-05-09 18:56:51,linkedin_ds_it_vacancies.csv,Full-time,Associate,False
Data Analyst,Optomi,United States,55.0 - 65.0,linkedin_kaggle,2026-05-09 18:56:51,linkedin_ds_it_vacancies.csv,Contract,Mid-Senior level,True
Business Intelligence Analyst,"EZDATA SYSTEMS, INC","El Segundo, CA", - ,linkedin_kaggle,2026-05-09 18:56:51,linkedin_ds_it_vacancies.csv,Contract,,False
Embedded Software Engineer,VIVA USA Inc.,"Austin, TX", - ,linkedin_kaggle,2026-05-09 18:56:51,linkedin_ds_it_vacancies.csv,Contract,,False
Vineyard Analytics Intern,DAOU,"Paso Robles, CA", - ,linkedin_kaggle,2026-05-09 18:56:51,linkedin_ds_it_vacancies.csv,Temporary,Internship,False
Digital Ads & Analytics Manager,Manhattan Strategies,"New York, NY",78000.0 - 98000.0,linkedin_kaggle,2026-05-09 18:56:51,linkedin_ds_it_vacancies.csv,Full-time,,False
Lead Big Data Engineer (NO SPONSORSHIP),Insight Global,United States,60.0 - 75.0,linkedin_kaggle,2026-05-09 18:56:51,linkedin_ds_it_vacancies.csv,Contract,Mid-Senior level,True
Embedded Software Engineer,"Curtis Instruments, A Kohler Co.","Livermore, CA",100000.0 - 150000.0,linkedin_kaggle,2026-05-09 18:56:51,linkedin_ds_it_vacancies.csv,Full-time,Entry level,False
Senior Data Engineer,Vaco,"Waukesha, WI",135000.0 - 135000.0,linkedin_kaggle,2026-05-09 18:56:51,linkedin_ds_it_vacancies.csv,Full-time,Mid-Senior level,False
Software Engineering Manager,7-Eleven,"Irving, TX", - ,linkedin_kaggle,2026-05-09 18:56:51,linkedin_ds_it_vacancies.csv,Full-time,Mid-Senior level,False
Cloud Data Engineer,Acunor,United States, - ,linkedin_kaggle,2026-05-09 18:56:51,linkedin_ds_it_vacancies.csv,Full-time,Mid-Senior level,True
Software Engineer,Highwire,Greater Boston, - ,linkedin_kaggle,2026-05-09 18:56:51,linkedin_ds_it_vacancies.csv,Full-time,Entry level,False
Principal Machine Learning Engineer (Remote),"Teaching Strategies, LLC","Bethesda, MD", - ,linkedin_kaggle,2026-05-09 18:56:51,linkedin_ds_it_vacancies.csv,Full-time,Mid-Senior level,True
"Director of Business Analytics (Go-To-Market Team) - Hybrid / Atlanta, GA",Experity,"Atlanta, GA",121000.0 - 170000.0,linkedin_kaggle,2026-05-09 18:56:51,linkedin_ds_it_vacancies.csv,Full-time,Director,True
Global Quality Process Development & Data Analytics Leader,GE Renewable Energy,"Clearwater, FL", - ,linkedin_kaggle,2026-05-09 18:56:51,linkedin_ds_it_vacancies.csv,Full-time,Director,False
"Data Analyst (Go-To-Market Team) - Hybrid / Atlanta, GA",Experity,"Atlanta, GA",66900.0 - 91000.0,linkedin_kaggle,2026-05-09 18:56:51,linkedin_ds_it_vacancies.csv,Full-time,Entry level,True
Senior Data Engineer,Concord,"Minneapolis, MN", - ,linkedin_kaggle,2026-05-09 18:56:51,linkedin_ds_it_vacancies.csv,Full-time,Mid-Senior level,True
Data Scientist,Akkodis,"Austin, Texas Metropolitan Area",50.0 - 54.0,linkedin_kaggle,2026-05-09 18:56:51,linkedin_ds_it_vacancies.csv,Contract,Mid-Senior level,False
Sales Director - AI powered Predictive Analytics as a Service at AlgosRus.com!,Algosrus.com,United States, - ,linkedin_kaggle,2026-05-09 18:56:51,linkedin_ds_it_vacancies.csv,Full-time,,True
Senior C++ Software Engineer (Medical Devices) - No Visa - Onsite,Confidential,"Minneapolis, MN", - ,linkedin_kaggle,2026-05-09 18:56:51,linkedin_ds_it_vacancies.csv,Full-time,Mid-Senior level,False
Director of Marketing Analytics,Arima,United States, - ,linkedin_kaggle,2026-05-09 18:56:51,linkedin_ds_it_vacancies.csv,Full-time,,True
FE/Fullstack Software Engineer,QueryPal,United States, - ,linkedin_kaggle,2026-05-09 18:56:51,linkedin_ds_it_vacancies.csv,Full-time,,True
Sr. Data Analytics Engineer,Wimmer Solutions,"Redmond, WA",65.0 - 80.0,linkedin_kaggle,2026-05-09 18:56:51,linkedin_ds_it_vacancies.csv,Contract,Mid-Senior level,True
Data Scientist,Infotree Global Solutions,"Austin, TX", - ,linkedin_kaggle,2026-05-09 18:56:51,linkedin_ds_it_vacancies.csv,Contract,Mid-Senior level,False
"Executive Vice President, Analytics",Spark Foundry,"New York, NY", - ,linkedin_kaggle,2026-05-09 18:56:51,linkedin_ds_it_vacancies.csv,Full-time,Executive,False
"Business Intelligence Administrator, Tableau",GitLab,United States,78400.0 - 168000.0,linkedin_kaggle,2026-05-09 18:56:51,linkedin_ds_it_vacancies.csv,Full-time,Mid-Senior level,True
Data Scientist III,Planet Pharma,"North Chicago, IL", - ,linkedin_kaggle,2026-05-09 18:56:51,linkedin_ds_it_vacancies.csv,Full-time,,False
Data Analyst,Experis,"New Albany, OH", - ,linkedin_kaggle,2026-05-09 18:56:51,linkedin_ds_it_vacancies.csv,Contract,Entry level,False
Financial Data Analyst,SkyWater Search Partners,"St Cloud, MN", - ,linkedin_kaggle,2026-05-09 18:56:51,linkedin_ds_it_vacancies.csv,Full-time,Mid-Senior level,False
Business Intelligence Analyst,ClickUp,United States,100000.0 - 115000.0,linkedin_kaggle,2026-05-09 18:56:51,linkedin_ds_it_vacancies.csv,Full-time,Mid-Senior level,True
Senior Data Analyst - Ecommerce & Marketing,Ocado Group,"Monroe, MI", - ,linkedin_kaggle,2026-05-09 18:56:51,linkedin_ds_it_vacancies.csv,Full-time,Mid-Senior level,False
Senior Software Engineer - Kubernetes Platform Engineering team,Marqeta,United States,103200.0 - 154800.0,linkedin_kaggle,2026-05-09 18:56:51,linkedin_ds_it_vacancies.csv,Full-time,Mid-Senior level,True
Machine Learning Data Engineer Specialist,FIS,"Seattle, WA",133520.0 - 224300.0,linkedin_kaggle,2026-05-09 18:56:51,linkedin_ds_it_vacancies.csv,Full-time,Mid-Senior level,False
Advanced Business Intelligence Analyst,Trinity Health,"Ann Arbor, MI", - ,linkedin_kaggle,2026-05-09 18:56:51,linkedin_ds_it_vacancies.csv,Full-time,Mid-Senior level,False
AWS RDS Database Software Engineer II,JPMorgan Chase & Co.,"Newport Beach, CA", - ,linkedin_kaggle,2026-05-09 18:56:51,linkedin_ds_it_vacancies.csv,Full-time,,False
Sr. Software Engineer,The Job Network,"Milwaukee, WI",123386.0 - 203840.0,linkedin_kaggle,2026-05-09 18:56:51,linkedin_ds_it_vacancies.csv,Full-time,Mid-Senior level,False
"Senior Director, Workforce Planning & Analytics",The Job Network,"Milwaukee, WI",110040.0 - 204360.0,linkedin_kaggle,2026-05-09 18:56:51,linkedin_ds_it_vacancies.csv,Full-time,Director,False
Data Scientist-Sr Associate,JPMorgan Chase & Co.,"Plano, TX", - ,linkedin_kaggle,2026-05-09 18:56:51,linkedin_ds_it_vacancies.csv,Full-time,,False
Data Platform Senior Software Engineer,Mainz Brady Group,"Oakland, CA", - ,linkedin_kaggle,2026-05-09 18:56:51,linkedin_ds_it_vacancies.csv,Full-time,Mid-Senior level,False
Java Software Engineer,Star Software System LLC,"Charlotte, NC", - ,linkedin_kaggle,2026-05-09 18:56:51,linkedin_ds_it_vacancies.csv,Full-time,,False
Computer Vision/ Machine Learning Engineer,Mainz Brady Group,"Seattle, WA", - ,linkedin_kaggle,2026-05-09 18:56:51,linkedin_ds_it_vacancies.csv,Contract,Entry level,False
Data Platform Software Engineer,Mainz Brady Group,"Seattle, WA", - ,linkedin_kaggle,2026-05-09 18:56:51,linkedin_ds_it_vacancies.csv,Full-time,Entry level,False
Data Engineer,Synechron,"Charlotte, NC", - ,linkedin_kaggle,2026-05-09 18:56:51,linkedin_ds_it_vacancies.csv,Full-time,Entry level,False
Software Engineer,TestSprite,United States, - ,linkedin_kaggle,2026-05-09 18:56:51,linkedin_ds_it_vacancies.csv,Part-time,,True
Senior Backend Software Engineer - Global E-Commerce Supply Chain Billing & Settlement,ByteDance,"Bellevue, WA", - ,linkedin_kaggle,2026-05-09 18:56:51,linkedin_ds_it_vacancies.csv,Full-time,Mid-Senior level,False
Data Engineer (LEAD),RICEFW Technologies Inc,"Allentown, PA", - ,linkedin_kaggle,2026-05-09 18:56:51,linkedin_ds_it_vacancies.csv,Full-time,Mid-Senior level,False
Business Intelligence Analyst,BIGO,"Los Angeles, CA", - ,linkedin_kaggle,2026-05-09 18:56:51,linkedin_ds_it_vacancies.csv,Full-time,Mid-Senior level,False
Python Developer,Techmatic INC,"Chicago, IL", - ,linkedin_kaggle,2026-05-09 18:56:51,linkedin_ds_it_vacancies.csv,Contract,,False
Data Scientist,Havicma Logistics,United States, - ,linkedin_kaggle,2026-05-09 18:56:51,linkedin_ds_it_vacancies.csv,Full-time,,True
Business Analytics Intern,BIGO,"Los Angeles, CA", - ,linkedin_kaggle,2026-05-09 18:56:51,linkedin_ds_it_vacancies.csv,Full-time,Internship,False
Senior Machine Learning Engineer,Stefanini North America and APAC,"Dearborn, MI", - ,linkedin_kaggle,2026-05-09 18:56:51,linkedin_ds_it_vacancies.csv,Full-time,,False
Data Scientist (Intermediate),USAA,"Plano, TX",89990.0 - 161990.0,linkedin_kaggle,2026-05-09 18:56:51,linkedin_ds_it_vacancies.csv,Full-time,Entry level,False
Java Software Engineer - Mid Level,USAA,"San Antonio, TX", - ,linkedin_kaggle,2026-05-09 18:56:51,linkedin_ds_it_vacancies.csv,Full-time,Entry level,False
"Director, Decision Science Analytics – Brand Marketing",USAA,"Phoenix, AZ",158960.0 - 303830.0,linkedin_kaggle,2026-05-09 18:56:51,linkedin_ds_it_vacancies.csv,Full-time,Director,False
Fullstack Software Engineer - Mid Level,USAA,"Plano, TX",89990.0 - 172000.0,linkedin_kaggle,2026-05-09 18:56:51,linkedin_ds_it_vacancies.csv,Full-time,Entry level,False
Python Developer,LevelUP HCS,"Philadelphia, PA",120000.0 - 120000.0,linkedin_kaggle,2026-05-09 18:56:51,linkedin_ds_it_vacancies.csv,Full-time,,False
"Director, Data Analytics",CMI Media Group,"Philadelphia, PA", - ,linkedin_kaggle,2026-05-09 18:56:51,linkedin_ds_it_vacancies.csv,Full-time,Director,False
Lead Analytics Engineer,USAA,"San Antonio, TX",120550.0 - 230400.0,linkedin_kaggle,2026-05-09 18:56:51,linkedin_ds_it_vacancies.csv,Full-time,Mid-Senior level,False
Senior Data Analyst ,Tier4 Group,"Atlanta, GA", - ,linkedin_kaggle,2026-05-09 18:56:51,linkedin_ds_it_vacancies.csv,Full-time,Mid-Senior level,False
"Data Scientist, Marketplace Incentives",Scale AI,San Francisco Bay Area, - ,linkedin_kaggle,2026-05-09 18:56:51,linkedin_ds_it_vacancies.csv,Full-time,Entry level,False
Transportation Program Specialist/ Transportation Data Analyst,Federal Transit Administration,"Washington, DC", - ,linkedin_kaggle,2026-05-09 18:56:51,linkedin_ds_it_vacancies.csv,Full-time,Entry level,True
Data Engineer - 100% Remote - Contract to Hire (W2),Akkodis,United States,70.0 - 80.0,linkedin_kaggle,2026-05-09 18:56:51,linkedin_ds_it_vacancies.csv,Contract,Mid-Senior level,True
Onsite job (Only W2 role) :: Data Analyst :: contract ,Visionary Innovative Technology Solutions LLC,"Wichita, Kansas Metropolitan Area", - ,linkedin_kaggle,2026-05-09 18:56:51,linkedin_ds_it_vacancies.csv,Contract,Associate,False
Data Analyst,"Delta System & Software, Inc.","Chesterfield, VA", - ,linkedin_kaggle,2026-05-09 18:56:51,linkedin_ds_it_vacancies.csv,Contract,Mid-Senior level,False
"Principal Product Manager Tech, Prime Video Content Analytics",Ring,"Culver City, CA",144000.0 - 279900.0,linkedin_kaggle,2026-05-09 18:56:51,linkedin_ds_it_vacancies.csv,Full-time,Mid-Senior level,False
Lead Software Engineer,iO Associates - US,"Niceville, FL", - ,linkedin_kaggle,2026-05-09 18:56:51,linkedin_ds_it_vacancies.csv,Full-time,Mid-Senior level,False
Azure Data Engineer,Synechron,"Weehawken, NJ",100000.0 - 120000.0,linkedin_kaggle,2026-05-09 18:56:51,linkedin_ds_it_vacancies.csv,Full-time,Mid-Senior level,False
"Senior Data Scientist, Experimentation & Personalization",Capital One,"New York, NY", - ,linkedin_kaggle,2026-05-09 18:56:51,linkedin_ds_it_vacancies.csv,Full-time,Mid-Senior level,False
"Senior Software Engineer, Back End",Capital One,"Plano, TX", - ,linkedin_kaggle,2026-05-09 18:56:51,linkedin_ds_it_vacancies.csv,Full-time,Mid-Senior level,False
NoSQL Developer,One NoCode,United States, - ,linkedin_kaggle,2026-05-09 18:56:51,linkedin_ds_it_vacancies.csv,Full-time,,True
"Senior Data Scientist, - AI Foundations, Personalization",Capital One,"McLean, VA", - ,linkedin_kaggle,2026-05-09 18:56:51,linkedin_ds_it_vacancies.csv,Full-time,Mid-Senior level,False
"Senior Software Engineer, Full Stack (TypeScript, Node, React, AWS)",Capital One,"Chicago, IL", - ,linkedin_kaggle,2026-05-09 18:56:51,linkedin_ds_it_vacancies.csv,Full-time,Mid-Senior level,False
"Senior, Software Engineer, Full Stack",Capital One,"Richmond, VA", - ,linkedin_kaggle,2026-05-09 18:56:51,linkedin_ds_it_vacancies.csv,Full-time,Mid-Senior level,False
"Lead Software Engineer, Full Stack (Java, Go)",Capital One,"McLean, VA", - ,linkedin_kaggle,2026-05-09 18:56:51,linkedin_ds_it_vacancies.csv,Full-time,Mid-Senior level,False
Senior Software Engineer,AmericanAg,"Fargo, ND", - ,linkedin_kaggle,2026-05-09 18:56:51,linkedin_ds_it_vacancies.csv,Full-time,Mid-Senior level,False
Software Engineer,AmericanAg,"Fargo, ND", - ,linkedin_kaggle,2026-05-09 18:56:51,linkedin_ds_it_vacancies.csv,Full-time,Entry level,False
"Analyst, Operations Analytics & Performance",Link Logistics,"New York, NY",90000.0 - 105000.0,linkedin_kaggle,2026-05-09 18:56:51,linkedin_ds_it_vacancies.csv,Full-time,Entry level,False
Sr. Distinguished Data Engineer,Capital One,"McLean, VA", - ,linkedin_kaggle,2026-05-09 18:56:51,linkedin_ds_it_vacancies.csv,Full-time,Mid-Senior level,False
ML Engineer,Headway Tek Inc,"Irving, TX", - ,linkedin_kaggle,2026-05-09 18:56:51,linkedin_ds_it_vacancies.csv,Full-time,Mid-Senior level,False
Freelance Principal Software Engineer [74452],Onward Search,"Burlington, MA",70.0 - 80.0,linkedin_kaggle,2026-05-09 18:56:51,linkedin_ds_it_vacancies.csv,Contract,Mid-Senior level,True
Sr. Director/Head of Business Intelligence,Glocomms,"Houston, TX",230000.0 - 300000.0,linkedin_kaggle,2026-05-09 18:56:51,linkedin_ds_it_vacancies.csv,Full-time,Director,False
Data Analyst I,Aditi Consulting,"Austin, TX", - ,linkedin_kaggle,2026-05-09 18:56:51,linkedin_ds_it_vacancies.csv,Full-time,Mid-Senior level,False
Senior Software Engineer,Round2POS,Greater Pittsburgh Region, - ,linkedin_kaggle,2026-05-09 18:56:51,linkedin_ds_it_vacancies.csv,Full-time,,False
Data Analyst 2,FedEx Logistics,"La Vergne, TN", - ,linkedin_kaggle,2026-05-09 18:56:51,linkedin_ds_it_vacancies.csv,Full-time,,False
Data Engineer,Mastech Digital,"Pittsburgh, PA", - ,linkedin_kaggle,2026-05-09 18:56:51,linkedin_ds_it_vacancies.csv,Full-time,Mid-Senior level,False
Big Data Engineer/Mandarin Speaking,Akkodis,"San Jose, CA", - ,linkedin_kaggle,2026-05-09 18:56:51,linkedin_ds_it_vacancies.csv,Contract,Associate,False
Data Engineer,Akkodis,United States, - ,linkedin_kaggle,2026-05-09 18:56:51,linkedin_ds_it_vacancies.csv,Contract,Mid-Senior level,True
Junior Software Engineer,Peraton,"Charleston, WV",50000.0 - 60000.0,linkedin_kaggle,2026-05-09 18:56:51,linkedin_ds_it_vacancies.csv,Full-time,Entry level,False
Senior Embedded Software Engineer,EnerSys,"Reading, PA", - ,linkedin_kaggle,2026-05-09 18:56:51,linkedin_ds_it_vacancies.csv,Full-time,Mid-Senior level,False
Azure Synapse Data Engineer,Wipro,"Dallas, TX", - ,linkedin_kaggle,2026-05-09 18:56:51,linkedin_ds_it_vacancies.csv,Full-time,,False
Intermediate Data Scientist,University of Virginia,"Charlottesville, VA",100000.0 - 120000.0,linkedin_kaggle,2026-05-09 18:56:51,linkedin_ds_it_vacancies.csv,Full-time,Entry level,False
"Senior Software Engineer, BackEnd",Capital One,"McLean, VA", - ,linkedin_kaggle,2026-05-09 18:56:51,linkedin_ds_it_vacancies.csv,Full-time,Mid-Senior level,False
Software Engineer,Open Systems Technologies,"Chicago, IL",150000.0 - 250000.0,linkedin_kaggle,2026-05-09 18:56:51,linkedin_ds_it_vacancies.csv,Full-time,Entry level,False
"Senior Software Engineer, Full Stack (Java, AWS)",Capital One,"Chicago, IL", - ,linkedin_kaggle,2026-05-09 18:56:51,linkedin_ds_it_vacancies.csv,Full-time,Mid-Senior level,False
"Senior Manager, Software Engineering, Back End",Capital One,"McLean, VA", - ,linkedin_kaggle,2026-05-09 18:56:51,linkedin_ds_it_vacancies.csv,Full-time,Mid-Senior level,False
"Senior Software Engineer, Back End (Python)",Capital One,"San Francisco, CA", - ,linkedin_kaggle,2026-05-09 18:56:51,linkedin_ds_it_vacancies.csv,Full-time,Mid-Senior level,False
"Manager, Software Engineer",Capital One,"Richmond, VA", - ,linkedin_kaggle,2026-05-09 18:56:51,linkedin_ds_it_vacancies.csv,Full-time,Entry level,False
Senior Data Analyst,Capital One,"McLean, VA", - ,linkedin_kaggle,2026-05-09 18:56:51,linkedin_ds_it_vacancies.csv,Full-time,Mid-Senior level,False
"Lead, Software Engineer, Full Stack",Capital One,"New York, NY", - ,linkedin_kaggle,2026-05-09 18:56:51,linkedin_ds_it_vacancies.csv,Full-time,Mid-Senior level,False
"Manager, Software Engineering, iOS",Capital One,"New York, NY", - ,linkedin_kaggle,2026-05-09 18:56:51,linkedin_ds_it_vacancies.csv,Full-time,Mid-Senior level,False
Python Developer,OPSPROs,United States, - ,linkedin_kaggle,2026-05-09 18:56:51,linkedin_ds_it_vacancies.csv,Full-time,,True
Data Engineer II,Honeywell,"Charlotte, NC", - ,linkedin_kaggle,2026-05-09 18:56:51,linkedin_ds_it_vacancies.csv,Full-time,Entry level,False
Sr Embedded Software Engineer,Honeywell,"Phoenix, AZ", - ,linkedin_kaggle,2026-05-09 18:56:51,linkedin_ds_it_vacancies.csv,Full-time,Mid-Senior level,False
Data Analyst,Tata Consultancy Services,"Bellevue, WA", - ,linkedin_kaggle,2026-05-09 18:56:51,linkedin_ds_it_vacancies.csv,Full-time,Entry level,False
Software Engineer - Booking - Costco Travel,Costco Wholesale,"Seattle, WA",85000.0 - 135000.0,linkedin_kaggle,2026-05-09 18:56:51,linkedin_ds_it_vacancies.csv,Full-time,Entry level,False
Sr. Software Engineer - .NET Content Dev,GHX,"Louisville, CO",127000.0 - 146000.0,linkedin_kaggle,2026-05-09 18:56:51,linkedin_ds_it_vacancies.csv,Contract,Mid-Senior level,False
Lead Analytics Engineer,Spotter,"Culver City, CA",80000.0 - 500000.0,linkedin_kaggle,2026-05-09 18:56:51,linkedin_ds_it_vacancies.csv,Full-time,Mid-Senior level,False
"Senior Engineer, AI Software Engineering",Samsung Semiconductor,"San Diego, CA",116000.0 - 174000.0,linkedin_kaggle,2026-05-09 18:56:51,linkedin_ds_it_vacancies.csv,Full-time,Mid-Senior level,False
Principal Analytics Engineer,Spotter,"Culver City, CA",100000.0 - 500000.0,linkedin_kaggle,2026-05-09 18:56:51,linkedin_ds_it_vacancies.csv,Full-time,Mid-Senior level,False
"Director, Product Analytics",Spotter,"Culver City, CA",100000.0 - 500000.0,linkedin_kaggle,2026-05-09 18:56:51,linkedin_ds_it_vacancies.csv,Full-time,Director,False
Senior Data Scientist,Spotter,"Culver City, CA", - ,linkedin_kaggle,2026-05-09 18:56:51,linkedin_ds_it_vacancies.csv,Full-time,Mid-Senior level,False
HP Nonstop Software Engineer,TEKsystems,"Chandler, AZ", - ,linkedin_kaggle,2026-05-09 18:56:51,linkedin_ds_it_vacancies.csv,Full-time,Entry level,False
Data Engineer Manager,"Kiss Products, Inc.","Port Washington, NY",69000.0 - 137000.0,linkedin_kaggle,2026-05-09 18:56:51,linkedin_ds_it_vacancies.csv,Full-time,Mid-Senior level,False
Mid Level Python Developer- IMMEDIATE NEED,TEKsystems,"Englewood, CO", - ,linkedin_kaggle,2026-05-09 18:56:51,linkedin_ds_it_vacancies.csv,Full-time,Entry level,False
Senior Specialist Software Engineer,"ITS, LLC","Dahlgren, VA", - ,linkedin_kaggle,2026-05-09 18:56:51,linkedin_ds_it_vacancies.csv,Full-time,Mid-Senior level,False
Remote Sr Software Engineer - Infrastructure Systems & Software,Internet2,"Michigan, United States", - ,linkedin_kaggle,2026-05-09 18:56:51,linkedin_ds_it_vacancies.csv,Full-time,Mid-Senior level,True
Applied Researcher - Machine Learning,PointClickCare,United States,133000.0 - 150000.0,linkedin_kaggle,2026-05-09 18:56:51,linkedin_ds_it_vacancies.csv,Full-time,Mid-Senior level,True
Senior Software Engineer,Cohesity,"San Jose, CA", - ,linkedin_kaggle,2026-05-09 18:56:51,linkedin_ds_it_vacancies.csv,Full-time,Mid-Senior level,False
"Manager, Financial Planning & Analytics",Hyundai Capital America,"Irvine, CA",103500.0 - 160400.0,linkedin_kaggle,2026-05-09 18:56:51,linkedin_ds_it_vacancies.csv,Full-time,Mid-Senior level,False
Data Engineer General,FastTek Global,"Dearborn, MI", - ,linkedin_kaggle,2026-05-09 18:56:51,linkedin_ds_it_vacancies.csv,Full-time,Mid-Senior level,False
Software Engineer,"Niantic, Inc.","Palo Alto, CA",135000.0 - 150000.0,linkedin_kaggle,2026-05-09 18:56:51,linkedin_ds_it_vacancies.csv,Full-time,Entry level,False
Data Engineer,Russell Tobin,"Austin, Texas Metropolitan Area",50.0 - 57.0,linkedin_kaggle,2026-05-09 18:56:51,linkedin_ds_it_vacancies.csv,Contract,Mid-Senior level,True
"Sr. Manager, Business Intelligence",Spectrum,"Charlotte, NC", - ,linkedin_kaggle,2026-05-09 18:56:51,linkedin_ds_it_vacancies.csv,Full-time,Mid-Senior level,False
Principal Software Engineer,Drake Software,United States, - ,linkedin_kaggle,2026-05-09 18:56:51,linkedin_ds_it_vacancies.csv,Full-time,Mid-Senior level,True
Data Scientist Lead – Telematics (Remote),USAA,"Houston, TX",158960.0 - 286130.0,linkedin_kaggle,2026-05-09 18:56:51,linkedin_ds_it_vacancies.csv,Full-time,Mid-Senior level,True
Guidewire Software Engineer Senior,USAA,"San Antonio, TX", - ,linkedin_kaggle,2026-05-09 18:56:51,linkedin_ds_it_vacancies.csv,Full-time,Mid-Senior level,False
Mid-Level Software Engineer-Guidewire Contact Manager,USAA,"San Antonio, TX", - ,linkedin_kaggle,2026-05-09 18:56:51,linkedin_ds_it_vacancies.csv,Full-time,Entry level,False
Guidewire Software Engineer - Mid Level,USAA,"Phoenix, AZ", - ,linkedin_kaggle,2026-05-09 18:56:51,linkedin_ds_it_vacancies.csv,Full-time,Entry level,False
Founding Data Scientist,Не указана,United States, - ,linkedin_kaggle,2026-05-09 18:56:51,linkedin_ds_it_vacancies.csv,Part-time,,True
Medical Data Analyst / Programmer,Nippon Life Benefits,"New York, NY",70000.0 - 95000.0,linkedin_kaggle,2026-05-09 18:56:51,linkedin_ds_it_vacancies.csv,Full-time,,False
"Software Engineer I, AIX",Alphatec Spine,"Carlsbad, CA", - ,linkedin_kaggle,2026-05-09 18:56:51,linkedin_ds_it_vacancies.csv,Full-time,Entry level,False
Senior Software Engineer,"Core Techs, Inc","Winston-Salem, NC",110000.0 - 120000.0,linkedin_kaggle,2026-05-09 18:56:51,linkedin_ds_it_vacancies.csv,Full-time,Mid-Senior level,False
Business Analytics Associate,Above Lending,"Chicago, IL", - ,linkedin_kaggle,2026-05-09 18:56:51,linkedin_ds_it_vacancies.csv,Full-time,Entry level,False
Data Engineer II,Advantis Global is becoming INSPYR Solutions,"Bellevue, WA",65.0 - 65.0,linkedin_kaggle,2026-05-09 18:56:51,linkedin_ds_it_vacancies.csv,Contract,Mid-Senior level,False
Director of Business Analytics,Above Lending,"Chicago, IL", - ,linkedin_kaggle,2026-05-09 18:56:51,linkedin_ds_it_vacancies.csv,Full-time,Director,False
Senior Software Engineer,Yahoo,United States,128250.0 - 266875.0,linkedin_kaggle,2026-05-09 18:56:51,linkedin_ds_it_vacancies.csv,Full-time,Mid-Senior level,True
Principal Software Engineer,Yahoo,United States,143625.0 - 299375.0,linkedin_kaggle,2026-05-09 18:56:51,linkedin_ds_it_vacancies.csv,Full-time,Mid-Senior level,True
"Principal Software Engineer, Core Mail Backend",Yahoo,United States,143625.0 - 299375.0,linkedin_kaggle,2026-05-09 18:56:51,linkedin_ds_it_vacancies.csv,Full-time,Mid-Senior level,True
"Senior Software Engineer, Machine Learning",ZipRecruiter,"Palo Alto, CA", - ,linkedin_kaggle,2026-05-09 18:56:51,linkedin_ds_it_vacancies.csv,Full-time,,True
Machine Learning Engineer,Qualcomm,"Santa Clara, CA",156500.0 - 234500.0,linkedin_kaggle,2026-05-09 18:56:51,linkedin_ds_it_vacancies.csv,Full-time,,False
"Software Engineer II, Frontend (T&S Experience)",Affirm,"San Jose, CA", - ,linkedin_kaggle,2026-05-09 18:56:51,linkedin_ds_it_vacancies.csv,Full-time,Mid-Senior level,True
Data Analyst - Financial,Frost,"San Antonio, TX", - ,linkedin_kaggle,2026-05-09 18:56:51,linkedin_ds_it_vacancies.csv,Full-time,Entry level,False
"(Senior) Bioinformatics Data Engineer, Translational and Quantitative Sciences Data Engineering",Genmab,"Princeton, NJ", - ,linkedin_kaggle,2026-05-09 18:56:51,linkedin_ds_it_vacancies.csv,Full-time,Mid-Senior level,False
"Director, Commercial Operations (capital equipment sales effectiveness, enablement, analytics, excellence) (on-site)",Baxter International Inc.,"Deerfield, IL", - ,linkedin_kaggle,2026-05-09 18:56:51,linkedin_ds_it_vacancies.csv,Full-time,Director,False
Senior Director of Analytics ,Harnham,San Francisco Bay Area,250000.0 - 350000.0,linkedin_kaggle,2026-05-09 18:56:51,linkedin_ds_it_vacancies.csv,Full-time,Director,False
Software Engineer,People Tech Group Inc,"Seattle, WA", - ,linkedin_kaggle,2026-05-09 18:56:51,linkedin_ds_it_vacancies.csv,Full-time,Associate,False
Data Scientist - AI Investment,Burton Recruitment Limited,United States,200000.0 - 250000.0,linkedin_kaggle,2026-05-09 18:56:51,linkedin_ds_it_vacancies.csv,Full-time,Mid-Senior level,True
Full Stack Software Engineer,Earth Robotics,"Miami, FL",75000.0 - 95000.0,linkedin_kaggle,2026-05-09 18:56:51,linkedin_ds_it_vacancies.csv,Full-time,,False
Senior Manager - Forecasting & Analytics,Comcast,"Atlanta, GA", - ,linkedin_kaggle,2026-05-09 18:56:51,linkedin_ds_it_vacancies.csv,Full-time,Mid-Senior level,False
Staff Software Engineer,Mach7 Technologies,"Houston, TX", - ,linkedin_kaggle,2026-05-09 18:56:51,linkedin_ds_it_vacancies.csv,Full-time,Mid-Senior level,True
Oracle PL SQL Developer,Ideaon,"Raleigh, NC",55.0 - 60.0,linkedin_kaggle,2026-05-09 18:56:51,linkedin_ds_it_vacancies.csv,Full-time,Mid-Senior level,False
Lead Data Engineer,OtterBase,"Nashville, TN",155000.0 - 180000.0,linkedin_kaggle,2026-05-09 18:56:51,linkedin_ds_it_vacancies.csv,Full-time,Mid-Senior level,True
Data Scientist,E-Solutions,"California, United States", - ,linkedin_kaggle,2026-05-09 18:56:51,linkedin_ds_it_vacancies.csv,Contract,Mid-Senior level,False
"Exciting Opportunity: Global Analytics, BI Manager (Contract-to-Hire)",Bayforce,"Wisconsin, United States", - ,linkedin_kaggle,2026-05-09 18:56:51,linkedin_ds_it_vacancies.csv,Contract,Mid-Senior level,False
Software Engineer in Test,BrickRed Systems,"Redmond, WA",45.0 - 50.0,linkedin_kaggle,2026-05-09 18:56:51,linkedin_ds_it_vacancies.csv,Contract,Associate,False
Data Engineer ,Sigma Resources LLC,"Harrisburg, PA", - ,linkedin_kaggle,2026-05-09 18:56:51,linkedin_ds_it_vacancies.csv,Full-time,Mid-Senior level,False
Lead Business Intelligence Developer,Ingenium Talent,"Louisville, KY", - ,linkedin_kaggle,2026-05-09 18:56:51,linkedin_ds_it_vacancies.csv,Full-time,Mid-Senior level,False
Machine Learning Engineer,The Rockefeller University,New York City Metropolitan Area,70000.0 - 130000.0,linkedin_kaggle,2026-05-09 18:56:51,linkedin_ds_it_vacancies.csv,Full-time,,False
Digital Analytics Manager,Harnham,United States, - ,linkedin_kaggle,2026-05-09 18:56:51,linkedin_ds_it_vacancies.csv,Full-time,Associate,True
Software Engineer,Rose International,"Cedar Rapids, IA",50.0 - 50.0,linkedin_kaggle,2026-05-09 18:56:51,linkedin_ds_it_vacancies.csv,Temporary,Mid-Senior level,False
Global Analytics & BI Manager,Bayforce,"Milwaukee, WI", - ,linkedin_kaggle,2026-05-09 18:56:51,linkedin_ds_it_vacancies.csv,Full-time,Mid-Senior level,False
Senior Director – Enterprise Data Engineering,McKesson,"Illinois, United States",191200.0 - 318600.0,linkedin_kaggle,2026-05-09 18:56:51,linkedin_ds_it_vacancies.csv,Full-time,Director,False
Data Analyst,Complete Staffing Solutions,"Atlanta, GA",95000.0 - 95000.0,linkedin_kaggle,2026-05-09 18:56:51,linkedin_ds_it_vacancies.csv,Full-time,Entry level,False
Data Engineer,McKesson,"Dallas, TX", - ,linkedin_kaggle,2026-05-09 18:56:51,linkedin_ds_it_vacancies.csv,Full-time,Entry level,False
Senior Data Analyst,Educated Solutions Corp,"Richardson, TX", - ,linkedin_kaggle,2026-05-09 18:56:51,linkedin_ds_it_vacancies.csv,Full-time,Associate,False
Senior Azure Data Engineer,Talent Groups,United States, - ,linkedin_kaggle,2026-05-09 18:56:51,linkedin_ds_it_vacancies.csv,Contract,Mid-Senior level,True
Principal Software Engineer (C++),Oracle,United States, - ,linkedin_kaggle,2026-05-09 18:56:51,linkedin_ds_it_vacancies.csv,Full-time,Mid-Senior level,True
Machine Learning Engineer,BoldPine,United States, - ,linkedin_kaggle,2026-05-09 18:56:51,linkedin_ds_it_vacancies.csv,Full-time,,True
Principal Software Engineer (Network File System),Oracle,United States, - ,linkedin_kaggle,2026-05-09 18:56:51,linkedin_ds_it_vacancies.csv,Full-time,Mid-Senior level,True
Senior Software Engineer - Infrastructure,Altera,"Menlo Park, CA", - ,linkedin_kaggle,2026-05-09 18:56:51,linkedin_ds_it_vacancies.csv,Full-time,,False
Machine Learning Engineer,Searchability®,"New York, NY",200000.0 - 250000.0,linkedin_kaggle,2026-05-09 18:56:51,linkedin_ds_it_vacancies.csv,Full-time,Mid-Senior level,False
Software Engineer,ITR Group,Greater Minneapolis-St. Paul Area, - ,linkedin_kaggle,2026-05-09 18:56:51,linkedin_ds_it_vacancies.csv,Contract,Associate,False
Software Engineer -Gaming,BrickRed Systems,United States, - ,linkedin_kaggle,2026-05-09 18:56:51,linkedin_ds_it_vacancies.csv,Contract,Mid-Senior level,True
JavaFX Software Engineer,John Galt Staffing,"Manassas, VA", - ,linkedin_kaggle,2026-05-09 18:56:51,linkedin_ds_it_vacancies.csv,Full-time,Associate,False
Lead Data Engineer,"Pyramid Consulting, Inc","Wilmington, DE",60.0 - 65.0,linkedin_kaggle,2026-05-09 18:56:51,linkedin_ds_it_vacancies.csv,Contract,,False
Software Engineer in Test,VRN Technologies,"Phoenix, AZ", - ,linkedin_kaggle,2026-05-09 18:56:51,linkedin_ds_it_vacancies.csv,Contract,,False
Sr. AWS Data Engineer - Hybrid ,Cognizant,"Baltimore, MD", - ,linkedin_kaggle,2026-05-09 18:56:51,linkedin_ds_it_vacancies.csv,Full-time,Mid-Senior level,False
Technical Software Engineer,KYYBA Inc,"Warren, MI", - ,linkedin_kaggle,2026-05-09 18:56:51,linkedin_ds_it_vacancies.csv,Contract,,False
 Software Engineer - Proprietary languages,LexisNexis Risk Solutions,United States, - ,linkedin_kaggle,2026-05-09 18:56:51,linkedin_ds_it_vacancies.csv,Full-time,Associate,True
Data Engineer,Не указана,New York City Metropolitan Area, - ,linkedin_kaggle,2026-05-09 18:56:51,linkedin_ds_it_vacancies.csv,Full-time,,False
Big Data Engineer,Themesoft Inc.,"Dallas, TX", - ,linkedin_kaggle,2026-05-09 18:56:51,linkedin_ds_it_vacancies.csv,Contract,Mid-Senior level,False
Senior Software Engineer,Digital Prospectors,"Minneapolis, MN", - ,linkedin_kaggle,2026-05-09 18:56:51,linkedin_ds_it_vacancies.csv,Contract,Mid-Senior level,False
Senior Financial Data Analyst,"The GEO Group, Inc.","Boulder, CO",80000.0 - 90000.0,linkedin_kaggle,2026-05-09 18:56:51,linkedin_ds_it_vacancies.csv,Full-time,Mid-Senior level,False
"Junior Associate, Data & Analytics - CHI",AdTheorent,"Chicago, IL", - ,linkedin_kaggle,2026-05-09 18:56:51,linkedin_ds_it_vacancies.csv,Full-time,Entry level,False
Data Analyst,Quantum World Technologies Inc.,United States, - ,linkedin_kaggle,2026-05-09 18:56:51,linkedin_ds_it_vacancies.csv,Contract,Mid-Senior level,True
Senior Data Analyst,bp,"Chicago, IL", - ,linkedin_kaggle,2026-05-09 18:56:51,linkedin_ds_it_vacancies.csv,Full-time,Associate,False
Software Engineer,Equifax,"Alpharetta, GA", - ,linkedin_kaggle,2026-05-09 18:56:51,linkedin_ds_it_vacancies.csv,Full-time,Mid-Senior level,False
Senior Software Engineer - MFT,Equifax,"Alpharetta, GA", - ,linkedin_kaggle,2026-05-09 18:56:51,linkedin_ds_it_vacancies.csv,Full-time,Mid-Senior level,False
Data Analyst,Coders Data,New York City Metropolitan Area, - ,linkedin_kaggle,2026-05-09 18:56:51,linkedin_ds_it_vacancies.csv,Full-time,Entry level,True
Staff Software Engineer,NAVEX,United States, - ,linkedin_kaggle,2026-05-09 18:56:51,linkedin_ds_it_vacancies.csv,Full-time,Mid-Senior level,True
Quantative Risk / Financial Data Analytics Consultant,Amtex Systems Inc.,"Atlanta, GA", - ,linkedin_kaggle,2026-05-09 18:56:51,linkedin_ds_it_vacancies.csv,Contract,Mid-Senior level,True
Senior Lead Software Engineer,NAVEX,"Portland, Oregon Metropolitan Area", - ,linkedin_kaggle,2026-05-09 18:56:51,linkedin_ds_it_vacancies.csv,Full-time,Mid-Senior level,False
Oracle PL/SQL Developer,"American Unit, Inc","Raleigh, NC", - ,linkedin_kaggle,2026-05-09 18:56:51,linkedin_ds_it_vacancies.csv,Contract,Mid-Senior level,False
Embedded Software Engineer,JAM Staffing,"Austin, TX", - ,linkedin_kaggle,2026-05-09 18:56:51,linkedin_ds_it_vacancies.csv,Full-time,Associate,True
Onboard Performance Tool (OPT) Software Engineer (Experienced/Senior/Lead),Boeing,"Tukwila, WA", - ,linkedin_kaggle,2026-05-09 18:56:51,linkedin_ds_it_vacancies.csv,Full-time,,False
Modeling and Simulation Software Engineer (Associate or Experienced),Boeing,"Colorado Springs, CO", - ,linkedin_kaggle,2026-05-09 18:56:51,linkedin_ds_it_vacancies.csv,Full-time,,False
Practice Group Senior Data Analyst,"Morgan, Lewis & Bockius LLP","Philadelphia, PA", - ,linkedin_kaggle,2026-05-09 18:56:51,linkedin_ds_it_vacancies.csv,Full-time,Mid-Senior level,False
Global Quality Process Development & Data Analytics Leader,GE Vernova,"Clearwater, FL", - ,linkedin_kaggle,2026-05-09 18:56:51,linkedin_ds_it_vacancies.csv,Full-time,Director,False
Sr Software Engineer,Uber,"Sunnyvale, CA", - ,linkedin_kaggle,2026-05-09 18:56:51,linkedin_ds_it_vacancies.csv,Full-time,Mid-Senior level,False
Data Analyst,Community Foundation for a greater Richmond,"Richmond, VA", - ,linkedin_kaggle,2026-05-09 18:56:51,linkedin_ds_it_vacancies.csv,Full-time,,False
"Senior Business Intelligence Analyst, Marketing",Zillow,United States,117000.0 - 187000.0,linkedin_kaggle,2026-05-09 18:56:51,linkedin_ds_it_vacancies.csv,Full-time,Mid-Senior level,True
Senior Software Engineer,Uber,"Seattle, WA", - ,linkedin_kaggle,2026-05-09 18:56:51,linkedin_ds_it_vacancies.csv,Full-time,Mid-Senior level,False
"Senior Practice Principal -Data, Analytics, AI (US Remote)",DXC Technology,"Texas, United States",137000.0 - 254400.0,linkedin_kaggle,2026-05-09 18:56:51,linkedin_ds_it_vacancies.csv,Full-time,Director,True
Sr Embedded Software Engineer,Randstad Digital Americas,"Colorado Springs, CO",110000.0 - 140000.0,linkedin_kaggle,2026-05-09 18:56:51,linkedin_ds_it_vacancies.csv,Full-time,,False
Senior Software Engineer,Confidential,Greater Boston,140000.0 - 170000.0,linkedin_kaggle,2026-05-09 18:56:51,linkedin_ds_it_vacancies.csv,Full-time,Mid-Senior level,False
Principal Software Engineer,Confidential,Greater Boston,125000.0 - 130000.0,linkedin_kaggle,2026-05-09 18:56:51,linkedin_ds_it_vacancies.csv,Full-time,Mid-Senior level,False
Mission Software Engineer - Fury / CCA (Generalist),Anduril Industries,"Washington, DC",138000.0 - 252000.0,linkedin_kaggle,2026-05-09 18:56:51,linkedin_ds_it_vacancies.csv,Full-time,Entry level,False
"Software Engineer, Automation & Tooling",HubSpot,United States, - ,linkedin_kaggle,2026-05-09 18:56:51,linkedin_ds_it_vacancies.csv,Full-time,Entry level,True
Data Engineer SME (Data Collection Engines) - U.S. Citizenship Required,CGI,"Fairfax, VA", - ,linkedin_kaggle,2026-05-09 18:56:51,linkedin_ds_it_vacancies.csv,Full-time,Entry level,False
"Senior/Lead Data Analyst, Finance & Strategy",Chime,"San Francisco, CA",114700.0 - 207300.0,linkedin_kaggle,2026-05-09 18:56:51,linkedin_ds_it_vacancies.csv,Full-time,Mid-Senior level,False
Sr Software Engineer,Nutrien,"Loveland, CO", - ,linkedin_kaggle,2026-05-09 18:56:51,linkedin_ds_it_vacancies.csv,Full-time,Mid-Senior level,False
Software Engineer - Video and Audio Editor,Pipio,United States,150000.0 - 250000.0,linkedin_kaggle,2026-05-09 18:56:51,linkedin_ds_it_vacancies.csv,Full-time,,True
"Engineering Manager, Analytics",Vidmob,United States, - ,linkedin_kaggle,2026-05-09 18:56:51,linkedin_ds_it_vacancies.csv,Full-time,Mid-Senior level,True
Software Engineering Intern,Trimble Inc.,"Portland, OR", - ,linkedin_kaggle,2026-05-09 18:56:51,linkedin_ds_it_vacancies.csv,Internship,Mid-Senior level,False
"Software Engineer, Core Data Services",Qumulo,"Seattle, WA",140000.0 - 190000.0,linkedin_kaggle,2026-05-09 18:56:51,linkedin_ds_it_vacancies.csv,Full-time,Entry level,False
Digital Analytics & Insights Analyst,Johnson & Johnson,"New Brunswick, NJ", - ,linkedin_kaggle,2026-05-09 18:56:51,linkedin_ds_it_vacancies.csv,Full-time,,False
Software Engineer III - Machine Learning,Staples,"Framingham, MA", - ,linkedin_kaggle,2026-05-09 18:56:51,linkedin_ds_it_vacancies.csv,Full-time,Mid-Senior level,False
Advanced Business Intelligence Analyst,Saint Joseph Mercy Health System,"Ann Arbor, MI", - ,linkedin_kaggle,2026-05-09 18:56:51,linkedin_ds_it_vacancies.csv,Full-time,Mid-Senior level,False
Credit Data Analyst 3 (Remote),Nordstrom,"Centennial, CO",89000.0 - 170500.0,linkedin_kaggle,2026-05-09 18:56:51,linkedin_ds_it_vacancies.csv,Full-time,Mid-Senior level,True
Principal Software Engineer,Motion Recruitment,"Washington, DC", - ,linkedin_kaggle,2026-05-09 18:56:51,linkedin_ds_it_vacancies.csv,Full-time,Mid-Senior level,True
Credit Data Analyst 2 (Remote),Nordstrom,United States,76500.0 - 145000.0,linkedin_kaggle,2026-05-09 18:56:51,linkedin_ds_it_vacancies.csv,Full-time,Mid-Senior level,True
Staff Software Engineer,Motion Recruitment,"San Francisco, CA", - ,linkedin_kaggle,2026-05-09 18:56:51,linkedin_ds_it_vacancies.csv,Contract,Mid-Senior level,True
Software Engineer,Leidos,"Gaithersburg, MD", - ,linkedin_kaggle,2026-05-09 18:56:51,linkedin_ds_it_vacancies.csv,Full-time,Entry level,False
"Principal Software Engineer, Software Hardware Controls",Dice,"Westborough, MA", - ,linkedin_kaggle,2026-05-09 18:56:51,linkedin_ds_it_vacancies.csv,Full-time,Mid-Senior level,False
Retail Banking Center Distribution Strategy and Analytics Manager,Comerica Bank,"Dallas, TX", - ,linkedin_kaggle,2026-05-09 18:56:51,linkedin_ds_it_vacancies.csv,Full-time,Mid-Senior level,False
Sr. Software Engineer - Test (SDET) - Paze,Early Warning®,"New York, NY",115000.0 - 150000.0,linkedin_kaggle,2026-05-09 18:56:51,linkedin_ds_it_vacancies.csv,Full-time,Mid-Senior level,False
"Director, Data and Analytics Enablement",Comerica Bank,"Frisco, TX", - ,linkedin_kaggle,2026-05-09 18:56:51,linkedin_ds_it_vacancies.csv,Full-time,Director,False
Software Engineer I,Chewy,"Boston, MA", - ,linkedin_kaggle,2026-05-09 18:56:51,linkedin_ds_it_vacancies.csv,Full-time,Entry level,False
Enterprise Payments Data Analytics Business Analyst,Wells Fargo,"Charlotte, NC",96600.0 - 206100.0,linkedin_kaggle,2026-05-09 18:56:51,linkedin_ds_it_vacancies.csv,Full-time,Associate,False
Staff Data Engineer / AI / Snowflake,Motion Recruitment,"Los Angeles, CA", - ,linkedin_kaggle,2026-05-09 18:56:51,linkedin_ds_it_vacancies.csv,Full-time,Mid-Senior level,False
Senior Software Engineer,WEX,"Portland, ME", - ,linkedin_kaggle,2026-05-09 18:56:51,linkedin_ds_it_vacancies.csv,Full-time,Mid-Senior level,False
Software Engineer,"Lowe's Companies, Inc.","Charlotte, NC",75300.0 - 143100.0,linkedin_kaggle,2026-05-09 18:56:51,linkedin_ds_it_vacancies.csv,Full-time,Entry level,False
Senior Software Engineer,"Lowe's Companies, Inc.","Charlotte, NC",92300.0 - 175400.0,linkedin_kaggle,2026-05-09 18:56:51,linkedin_ds_it_vacancies.csv,Full-time,Mid-Senior level,False
Microsoft Azure Data Analytics and BI Lead,UBS,"New Jersey, United States", - ,linkedin_kaggle,2026-05-09 18:56:51,linkedin_ds_it_vacancies.csv,Full-time,,False
Associate Software Engineer,Cotiviti,United States,68000.0 - 95000.0,linkedin_kaggle,2026-05-09 18:56:51,linkedin_ds_it_vacancies.csv,Full-time,Associate,True
TikTok Shop - Data Scientist - User Growth,TikTok,"Seattle, WA",167537.0 - 312866.0,linkedin_kaggle,2026-05-09 18:56:51,linkedin_ds_it_vacancies.csv,Full-time,,False
Senior Software Engineer,U.S. Bank,"St Paul, MN",108375.0 - 140250.0,linkedin_kaggle,2026-05-09 18:56:51,linkedin_ds_it_vacancies.csv,Full-time,Mid-Senior level,False
"Manager, Software Engineering",Procore Technologies,"Austin, TX",158680.0 - 218185.0,linkedin_kaggle,2026-05-09 18:56:51,linkedin_ds_it_vacancies.csv,Full-time,Mid-Senior level,False
"Staff Software Engineer, Treat Team",Included Health,United States,150800.0 - 275950.0,linkedin_kaggle,2026-05-09 18:56:51,linkedin_ds_it_vacancies.csv,Full-time,Mid-Senior level,True
"Machine Learning Engineer, E-Commerce",TikTok,"San Jose, CA",145000.0 - 355000.0,linkedin_kaggle,2026-05-09 18:56:51,linkedin_ds_it_vacancies.csv,Full-time,,False
"Machine Learning Engineer, Search - E-Commerce",TikTok,"Seattle, WA",137750.0 - 337250.0,linkedin_kaggle,2026-05-09 18:56:51,linkedin_ds_it_vacancies.csv,Full-time,,False
"Machine Learning Engineer, Recommendation - E-Commerce",TikTok,"San Jose, CA",145000.0 - 355000.0,linkedin_kaggle,2026-05-09 18:56:51,linkedin_ds_it_vacancies.csv,Full-time,,False
"Senior Software Engineer, Corporate Treasury, GS Bank Engineering",Goldman Sachs,"New York, NY", - ,linkedin_kaggle,2026-05-09 18:56:51,linkedin_ds_it_vacancies.csv,Full-time,Mid-Senior level,False
"analytics manager, Global Coffee (Remote)",Starbucks,"Seattle, WA", - ,linkedin_kaggle,2026-05-09 18:56:51,linkedin_ds_it_vacancies.csv,Full-time,,True
"DevOps Engineer, Transaction Banking, Cloud Data Engineering",Goldman Sachs,"Dallas, TX", - ,linkedin_kaggle,2026-05-09 18:56:51,linkedin_ds_it_vacancies.csv,Full-time,Mid-Senior level,False
Senior Developer Relationship Manager – Physics Informed Machine Learning,NVIDIA,"Santa Clara, CA",180000.0 - 339250.0,linkedin_kaggle,2026-05-09 18:56:51,linkedin_ds_it_vacancies.csv,Full-time,Mid-Senior level,False
"SR AD, Clinical Systems & Analytics",Boehringer Ingelheim,"Ridgefield, CT",183000.0 - 280000.0,linkedin_kaggle,2026-05-09 18:56:51,linkedin_ds_it_vacancies.csv,Full-time,Mid-Senior level,False
"Senior Data Scientist, Developer Experience",Klaviyo,"Boston, MA",156800.0 - 235200.0,linkedin_kaggle,2026-05-09 18:56:51,linkedin_ds_it_vacancies.csv,Full-time,Mid-Senior level,False
"Senior Data Scientist, Internal Operations",Klaviyo,"Boston, MA",156800.0 - 235200.0,linkedin_kaggle,2026-05-09 18:56:51,linkedin_ds_it_vacancies.csv,Full-time,Mid-Senior level,False
Machine Learning Compiler Engineer,Qualcomm,"Austin, TX",148500.0 - 222500.0,linkedin_kaggle,2026-05-09 18:56:51,linkedin_ds_it_vacancies.csv,Full-time,,False
"Embedded Software Engineer, Flight Systems Infrastructure",Joby Aviation,"Santa Cruz, CA",109100.0 - 145500.0,linkedin_kaggle,2026-05-09 18:56:51,linkedin_ds_it_vacancies.csv,Full-time,,False
Software Engineer Intern - Summer 2024,Lexmark,"Lexington, KY", - ,linkedin_kaggle,2026-05-09 18:56:51,linkedin_ds_it_vacancies.csv,Full-time,Internship,False
AI Enthusiast Software Engineers (Full Stack / Backend) Instructor,Interview Kickstart,United States, - ,linkedin_kaggle,2026-05-09 18:56:51,linkedin_ds_it_vacancies.csv,Part-time,Mid-Senior level,True
Part-time Mentor - Data Analyst/Business Analyst (DABA),Interview Kickstart,United States, - ,linkedin_kaggle,2026-05-09 18:56:51,linkedin_ds_it_vacancies.csv,Part-time,Mid-Senior level,True
"Senior Software Engineer, Back End (GoLang)",SimplyApply,"McLean, VA", - ,linkedin_kaggle,2026-05-09 18:56:51,linkedin_ds_it_vacancies.csv,Internship,Mid-Senior level,False
Contract Software Engineer,breef,United States, - ,linkedin_kaggle,2026-05-09 18:56:51,linkedin_ds_it_vacancies.csv,Contract,Mid-Senior level,True
Data Engineer 3: 24-00989,"Akraya, Inc.","Austin, TX",53.0 - 55.0,linkedin_kaggle,2026-05-09 18:56:51,linkedin_ds_it_vacancies.csv,Full-time,Mid-Senior level,True
Part-time Data Engineering Mentor,Interview Kickstart,United States, - ,linkedin_kaggle,2026-05-09 18:56:51,linkedin_ds_it_vacancies.csv,Part-time,Mid-Senior level,True
Part-time Machine Learning Mentor (US),Interview Kickstart,United States, - ,linkedin_kaggle,2026-05-09 18:56:51,linkedin_ds_it_vacancies.csv,Part-time,Mid-Senior level,True
Embedded Software Engineer,Prodigy Resources,"Indianapolis, IN",85000.0 - 115000.0,linkedin_kaggle,2026-05-09 18:56:51,linkedin_ds_it_vacancies.csv,Full-time,Mid-Senior level,False
Data Analyst,Catapult Solutions Group,Cincinnati Metropolitan Area,110000.0 - 140000.0,linkedin_kaggle,2026-05-09 18:56:51,linkedin_ds_it_vacancies.csv,Full-time,Mid-Senior level,False
Senior Java Software Engineer,Aditi Consulting,Cincinnati Metropolitan Area, - ,linkedin_kaggle,2026-05-09 18:56:51,linkedin_ds_it_vacancies.csv,Contract,Mid-Senior level,False
Commercial Insights & Analytics Analyst,Radiant Systems Inc,"Plainsboro, NJ", - ,linkedin_kaggle,2026-05-09 18:56:51,linkedin_ds_it_vacancies.csv,Contract,,False
NHL Data Scientist,Swish Analytics,United States,107000.0 - 175000.0,linkedin_kaggle,2026-05-09 18:56:51,linkedin_ds_it_vacancies.csv,Full-time,Mid-Senior level,True
Software Engineer,ENGIE Impact,"Boston, MA",81000.0 - 122000.0,linkedin_kaggle,2026-05-09 18:56:51,linkedin_ds_it_vacancies.csv,Full-time,Associate,False
Software Engineer,PLANSIGHT,"Utah, United States",110000.0 - 120000.0,linkedin_kaggle,2026-05-09 18:56:51,linkedin_ds_it_vacancies.csv,Full-time,,True
Azure Data Engineer ,Не указана,United States, - ,linkedin_kaggle,2026-05-09 18:56:51,linkedin_ds_it_vacancies.csv,Contract,Mid-Senior level,True
Principal Software Engineer,Talent Bull Inc.,United States,160000.0 - 170000.0,linkedin_kaggle,2026-05-09 18:56:51,linkedin_ds_it_vacancies.csv,Full-time,Mid-Senior level,True
Data Engineer,Chmura Economics & Analytics,"Cleveland, OH", - ,linkedin_kaggle,2026-05-09 18:56:51,linkedin_ds_it_vacancies.csv,Full-time,Entry level,False
Data Analyst,"First Tek, Inc.","Los Angeles County, CA", - ,linkedin_kaggle,2026-05-09 18:56:51,linkedin_ds_it_vacancies.csv,Contract,Associate,False
Data Engineer with OCR Expertise in Life Sciences,Ignitec Inc,"Sterling, VA", - ,linkedin_kaggle,2026-05-09 18:56:51,linkedin_ds_it_vacancies.csv,Full-time,,False
Data Analyst,"TechGroup America ""TGA"" - A Software Development, Data Analytics and Digital IT Solutions Enterprise","Los Angeles, CA", - ,linkedin_kaggle,2026-05-09 18:56:51,linkedin_ds_it_vacancies.csv,Contract,,True
Python Developer,Tech Mahindra,United States, - ,linkedin_kaggle,2026-05-09 18:56:51,linkedin_ds_it_vacancies.csv,Full-time,Director,True
Data Management – Business Data Analyst,Softcom Systems Inc,"Dallas, TX", - ,linkedin_kaggle,2026-05-09 18:56:51,linkedin_ds_it_vacancies.csv,Contract,,False
Machine Learning Operations and Data Engineer,Emancro,"Berkeley, CA",150000.0 - 180000.0,linkedin_kaggle,2026-05-09 18:56:51,linkedin_ds_it_vacancies.csv,Full-time,,False
Data Scientist with GenAI,TOPSYS IT,"Plano, TX", - ,linkedin_kaggle,2026-05-09 18:56:51,linkedin_ds_it_vacancies.csv,Contract,,False
Software Engineering Enthusiast,BreatheITFoundation,United States, - ,linkedin_kaggle,2026-05-09 18:56:51,linkedin_ds_it_vacancies.csv,Volunteer,,True
"Senior Data Engineer, Governance",GameChanger,United States,150000.0 - 190000.0,linkedin_kaggle,2026-05-09 18:56:51,linkedin_ds_it_vacancies.csv,Full-time,Mid-Senior level,True
Software Engineer,COGENT Infotech,"Chelsea, MA", - ,linkedin_kaggle,2026-05-09 18:56:51,linkedin_ds_it_vacancies.csv,Full-time,,False
Software Engineer,SparkLearn,United States, - ,linkedin_kaggle,2026-05-09 18:56:51,linkedin_ds_it_vacancies.csv,Full-time,,True
Data Analyst 1 - 10315,blueStone Staffing,United States,25.0 - 30.0,linkedin_kaggle,2026-05-09 18:56:51,linkedin_ds_it_vacancies.csv,Contract,Associate,True
Sr./Staff  WiFi MAC Software Engineer ,PriceSenz,"Santa Clara County, CA", - ,linkedin_kaggle,2026-05-09 18:56:51,linkedin_ds_it_vacancies.csv,Full-time,Mid-Senior level,False
Oracle IT Programmer/Software Engineer III,Tachyon Technologies,"Houston, TX", - ,linkedin_kaggle,2026-05-09 18:56:51,linkedin_ds_it_vacancies.csv,Contract,,False
Data Scientist,Centraprise,"Bentonville, AR", - ,linkedin_kaggle,2026-05-09 18:56:51,linkedin_ds_it_vacancies.csv,Full-time,Mid-Senior level,False
SQL Developer,Equity Staffing Group,United States,50.0 - 58.0,linkedin_kaggle,2026-05-09 18:56:51,linkedin_ds_it_vacancies.csv,Contract,Mid-Senior level,True
Snowflake Data Analyst,SysMind,"New York, NY", - ,linkedin_kaggle,2026-05-09 18:56:51,linkedin_ds_it_vacancies.csv,Contract,,False
.NET Software Engineer in Test (SDET),"Yoh, A Day & Zimmermann Company","Irving, TX",100000.0 - 105000.0,linkedin_kaggle,2026-05-09 18:56:51,linkedin_ds_it_vacancies.csv,Full-time,Associate,False
Python Developer with AI/ML,"Q1 Technologies, Inc.","Charlotte, NC", - ,linkedin_kaggle,2026-05-09 18:56:51,linkedin_ds_it_vacancies.csv,Full-time,,False
Business Data Analyst,Alpha Net,"Fremont, CA", - ,linkedin_kaggle,2026-05-09 18:56:51,linkedin_ds_it_vacancies.csv,Contract,,False
Embedded Software Engineer,"Zillion Technologies, Inc.","Philadelphia, PA", - ,linkedin_kaggle,2026-05-09 18:56:51,linkedin_ds_it_vacancies.csv,Contract,Mid-Senior level,False
GCP Data Engineer,Qualitative Financials,"San Francisco, CA", - ,linkedin_kaggle,2026-05-09 18:56:51,linkedin_ds_it_vacancies.csv,Contract,,True
Oracle Analytics Cloud Technical Developer ,RightTalents LLC,"New Jersey, United States", - ,linkedin_kaggle,2026-05-09 18:56:51,linkedin_ds_it_vacancies.csv,Contract,,False
Software Engineer,Settle,San Francisco Bay Area,150000.0 - 200000.0,linkedin_kaggle,2026-05-09 18:56:51,linkedin_ds_it_vacancies.csv,Full-time,Mid-Senior level,True
Data Analyst,Vervent,"San Diego, CA",66560.0 - 73000.0,linkedin_kaggle,2026-05-09 18:56:51,linkedin_ds_it_vacancies.csv,Full-time,Associate,False
"Data Analyst, Medicare Sales & Retention",Healthfirst,"New York, NY", - ,linkedin_kaggle,2026-05-09 18:56:51,linkedin_ds_it_vacancies.csv,Full-time,Entry level,False
Data Analyst,ektello,"Warren, MI",28.0 - 32.0,linkedin_kaggle,2026-05-09 18:56:51,linkedin_ds_it_vacancies.csv,Contract,Entry level,False
Data Analyst,STONE Resource Group,"Roswell, GA",35.0 - 40.0,linkedin_kaggle,2026-05-09 18:56:51,linkedin_ds_it_vacancies.csv,Contract,Associate,False
Software Engineer - AXIOM ,ScaleneWorks People Solutions LLP,"New Jersey, United States", - ,linkedin_kaggle,2026-05-09 18:56:51,linkedin_ds_it_vacancies.csv,Contract,Mid-Senior level,False
Data Engineer -W2,IT America Inc,"Richmond, VA", - ,linkedin_kaggle,2026-05-09 18:56:51,linkedin_ds_it_vacancies.csv,Full-time,,False
Mobile Software Engineer (iOS),"Amply Energy, Inc.",United States, - ,linkedin_kaggle,2026-05-09 18:56:51,linkedin_ds_it_vacancies.csv,Full-time,,True
Business Data Analyst,Cypress HCM,Los Angeles Metropolitan Area, - ,linkedin_kaggle,2026-05-09 18:56:51,linkedin_ds_it_vacancies.csv,Contract,Associate,False
Senior Data Scientist,AVAILABILITY Professional Staffing,"San Luis Obispo County, CA",120000.0 - 180000.0,linkedin_kaggle,2026-05-09 18:56:51,linkedin_ds_it_vacancies.csv,Full-time,Director,False
Senior Data Engineering Manager (US) Consumer Pod,Curinos,"New York, NY",160000.0 - 185000.0,linkedin_kaggle,2026-05-09 18:56:51,linkedin_ds_it_vacancies.csv,Full-time,Mid-Senior level,False
Python Developer with AWS,Ask IT Consulting Inc.,"Plano, TX", - ,linkedin_kaggle,2026-05-09 18:56:51,linkedin_ds_it_vacancies.csv,Contract,,False
ASP.Net Software Engineer,Zelis,"St Petersburg, FL", - ,linkedin_kaggle,2026-05-09 18:56:51,linkedin_ds_it_vacancies.csv,Full-time,Entry level,True
Data Analyst,Intellectt Inc,"Alameda, CA", - ,linkedin_kaggle,2026-05-09 18:56:51,linkedin_ds_it_vacancies.csv,Contract,Mid-Senior level,False
AEP consultant / Data Engineer ,PamTen Inc,Washington DC-Baltimore Area, - ,linkedin_kaggle,2026-05-09 18:56:51,linkedin_ds_it_vacancies.csv,Full-time,Mid-Senior level,True
Senior Data Analyst,Stanley David and Associates,"Charlotte, NC", - ,linkedin_kaggle,2026-05-09 18:56:51,linkedin_ds_it_vacancies.csv,Full-time,,False
Senior/Principal Software Engineer - Gameplay (Remote),Manticore Games Inc.,"San Mateo County, CA", - ,linkedin_kaggle,2026-05-09 18:56:51,linkedin_ds_it_vacancies.csv,Full-time,Mid-Senior level,True
Data Engineer,Koantek,United States,65.0 - 6570.0,linkedin_kaggle,2026-05-09 18:56:51,linkedin_ds_it_vacancies.csv,Part-time,Mid-Senior level,True
Senior Software Engineer (React+Full Stack),ServiceCore,"Lakewood, CO",100000.0 - 150000.0,linkedin_kaggle,2026-05-09 18:56:51,linkedin_ds_it_vacancies.csv,Full-time,,False
Oracle IT Programmer/ Software Engineer III,VC5 Consulting,"Houston, TX", - ,linkedin_kaggle,2026-05-09 18:56:51,linkedin_ds_it_vacancies.csv,Contract,Mid-Senior level,False
Lead Software Engineer,Storm4,Los Angeles Metropolitan Area,160000.0 - 190000.0,linkedin_kaggle,2026-05-09 18:56:51,linkedin_ds_it_vacancies.csv,Full-time,Mid-Senior level,False
Java Software Engineer,Cerebra Consulting Inc,"Sunnyvale, CA", - ,linkedin_kaggle,2026-05-09 18:56:51,linkedin_ds_it_vacancies.csv,Contract,,False
Business Intelligence Manager,Meraki7,"Burbank, CA", - ,linkedin_kaggle,2026-05-09 18:56:51,linkedin_ds_it_vacancies.csv,Contract,,False
Infrastructure Software Engineer,Advantis Global is becoming INSPYR Solutions,San Francisco Bay Area,80.0 - 100.0,linkedin_kaggle,2026-05-09 18:56:51,linkedin_ds_it_vacancies.csv,Contract,Mid-Senior level,False
Data Analyst II,Experis,"Alameda, CA", - ,linkedin_kaggle,2026-05-09 18:56:51,linkedin_ds_it_vacancies.csv,Contract,Entry level,False
Compensation & Analytics Manager,Ultimate Staffing,"Elk Grove, CA",95000.0 - 100000.0,linkedin_kaggle,2026-05-09 18:56:51,linkedin_ds_it_vacancies.csv,Full-time,Mid-Senior level,False
Senior Data Analyst - Alteryx ,truData Solutions,"Santa Monica, CA", - ,linkedin_kaggle,2026-05-09 18:56:51,linkedin_ds_it_vacancies.csv,Contract,Mid-Senior level,True
Software Engineer,Experis,"Sunnyvale, CA", - ,linkedin_kaggle,2026-05-09 18:56:51,linkedin_ds_it_vacancies.csv,Contract,Entry level,False
"Software Engineer III, Sterling Integrator","J.B. Hunt Transport Services, Inc.","Lowell, AR", - ,linkedin_kaggle,2026-05-09 18:56:51,linkedin_ds_it_vacancies.csv,Full-time,Mid-Senior level,False
Data Analyst,Lume Consulting Group,Greater Sacramento, - ,linkedin_kaggle,2026-05-09 18:56:51,linkedin_ds_it_vacancies.csv,Contract,,False
Talent Management Consultant / Data Analyst,Experis,"Princeton, NJ", - ,linkedin_kaggle,2026-05-09 18:56:51,linkedin_ds_it_vacancies.csv,Contract,Mid-Senior level,False
Sr Software Engineer Distributed Systems,Physicians Mutual,"Omaha, NE", - ,linkedin_kaggle,2026-05-09 18:56:51,linkedin_ds_it_vacancies.csv,Full-time,Mid-Senior level,False
Machine Learning Performance Architect,d-Matrix,"Santa Clara, CA", - ,linkedin_kaggle,2026-05-09 18:56:51,linkedin_ds_it_vacancies.csv,Full-time,,False
Data Scientist / Statistician Intern Summer 2024 (Bachelor's),The Lubrizol Corporation,"Wickliffe, OH", - ,linkedin_kaggle,2026-05-09 18:56:51,linkedin_ds_it_vacancies.csv,Full-time,,False
RCM Data Analyst,Charlie Health,"Nashville, TN", - ,linkedin_kaggle,2026-05-09 18:56:51,linkedin_ds_it_vacancies.csv,Full-time,Entry level,False
"Senior Software Engineer, 32707699",Cypress HCM,"San Jose, CA",76.0 - 102.0,linkedin_kaggle,2026-05-09 18:56:51,linkedin_ds_it_vacancies.csv,Contract,Mid-Senior level,False
Data Scientist / Statistician Intern Summer 2024 (MS/PhD),The Lubrizol Corporation,"Wickliffe, OH", - ,linkedin_kaggle,2026-05-09 18:56:51,linkedin_ds_it_vacancies.csv,Full-time,,False
Remote Software Engineer (Python),Insight Global,United States,55.0 - 63.0,linkedin_kaggle,2026-05-09 18:56:51,linkedin_ds_it_vacancies.csv,Contract,Mid-Senior level,True
Software Engineer II - Cloud,"Sub-Zero Group, Inc.","Madison, WI", - ,linkedin_kaggle,2026-05-09 18:56:51,linkedin_ds_it_vacancies.csv,Full-time,,False
Front End Software Engineer,Experis,"Davis, CA", - ,linkedin_kaggle,2026-05-09 18:56:51,linkedin_ds_it_vacancies.csv,Full-time,Entry level,False
Data Analyst,GLDS,"Carlsbad, CA", - ,linkedin_kaggle,2026-05-09 18:56:51,linkedin_ds_it_vacancies.csv,Full-time,,True
Senior SQL Developer,Gainwell Technologies,"Ohio, United States", - ,linkedin_kaggle,2026-05-09 18:56:51,linkedin_ds_it_vacancies.csv,Full-time,Mid-Senior level,True
Data Analyst (Onsite role - only W2),SPECTRAFORCE,"Plainsboro, NJ",30.0 - 35.0,linkedin_kaggle,2026-05-09 18:56:51,linkedin_ds_it_vacancies.csv,Contract,Associate,False
Software Engineer,Mason Frank International,"Washington, DC",168000.0 - 176000.0,linkedin_kaggle,2026-05-09 18:56:51,linkedin_ds_it_vacancies.csv,Full-time,Mid-Senior level,True
Software Engineer- Displays,"EXB Solutions, Inc",Greater Phoenix Area, - ,linkedin_kaggle,2026-05-09 18:56:51,linkedin_ds_it_vacancies.csv,Full-time,Mid-Senior level,False
Oracle Analytics Cloud Technical Developer,KAPITAL,United States, - ,linkedin_kaggle,2026-05-09 18:56:51,linkedin_ds_it_vacancies.csv,Contract,Mid-Senior level,True
Junior Business Intelligence Developer,TransPerfect,Washington DC-Baltimore Area,60000.0 - 100000.0,linkedin_kaggle,2026-05-09 18:56:51,linkedin_ds_it_vacancies.csv,Full-time,Associate,False
Software Engineering Intern - Summer 2024,RapidSOS,United States, - ,linkedin_kaggle,2026-05-09 18:56:51,linkedin_ds_it_vacancies.csv,Internship,Internship,True
Data Engineer,ALOIS Solutions,"San Diego, CA",50.0 - 60.0,linkedin_kaggle,2026-05-09 18:56:51,linkedin_ds_it_vacancies.csv,Contract,Mid-Senior level,False
Senior Data Analyst,TekInvaderZ,United States, - ,linkedin_kaggle,2026-05-09 18:56:51,linkedin_ds_it_vacancies.csv,Contract,,True
Data Analyst,ZealoTech People,"Irvine, CA",25.0 - 28.0,linkedin_kaggle,2026-05-09 18:56:51,linkedin_ds_it_vacancies.csv,Contract,Entry level,False
Sr. Data Engineer _ NYC,Synechron,New York City Metropolitan Area,125000.0 - 135000.0,linkedin_kaggle,2026-05-09 18:56:51,linkedin_ds_it_vacancies.csv,Full-time,Mid-Senior level,False
Data Analyst,"Visium Resources, Inc.","Irvine, CA",26.0 - 28.5,linkedin_kaggle,2026-05-09 18:56:51,linkedin_ds_it_vacancies.csv,Contract,Associate,False
Financial and Data Analyst – Regulatory Compliance,Evergy,"Kansas City, MO",49200.0 - 75300.0,linkedin_kaggle,2026-05-09 18:56:51,linkedin_ds_it_vacancies.csv,Full-time,Mid-Senior level,False
Lead Data Analyst,Ehub Global Inc,"Denver, CO", - ,linkedin_kaggle,2026-05-09 18:56:51,linkedin_ds_it_vacancies.csv,Contract,Mid-Senior level,False
Software Engineer,Brooksource,"Houston, TX",75.0 - 80.0,linkedin_kaggle,2026-05-09 18:56:51,linkedin_ds_it_vacancies.csv,Contract,Mid-Senior level,False
Data Engineer,Agility Partners,"Charlotte, NC", - ,linkedin_kaggle,2026-05-09 18:56:51,linkedin_ds_it_vacancies.csv,Full-time,Mid-Senior level,True
Software Engineer,Entegee,"Chicago, IL", - ,linkedin_kaggle,2026-05-09 18:56:51,linkedin_ds_it_vacancies.csv,Contract,Mid-Senior level,True
 Sr. Software Engineer,Solomon Page,"Orlando, FL", - ,linkedin_kaggle,2026-05-09 18:56:51,linkedin_ds_it_vacancies.csv,Contract,Associate,False
"Software Engineering Manager, Applications (Lead Generation)",LinkedIn,"Mountain View, CA", - ,linkedin_kaggle,2026-05-09 18:56:51,linkedin_ds_it_vacancies.csv,Full-time,,False
Data Scientist,"Riverside Staffing, LLC","Austin, Texas Metropolitan Area",150000.0 - 180000.0,linkedin_kaggle,2026-05-09 18:56:51,linkedin_ds_it_vacancies.csv,Full-time,Mid-Senior level,False
"Software Engineer (architecture, development )","Paramount Software Solutions, Inc","San Bruno, CA", - ,linkedin_kaggle,2026-05-09 18:56:51,linkedin_ds_it_vacancies.csv,Contract,,False
Embedded Software Engineer,ARK InfoTech Spectrum Pvt. Ltd.,"Melbourne, FL", - ,linkedin_kaggle,2026-05-09 18:56:51,linkedin_ds_it_vacancies.csv,Full-time,,False
Data Analyst,PowerToFly,"Purchase, NY",74800.0 - 110250.0,linkedin_kaggle,2026-05-09 18:56:51,linkedin_ds_it_vacancies.csv,Full-time,,False
Data Engineer,Mosaic Labs,United States, - ,linkedin_kaggle,2026-05-09 18:56:51,linkedin_ds_it_vacancies.csv,Contract,,True
Data Analyst,Avant-garde Health,Greater Boston, - ,linkedin_kaggle,2026-05-09 18:56:51,linkedin_ds_it_vacancies.csv,Full-time,Mid-Senior level,False
Software Engineer,EPITEC,"Dearborn, MI",65.0 - 85.0,linkedin_kaggle,2026-05-09 18:56:51,linkedin_ds_it_vacancies.csv,Contract,Mid-Senior level,False
Alteryx Data Analyst ( W2 Contract,EA Team Inc,"Manhattan Beach, CA", - ,linkedin_kaggle,2026-05-09 18:56:51,linkedin_ds_it_vacancies.csv,Contract,,True
Staff Software Engineer,Arkhya Tech. Inc.,United States, - ,linkedin_kaggle,2026-05-09 18:56:51,linkedin_ds_it_vacancies.csv,Full-time,,True
Director of Software Engineering,The Judge Group,"Chicago, IL",240000.0 - 275000.0,linkedin_kaggle,2026-05-09 18:56:51,linkedin_ds_it_vacancies.csv,Full-time,Director,False
Lead Data Analyst,RJC Group,"Fairfax County, VA",75.0 - 75.0,linkedin_kaggle,2026-05-09 18:56:51,linkedin_ds_it_vacancies.csv,Contract,Mid-Senior level,False
Software Engineer,Akkodis,"Cupertino, CA",90.0 - 93.0,linkedin_kaggle,2026-05-09 18:56:51,linkedin_ds_it_vacancies.csv,Contract,Mid-Senior level,False
Ruby on Rails Software Engineer - REMOTE (USA),SecureKloud Technologies,United States, - ,linkedin_kaggle,2026-05-09 18:56:51,linkedin_ds_it_vacancies.csv,Contract,,True
"Senior Programmer Analyst, Insight Analytics",EAB,"Washington, DC",62500.0 - 90000.0,linkedin_kaggle,2026-05-09 18:56:51,linkedin_ds_it_vacancies.csv,Full-time,Associate,False
Java Software Engineer,Rockwoods Inc,United States, - ,linkedin_kaggle,2026-05-09 18:56:51,linkedin_ds_it_vacancies.csv,Contract,Mid-Senior level,True
 Insights & Analytics Advisor,Medical Mutual,United States, - ,linkedin_kaggle,2026-05-09 18:56:51,linkedin_ds_it_vacancies.csv,Full-time,Associate,True
Digital Marketing Manager - Analytics (Remote Eligible),RSM US LLP,"Springfield, IL",87800.0 - 162200.0,linkedin_kaggle,2026-05-09 18:56:51,linkedin_ds_it_vacancies.csv,Full-time,,False
Big Data Engineer (Java+Python+AWS),Compunnel Inc.,"Tampa, FL", - ,linkedin_kaggle,2026-05-09 18:56:51,linkedin_ds_it_vacancies.csv,Contract,,False
Securities Quantitative Analytics,The Nugget Group Your Partner in Progress,"New York, United States",125000.0 - 275000.0,linkedin_kaggle,2026-05-09 18:56:51,linkedin_ds_it_vacancies.csv,Full-time,Mid-Senior level,False
Senior Software Engineer,Gridavate,United States, - ,linkedin_kaggle,2026-05-09 18:56:51,linkedin_ds_it_vacancies.csv,Full-time,,True
Data Scientist - GenAI - Solution Specialist - Hybrid,Deloitte,"Lake Mary, FL", - ,linkedin_kaggle,2026-05-09 18:56:51,linkedin_ds_it_vacancies.csv,Full-time,,False
Lead Software Engineer – Cloud/Full Stack,State Farm,"Bloomington, IL",85500.0 - 228750.0,linkedin_kaggle,2026-05-09 18:56:51,linkedin_ds_it_vacancies.csv,Full-time,Mid-Senior level,True
Senior Data Engineer,Provision People,"Norwalk, CT",170000.0 - 185000.0,linkedin_kaggle,2026-05-09 18:56:51,linkedin_ds_it_vacancies.csv,Full-time,Mid-Senior level,False
"HYBRID Digital Marketing Analyst (Up to $125K, Google Analytics Cert) ",#twiceasnice Recruiting,"Allentown, PA",115000.0 - 125000.0,linkedin_kaggle,2026-05-09 18:56:51,linkedin_ds_it_vacancies.csv,Full-time,Mid-Senior level,False
Data Analyst,"LanceSoft, Inc.","Richmond, VA", - ,linkedin_kaggle,2026-05-09 18:56:51,linkedin_ds_it_vacancies.csv,Contract,Mid-Senior level,False
Data Engineer(Informatica / Snaplogic/ SQL),Mastech Digital,"Dallas, TX", - ,linkedin_kaggle,2026-05-09 18:56:51,linkedin_ds_it_vacancies.csv,Full-time,,False
Data Engineer,Integration International Inc.,"Los Angeles, CA", - ,linkedin_kaggle,2026-05-09 18:56:51,linkedin_ds_it_vacancies.csv,Contract,Mid-Senior level,False
"Data Analyst, Business Intelligence","HealthCare Partners, New York","Garden City, NY",90000.0 - 110000.0,linkedin_kaggle,2026-05-09 18:56:51,linkedin_ds_it_vacancies.csv,Full-time,,False
Sr. Embedded Software Engineer AUTOSAR,Zobility,"Newark, CA",90.0 - 120.0,linkedin_kaggle,2026-05-09 18:56:51,linkedin_ds_it_vacancies.csv,Contract,Associate,False
Software Engineer,FrostyWhale,San Francisco Bay Area, - ,linkedin_kaggle,2026-05-09 18:56:51,linkedin_ds_it_vacancies.csv,Full-time,,False
Data Engineer,"Hanker Systems, Inc.","Santa Clara, CA", - ,linkedin_kaggle,2026-05-09 18:56:51,linkedin_ds_it_vacancies.csv,Contract,,False
"Director, Pricing Science & Analytics",McDonald's,"Chicago, IL", - ,linkedin_kaggle,2026-05-09 18:56:51,linkedin_ds_it_vacancies.csv,Full-time,Director,False
Data Analyst,Russell Tobin,"San Jose, CA",60.0 - 69.0,linkedin_kaggle,2026-05-09 18:56:51,linkedin_ds_it_vacancies.csv,Contract,Mid-Senior level,False
Senior Software Engineer,Warmer,New York City Metropolitan Area, - ,linkedin_kaggle,2026-05-09 18:56:51,linkedin_ds_it_vacancies.csv,Full-time,Mid-Senior level,False
Principal Data Scientist,"Denken Solutions, Inc.","Round Rock, TX", - ,linkedin_kaggle,2026-05-09 18:56:51,linkedin_ds_it_vacancies.csv,Contract,,False
Machine Learning Engineer,Cloud Resources LLC,"New York, NY", - ,linkedin_kaggle,2026-05-09 18:56:51,linkedin_ds_it_vacancies.csv,Contract,,False
Data Analyst,Numero Data,"Herndon, VA",70000.0 - 75000.0,linkedin_kaggle,2026-05-09 18:56:51,linkedin_ds_it_vacancies.csv,Contract,Mid-Senior level,False
Marketing and Sales Data Analyst - Only W2,Patton Labs Inc,"Troy, MI", - ,linkedin_kaggle,2026-05-09 18:56:51,linkedin_ds_it_vacancies.csv,Contract,,True
Power BI Analyst,Insight Global,"Florida, United States",81000.0 - 120000.0,linkedin_kaggle,2026-05-09 18:56:51,linkedin_ds_it_vacancies.csv,Full-time,Mid-Senior level,True
Senior Manager of Talent Acquisition Analytics & Business Intelligence (Direct-Hire / Remote),Vaco,"Memphis, TN",160000.0 - 170000.0,linkedin_kaggle,2026-05-09 18:56:51,linkedin_ds_it_vacancies.csv,Full-time,Mid-Senior level,True
Python Developer,Idexcel,"McLean, VA", - ,linkedin_kaggle,2026-05-09 18:56:51,linkedin_ds_it_vacancies.csv,Full-time,Mid-Senior level,False
Data Analyst,Brooksource,United States, - ,linkedin_kaggle,2026-05-09 18:56:51,linkedin_ds_it_vacancies.csv,Contract,Associate,True
Analytics Manager,Assembly Health,"Chicago, IL", - ,linkedin_kaggle,2026-05-09 18:56:51,linkedin_ds_it_vacancies.csv,Full-time,Mid-Senior level,False
Java Software Engineer,Collabera,"Bellevue, WA", - ,linkedin_kaggle,2026-05-09 18:56:51,linkedin_ds_it_vacancies.csv,Contract,Entry level,False
Data Engineer,Best High Technologies LLC (BHT),"New Jersey, United States",120000.0 - 130000.0,linkedin_kaggle,2026-05-09 18:56:51,linkedin_ds_it_vacancies.csv,Full-time,Associate,True
Data Analyst,HRUCKUS,"Washington, DC",100000.0 - 107000.0,linkedin_kaggle,2026-05-09 18:56:51,linkedin_ds_it_vacancies.csv,Contract,Mid-Senior level,False
Business Intelligence Administrator,Capgemini,Los Angeles Metropolitan Area,106210.0 - 144100.0,linkedin_kaggle,2026-05-09 18:56:51,linkedin_ds_it_vacancies.csv,Full-time,Mid-Senior level,False
Senior Software Engineer - Capacity Engineering and Analysis,Robinhood,"Multnomah County, OR", - ,linkedin_kaggle,2026-05-09 18:56:51,linkedin_ds_it_vacancies.csv,Full-time,Mid-Senior level,False
"Senior Data Scientist Analytics, Crypto",Robinhood,"New York, NY", - ,linkedin_kaggle,2026-05-09 18:56:51,linkedin_ds_it_vacancies.csv,Full-time,Mid-Senior level,False
Staff Software Engineer - Capacity Engineering and Analysis,Robinhood,"Multnomah County, OR", - ,linkedin_kaggle,2026-05-09 18:56:51,linkedin_ds_it_vacancies.csv,Full-time,Mid-Senior level,False
Python Developer with AI/ML Skills,Tata Consultancy Services,"Charlotte, NC", - ,linkedin_kaggle,2026-05-09 18:56:51,linkedin_ds_it_vacancies.csv,Full-time,Entry level,False
Data Analytics Consultant,Guidehouse,"Arlington, VA", - ,linkedin_kaggle,2026-05-09 18:56:51,linkedin_ds_it_vacancies.csv,Full-time,Mid-Senior level,False
"Manager, Business Intelligence Support",White Cap,"Georgia, United States", - ,linkedin_kaggle,2026-05-09 18:56:51,linkedin_ds_it_vacancies.csv,Full-time,Mid-Senior level,True
Staff Software Engineer,DAT Freight & Analytics,"Denver, CO", - ,linkedin_kaggle,2026-05-09 18:56:51,linkedin_ds_it_vacancies.csv,Full-time,,True
Intermediate Data Analyst,MITRE,"McLean, VA", - ,linkedin_kaggle,2026-05-09 18:56:51,linkedin_ds_it_vacancies.csv,Full-time,Entry level,False
"Staff Data Engineer, Marketing Technology",Thumbtack,United States,214200.0 - 308000.0,linkedin_kaggle,2026-05-09 18:56:51,linkedin_ds_it_vacancies.csv,Full-time,,True
Senior Director Software Engineer - Advanced Advertising,Paramount,"New York, NY",205000.0 - 225000.0,linkedin_kaggle,2026-05-09 18:56:51,linkedin_ds_it_vacancies.csv,Full-time,Director,True
Senior Data Scientist,"Sprout Social, Inc.",United States,145000.0 - 175000.0,linkedin_kaggle,2026-05-09 18:56:51,linkedin_ds_it_vacancies.csv,Full-time,Mid-Senior level,True
Sr AWS Data Engineer,YASH Technologies,"Pennsylvania, United States", - ,linkedin_kaggle,2026-05-09 18:56:51,linkedin_ds_it_vacancies.csv,Full-time,Mid-Senior level,True
Azure Data Engineer,ESB Technologies,"New York, United States", - ,linkedin_kaggle,2026-05-09 18:56:51,linkedin_ds_it_vacancies.csv,Contract,Mid-Senior level,False
Cloud Data Analyst ,Insight Global,United States,45.0 - 50.0,linkedin_kaggle,2026-05-09 18:56:51,linkedin_ds_it_vacancies.csv,Contract,Mid-Senior level,True
Senior Java Software Engineer,"Redapt, Inc.",San Francisco Bay Area, - ,linkedin_kaggle,2026-05-09 18:56:51,linkedin_ds_it_vacancies.csv,Full-time,Mid-Senior level,True
Software Engineer (SecDevOps),Raytheon,"Sterling, VA",64000.0 - 128000.0,linkedin_kaggle,2026-05-09 18:56:51,linkedin_ds_it_vacancies.csv,Full-time,Entry level,False
Simulator Software Engineer - Comanche Peak,Vistra Corp.,"Glen Rose, TX", - ,linkedin_kaggle,2026-05-09 18:56:51,linkedin_ds_it_vacancies.csv,Full-time,Entry level,False
Senior Performance Software Engineer - Avatar,Roblox,"San Mateo, CA",233840.0 - 283780.0,linkedin_kaggle,2026-05-09 18:56:51,linkedin_ds_it_vacancies.csv,Full-time,Mid-Senior level,False
Senior Software Engineer,Brooksource,"Sterling Heights, MI",125000.0 - 150000.0,linkedin_kaggle,2026-05-09 18:56:51,linkedin_ds_it_vacancies.csv,Full-time,Mid-Senior level,False
Data Engineer,Brillius,"Cupertino, CA", - ,linkedin_kaggle,2026-05-09 18:56:51,linkedin_ds_it_vacancies.csv,Contract,,False
Data Analyst,IBM,"Washington, DC",87283.0 - 130924.0,linkedin_kaggle,2026-05-09 18:56:51,linkedin_ds_it_vacancies.csv,Full-time,,False
Software Engineer III (Full Stack with React),JPMorgan Chase & Co.,"Atlanta, GA", - ,linkedin_kaggle,2026-05-09 18:56:51,linkedin_ds_it_vacancies.csv,Full-time,,False
"Manager, Digital Analytics",Grubhub,New York City Metropolitan Area, - ,linkedin_kaggle,2026-05-09 18:56:51,linkedin_ds_it_vacancies.csv,Full-time,Mid-Senior level,False
Autosar Cybersecurity Software Engineer,KPIT,"Milford, CT", - ,linkedin_kaggle,2026-05-09 18:56:51,linkedin_ds_it_vacancies.csv,Full-time,Entry level,False
Principal Software Engineer,Oracle,"Santa Clara, CA",94200.0 - 223500.0,linkedin_kaggle,2026-05-09 18:56:51,linkedin_ds_it_vacancies.csv,Full-time,Mid-Senior level,False
Senior Software Engineer - Applications,LinkedIn,"Sunnyvale, CA", - ,linkedin_kaggle,2026-05-09 18:56:51,linkedin_ds_it_vacancies.csv,Full-time,,False
Senior Staff Software Engineer - Python,Venmo,"Austin, TX", - ,linkedin_kaggle,2026-05-09 18:56:51,linkedin_ds_it_vacancies.csv,Full-time,,False
"Power BI Data Engineer, Semantic Layer",R1 RCM,United States, - ,linkedin_kaggle,2026-05-09 18:56:51,linkedin_ds_it_vacancies.csv,Full-time,,True
Software Engineer III - Java & AWS,JPMorgan Chase & Co.,"Tampa, FL", - ,linkedin_kaggle,2026-05-09 18:56:51,linkedin_ds_it_vacancies.csv,Full-time,,False
Cloud Data Engineer,Valvoline Global Operations,United States, - ,linkedin_kaggle,2026-05-09 18:56:51,linkedin_ds_it_vacancies.csv,Full-time,Entry level,True
Software Engineer,JPMorgan Chase & Co.,"Tampa, FL", - ,linkedin_kaggle,2026-05-09 18:56:51,linkedin_ds_it_vacancies.csv,Full-time,,False
Software Engineer/Cloud Platform Engineer,Systems Integration Solutions,"Cupertino, CA", - ,linkedin_kaggle,2026-05-09 18:56:51,linkedin_ds_it_vacancies.csv,Contract,Mid-Senior level,True
Software Engineer Intern,Strayer University,"Minneapolis, MN",17.94 - 25.0,linkedin_kaggle,2026-05-09 18:56:51,linkedin_ds_it_vacancies.csv,Full-time,,False
Software Engineering Supervisor,Insight Global,"Los Angeles, CA",140000.0 - 155000.0,linkedin_kaggle,2026-05-09 18:56:51,linkedin_ds_it_vacancies.csv,Full-time,Mid-Senior level,False
"Sr. Software Engineer, Application Support","American Public Education, Inc. (APEI)",United States, - ,linkedin_kaggle,2026-05-09 18:56:51,linkedin_ds_it_vacancies.csv,Full-time,Mid-Senior level,True
Software Engineer,Soni,New York City Metropolitan Area, - ,linkedin_kaggle,2026-05-09 18:56:51,linkedin_ds_it_vacancies.csv,Full-time,Mid-Senior level,False
Ecommerce Senior PHP (Laravel) Software Engineer,Acenda,United States, - ,linkedin_kaggle,2026-05-09 18:56:51,linkedin_ds_it_vacancies.csv,Full-time,,True
IBM TM1 / Planning Analytics Consultants,Private Consultancy,United States, - ,linkedin_kaggle,2026-05-09 18:56:51,linkedin_ds_it_vacancies.csv,Full-time,Mid-Senior level,True
Junior Specialist: Full-Time Research Software Engineer,UC Santa Barbara,"Santa Barbara, CA",52600.0 - 65000.0,linkedin_kaggle,2026-05-09 18:56:51,linkedin_ds_it_vacancies.csv,Full-time,,False
Data Engineer,The Carrera Agency,United States,54.0 - 68.0,linkedin_kaggle,2026-05-09 18:56:51,linkedin_ds_it_vacancies.csv,Contract,Mid-Senior level,True
Business Intelligence Developer,Career Movement,"Lehi, UT", - ,linkedin_kaggle,2026-05-09 18:56:51,linkedin_ds_it_vacancies.csv,Full-time,Mid-Senior level,False
Software Engineer II (Automation),JPMorgan Chase & Co.,"Plano, TX", - ,linkedin_kaggle,2026-05-09 18:56:51,linkedin_ds_it_vacancies.csv,Full-time,,False
"Sr. Manager, Software Engineering – Data Services",Oracle,"Redwood City, CA",112300.0 - 251600.0,linkedin_kaggle,2026-05-09 18:56:51,linkedin_ds_it_vacancies.csv,Full-time,Mid-Senior level,False
Business Intelligence Analyst,Emergere Technologies LLC.,"Dallas, TX", - ,linkedin_kaggle,2026-05-09 18:56:51,linkedin_ds_it_vacancies.csv,Contract,,True
Compliance and Operational Risk Specialist- GWIM Analytics,Bank of America,"Charlotte, NC", - ,linkedin_kaggle,2026-05-09 18:56:51,linkedin_ds_it_vacancies.csv,Full-time,Mid-Senior level,False
Distinguished Software Engineer,Walmart Global Tech,"Sunnyvale, CA",165000.0 - 250000.0,linkedin_kaggle,2026-05-09 18:56:51,linkedin_ds_it_vacancies.csv,Full-time,Mid-Senior level,False
Data Engineer,SAGE IT ,"McLean, VA", - ,linkedin_kaggle,2026-05-09 18:56:51,linkedin_ds_it_vacancies.csv,Contract,,False
Software Engineer II – Fulfillment,StubHub,"New York, NY",175000.0 - 220000.0,linkedin_kaggle,2026-05-09 18:56:51,linkedin_ds_it_vacancies.csv,Full-time,Entry level,False
Entry Level Data Scientist,topGrads,United States, - ,linkedin_kaggle,2026-05-09 18:56:51,linkedin_ds_it_vacancies.csv,Full-time,,True
Data Scientist,Air Force Civilian Service,"Colorado Springs, CO", - ,linkedin_kaggle,2026-05-09 18:56:51,linkedin_ds_it_vacancies.csv,Full-time,Mid-Senior level,False
Principal Software Engineer,Walmart Global Tech,"Sunnyvale, CA",175000.0 - 210000.0,linkedin_kaggle,2026-05-09 18:56:51,linkedin_ds_it_vacancies.csv,Full-time,Mid-Senior level,False
Data Analyst,Ascendion,"Seattle, WA",79000.0 - 82000.0,linkedin_kaggle,2026-05-09 18:56:51,linkedin_ds_it_vacancies.csv,Full-time,Associate,False
Python Software Engineer,JPMorgan Chase & Co.,"Plano, TX", - ,linkedin_kaggle,2026-05-09 18:56:51,linkedin_ds_it_vacancies.csv,Full-time,Associate,False
Business Intelligence Analyst,PCS Wireless,"Florham Park, NJ", - ,linkedin_kaggle,2026-05-09 18:56:51,linkedin_ds_it_vacancies.csv,Part-time,Associate,False
Senior Software Engineer,Higher Ground LLC,"Palo Alto, CA",160000.0 - 200000.0,linkedin_kaggle,2026-05-09 18:56:51,linkedin_ds_it_vacancies.csv,Full-time,,False
Sustainability Data Analyst,UC San Diego,United States, - ,linkedin_kaggle,2026-05-09 18:56:51,linkedin_ds_it_vacancies.csv,Temporary,Associate,True
Senior Software/Data Engineer,Checchi Capital Advisers,"Beverly Hills, CA",100000.0 - 200000.0,linkedin_kaggle,2026-05-09 18:56:51,linkedin_ds_it_vacancies.csv,Full-time,,False
Senior Azure Data Engineer with Hadoop and SQL,"AppLab Systems, Inc","Bellevue, WA", - ,linkedin_kaggle,2026-05-09 18:56:51,linkedin_ds_it_vacancies.csv,Contract,Mid-Senior level,False
Data Analyst II/III,University of Mississippi,"University, MS", - ,linkedin_kaggle,2026-05-09 18:56:51,linkedin_ds_it_vacancies.csv,Full-time,Mid-Senior level,False
Sr Manager of Analytics,24 Seven Talent,"Los Angeles, CA",130000.0 - 140000.0,linkedin_kaggle,2026-05-09 18:56:51,linkedin_ds_it_vacancies.csv,Full-time,,True
Junior Software Engineer,Insight Global,"Anaheim, CA", - ,linkedin_kaggle,2026-05-09 18:56:51,linkedin_ds_it_vacancies.csv,Contract,Associate,False
Software Engineer – Streaming Search (Remote),CrowdStrike,"New York, NY", - ,linkedin_kaggle,2026-05-09 18:56:51,linkedin_ds_it_vacancies.csv,Full-time,,True
Systems Software Engineer II,Ledgent Technology,"Pleasanton, CA",115000.0 - 135000.0,linkedin_kaggle,2026-05-09 18:56:51,linkedin_ds_it_vacancies.csv,Full-time,Mid-Senior level,False
Software Engineer,Nuvolant,United States, - ,linkedin_kaggle,2026-05-09 18:56:51,linkedin_ds_it_vacancies.csv,Contract,,True
Oracle Business Intelligence Consultant,Mitchell Martin Inc.,"Chicago, IL", - ,linkedin_kaggle,2026-05-09 18:56:51,linkedin_ds_it_vacancies.csv,Contract,Mid-Senior level,False
Data Analyst,Epsilon,"Chicago, IL", - ,linkedin_kaggle,2026-05-09 18:56:51,linkedin_ds_it_vacancies.csv,Full-time,Associate,False
Software Engineer,Understanding Recruitment,"New York, United States",160000.0 - 300000.0,linkedin_kaggle,2026-05-09 18:56:51,linkedin_ds_it_vacancies.csv,Full-time,Mid-Senior level,False
"Staff Software Engineer, DeployX",Robinhood,"Bellevue, WA", - ,linkedin_kaggle,2026-05-09 18:56:51,linkedin_ds_it_vacancies.csv,Full-time,Mid-Senior level,False
Sr. Software Engineer - Cloud (Remote),CrowdStrike,"Virginia Beach, VA", - ,linkedin_kaggle,2026-05-09 18:56:51,linkedin_ds_it_vacancies.csv,Full-time,Mid-Senior level,True
Data Engineer - Python [74476],Onward Play,"Orlando, FL",50.0 - 64.0,linkedin_kaggle,2026-05-09 18:56:51,linkedin_ds_it_vacancies.csv,Contract,Mid-Senior level,False
Senior Data Engineer (Hybrid),Fannie Mae,"Plano, TX", - ,linkedin_kaggle,2026-05-09 18:56:51,linkedin_ds_it_vacancies.csv,Full-time,Associate,False
Senior Data Analyst,Cyma Systems Inc,United States, - ,linkedin_kaggle,2026-05-09 18:56:51,linkedin_ds_it_vacancies.csv,Contract,,True
Data Scientist,Guidehouse,"Huntsville, AL", - ,linkedin_kaggle,2026-05-09 18:56:51,linkedin_ds_it_vacancies.csv,Full-time,Mid-Senior level,False
Computer Vision/ Machine Learning Engineer ,Akkodis,"Los Angeles, CA", - ,linkedin_kaggle,2026-05-09 18:56:51,linkedin_ds_it_vacancies.csv,Contract,Mid-Senior level,True
Data Analyst,Oshkosh Defense,"Spartanburg, SC", - ,linkedin_kaggle,2026-05-09 18:56:51,linkedin_ds_it_vacancies.csv,Full-time,Entry level,False
Lead Data Engineer with Strong Scala (10 Years Minimum),Info Services,"Bristol, CT", - ,linkedin_kaggle,2026-05-09 18:56:51,linkedin_ds_it_vacancies.csv,Contract,Mid-Senior level,False
Projects & Services Business Data Analyst Intern - Summer,"Eos Energy Enterprises, Inc.","New Jersey, United States", - ,linkedin_kaggle,2026-05-09 18:56:51,linkedin_ds_it_vacancies.csv,Full-time,Internship,False
Mobile Software Engineer,"Capital Staffing Solutions, Inc.",Greater Minneapolis-St. Paul Area, - ,linkedin_kaggle,2026-05-09 18:56:51,linkedin_ds_it_vacancies.csv,Contract,Mid-Senior level,False
Senior Software Engineer - Fraud Tooling,FanDuel,"Atlanta, GA", - ,linkedin_kaggle,2026-05-09 18:56:51,linkedin_ds_it_vacancies.csv,Full-time,Mid-Senior level,False
IT Product Support Analyst/Data Analyst,Hirexa Solutions,"Wichita, KS", - ,linkedin_kaggle,2026-05-09 18:56:51,linkedin_ds_it_vacancies.csv,Contract,,False
"Account Specialist, Data Analytics",Circana,United States, - ,linkedin_kaggle,2026-05-09 18:56:51,linkedin_ds_it_vacancies.csv,Full-time,Entry level,True
Analytics & Project Governance Intern,Sequel Med Tech,"Manchester, NH", - ,linkedin_kaggle,2026-05-09 18:56:51,linkedin_ds_it_vacancies.csv,Internship,Internship,False
"Manager/Senior Manager, US Cell Therapy Commercialization Analytics",Bristol Myers Squibb,"Madison, NJ", - ,linkedin_kaggle,2026-05-09 18:56:51,linkedin_ds_it_vacancies.csv,Full-time,Mid-Senior level,False
Analytics and Integration Engineer,TechTriad,New York City Metropolitan Area, - ,linkedin_kaggle,2026-05-09 18:56:51,linkedin_ds_it_vacancies.csv,Contract,Mid-Senior level,False
Data Scientist,Insight Global,"Pittsburgh, PA", - ,linkedin_kaggle,2026-05-09 18:56:51,linkedin_ds_it_vacancies.csv,Full-time,Mid-Senior level,False
PowerBI/Dataiku/SQL Developer,Tata Consultancy Services,"Columbus, OH", - ,linkedin_kaggle,2026-05-09 18:56:51,linkedin_ds_it_vacancies.csv,Full-time,Mid-Senior level,False
Mainframe/COBOL Software Engineer,Hirexa Solutions,"Dearborn, MI", - ,linkedin_kaggle,2026-05-09 18:56:51,linkedin_ds_it_vacancies.csv,Full-time,,False
Senior Software Engineer - Data Platforms,Curinos,"New York, NY",110000.0 - 140000.0,linkedin_kaggle,2026-05-09 18:56:51,linkedin_ds_it_vacancies.csv,Full-time,Mid-Senior level,False
API Data engineer,Siaraa,"Charlotte, NC", - ,linkedin_kaggle,2026-05-09 18:56:51,linkedin_ds_it_vacancies.csv,Contract,,False
"Software Engineer III, Payments",TCGplayer (an eBay company),United States,114800.0 - 176550.0,linkedin_kaggle,2026-05-09 18:56:51,linkedin_ds_it_vacancies.csv,Full-time,,True
Software Engineer in Test,"VMC Soft Technologies, Inc","Durham, NC", - ,linkedin_kaggle,2026-05-09 18:56:51,linkedin_ds_it_vacancies.csv,Contract,Mid-Senior level,False
Software Engineer with Provenir or PowerCurve Experience,Cerebra Consulting Inc,United States, - ,linkedin_kaggle,2026-05-09 18:56:51,linkedin_ds_it_vacancies.csv,Contract,,True
Clinical Data Analyst,Insight Global,"Greater Orlando, FL",40.0 - 52.0,linkedin_kaggle,2026-05-09 18:56:51,linkedin_ds_it_vacancies.csv,Contract,Mid-Senior level,False
Software Engineer (Backend),Divorce.com,Nashville Metropolitan Area,135000.0 - 150000.0,linkedin_kaggle,2026-05-09 18:56:51,linkedin_ds_it_vacancies.csv,Full-time,,False
Senior Financial Analyst- Analytics and Decision Support- HYBRID,SolomonEdwards,Greater Philadelphia, - ,linkedin_kaggle,2026-05-09 18:56:51,linkedin_ds_it_vacancies.csv,Full-time,Mid-Senior level,False
Senior Software Engineer,Searchability®,"Austin, TX",160000.0 - 190000.0,linkedin_kaggle,2026-05-09 18:56:51,linkedin_ds_it_vacancies.csv,Full-time,Mid-Senior level,False
Remote Data Scientist,Insight Global,United States,55.0 - 70.0,linkedin_kaggle,2026-05-09 18:56:51,linkedin_ds_it_vacancies.csv,Contract,Mid-Senior level,True
Python Developer with AWS & Lambda,QuantumBricks,"Plano, TX", - ,linkedin_kaggle,2026-05-09 18:56:51,linkedin_ds_it_vacancies.csv,Contract,,False
Lead Data Engineer,"Collaborate Solutions, Inc","Columbia, TN", - ,linkedin_kaggle,2026-05-09 18:56:51,linkedin_ds_it_vacancies.csv,Contract,,False
Lead Data Scientist,Intellisoft Technologies,"Virginia Beach, VA", - ,linkedin_kaggle,2026-05-09 18:56:51,linkedin_ds_it_vacancies.csv,Contract,,False
Data Analyst,Sun Technologies,"Orlando, FL", - ,linkedin_kaggle,2026-05-09 18:56:51,linkedin_ds_it_vacancies.csv,Contract,,False
Oracle PL/SQL developer II Irving/ Tampa- Hybrid II Any visa,"Cybertec, Inc","Irving, TX", - ,linkedin_kaggle,2026-05-09 18:56:51,linkedin_ds_it_vacancies.csv,Full-time,,False
Embedded Sensor/EW Real-Time Software Engineer - ATAS - Open Rank,Georgia Tech Research Institute,"Smyrna, GA", - ,linkedin_kaggle,2026-05-09 18:56:51,linkedin_ds_it_vacancies.csv,Full-time,Entry level,False
Senior Data Engineer,ChabezTech LLC,"Georgia, United States", - ,linkedin_kaggle,2026-05-09 18:56:51,linkedin_ds_it_vacancies.csv,Contract,Mid-Senior level,False
Data Analyst,DataAnnotation,"Plano, TX", - ,linkedin_kaggle,2026-05-09 18:56:51,linkedin_ds_it_vacancies.csv,Contract,,True
"Senior Software Engineer, Payments",TCGplayer (an eBay company),United States,135200.0 - 205700.0,linkedin_kaggle,2026-05-09 18:56:51,linkedin_ds_it_vacancies.csv,Full-time,Mid-Senior level,True
PL/SQL Developer,Virtusa,"Tampa, FL", - ,linkedin_kaggle,2026-05-09 18:56:51,linkedin_ds_it_vacancies.csv,Full-time,,False
Senior Software Engineer,"Dynalab, Inc.","Columbus, Ohio Metropolitan Area", - ,linkedin_kaggle,2026-05-09 18:56:51,linkedin_ds_it_vacancies.csv,Full-time,,False
Lead Data Engineer,Coast,New York City Metropolitan Area,185000.0 - 220000.0,linkedin_kaggle,2026-05-09 18:56:51,linkedin_ds_it_vacancies.csv,Full-time,Mid-Senior level,False
Software Engineer ,Apex Systems,Cincinnati Metropolitan Area, - ,linkedin_kaggle,2026-05-09 18:56:51,linkedin_ds_it_vacancies.csv,Full-time,Mid-Senior level,False
Senior Software Engineer,RGBSI,"Auburn Hills, MI", - ,linkedin_kaggle,2026-05-09 18:56:51,linkedin_ds_it_vacancies.csv,Contract,Mid-Senior level,False
Lead Data Engineer,Sumeru Inc,"Atlanta, GA", - ,linkedin_kaggle,2026-05-09 18:56:51,linkedin_ds_it_vacancies.csv,Contract,,False
 GCP Data Engineer ,Info Services,United States, - ,linkedin_kaggle,2026-05-09 18:56:51,linkedin_ds_it_vacancies.csv,Contract,Associate,True
Senior Software Engineer - Oracle PL/SQL,Pro17Analytics,"Durham, NC", - ,linkedin_kaggle,2026-05-09 18:56:51,linkedin_ds_it_vacancies.csv,Contract,,False
NLP Data Scientist - Python | Machine Learning | AI - Hybrid - TS/SCI - Tampa or DC,Deloitte,"Arlington, Virginia, United States", - ,linkedin_kaggle,2026-05-09 18:56:51,linkedin_ds_it_vacancies.csv,Full-time,,False
Business Intelligence Analyst,Fortune Brands Innovations,"Smyrna, GA",80000.0 - 95000.0,linkedin_kaggle,2026-05-09 18:56:51,linkedin_ds_it_vacancies.csv,Full-time,Associate,False
Lead Software Engineer (MRI-Simmons),GfK - An NIQ Company,"New York, United States", - ,linkedin_kaggle,2026-05-09 18:56:51,linkedin_ds_it_vacancies.csv,Full-time,Mid-Senior level,False
Software Engineer,DataAnnotation,United States, - ,linkedin_kaggle,2026-05-09 18:56:51,linkedin_ds_it_vacancies.csv,Contract,,True
Senior Java Software Engineer,Dataquad Inc.,"Richmond, VA", - ,linkedin_kaggle,2026-05-09 18:56:51,linkedin_ds_it_vacancies.csv,Contract,,False
Senior Associate Data Engineer,Publicis Sapient,"Arlington, VA", - ,linkedin_kaggle,2026-05-09 18:56:51,linkedin_ds_it_vacancies.csv,Full-time,Mid-Senior level,True
Senior Machine Learning Engineer,Tiger Analytics,United States, - ,linkedin_kaggle,2026-05-09 18:56:51,linkedin_ds_it_vacancies.csv,Full-time,Mid-Senior level,True
Senior Java Software Engineer,Oloop Technology Solutions,"Pittsburgh, PA", - ,linkedin_kaggle,2026-05-09 18:56:51,linkedin_ds_it_vacancies.csv,Contract,Mid-Senior level,False
Principal Data Scientist,Citizens,"Westwood, MA", - ,linkedin_kaggle,2026-05-09 18:56:51,linkedin_ds_it_vacancies.csv,Full-time,,False
Senior Software Engineer - Power Apps,Microsoft,"Redmond, WA",112000.0 - 238600.0,linkedin_kaggle,2026-05-09 18:56:51,linkedin_ds_it_vacancies.csv,Full-time,,True
Software Engineer II,Microsoft,"Redmond, WA", - ,linkedin_kaggle,2026-05-09 18:56:51,linkedin_ds_it_vacancies.csv,Full-time,,False
Senior Software Engineer on Minecraft,Mojang Studios,"Redmond, WA",112000.0 - 238600.0,linkedin_kaggle,2026-05-09 18:56:51,linkedin_ds_it_vacancies.csv,Full-time,,False
Senior Data Analyst,Rocket Mortgage,"Detroit, MI", - ,linkedin_kaggle,2026-05-09 18:56:51,linkedin_ds_it_vacancies.csv,Full-time,Mid-Senior level,False
Senior Data Analyst - Cloud Solutions,MHK,"Tampa, FL", - ,linkedin_kaggle,2026-05-09 18:56:51,linkedin_ds_it_vacancies.csv,Full-time,Mid-Senior level,False
"Software Engineer, Intelligent Video",Crestron Electronics,"Boston, MA",82500.0 - 133500.0,linkedin_kaggle,2026-05-09 18:56:51,linkedin_ds_it_vacancies.csv,Full-time,Entry level,False
Software Engineer Front-End (Platforms Team),FIS,"San Francisco, CA",118470.0 - 199030.0,linkedin_kaggle,2026-05-09 18:56:51,linkedin_ds_it_vacancies.csv,Full-time,Mid-Senior level,False
Business Intelligence Expert,"Zillion Technologies, Inc.","Lake Mary, FL", - ,linkedin_kaggle,2026-05-09 18:56:51,linkedin_ds_it_vacancies.csv,Contract,Associate,False
"2024 Internship, Summer - Strategy and Analytics",New York Red Bulls,"Harrison, NJ", - ,linkedin_kaggle,2026-05-09 18:56:51,linkedin_ds_it_vacancies.csv,Internship,Entry level,False
Lead Data Scientist,Trane Technologies,"Davidson, NC",142800.0 - 189200.0,linkedin_kaggle,2026-05-09 18:56:51,linkedin_ds_it_vacancies.csv,Full-time,Mid-Senior level,False
"Lead Software Engineer, Application Support","American Public Education, Inc. (APEI)",United States, - ,linkedin_kaggle,2026-05-09 18:56:51,linkedin_ds_it_vacancies.csv,Full-time,Mid-Senior level,True
Senior Data Analyst,MSRcosmos LLC,"Alpharetta, GA", - ,linkedin_kaggle,2026-05-09 18:56:51,linkedin_ds_it_vacancies.csv,Full-time,,True
Java Software Engineer,Brooksource,"Morris Plains, NJ",60.0 - 75.0,linkedin_kaggle,2026-05-09 18:56:51,linkedin_ds_it_vacancies.csv,Contract,Mid-Senior level,False
Manager Strategic Analytics,SIXT,"Fort Lauderdale, FL", - ,linkedin_kaggle,2026-05-09 18:56:51,linkedin_ds_it_vacancies.csv,Full-time,Mid-Senior level,False
Data Analyst,SNVA Technologies,"Juno Beach, FL", - ,linkedin_kaggle,2026-05-09 18:56:51,linkedin_ds_it_vacancies.csv,Contract,,False
SQL Developer,Concept Software & Services INC,"Dallas, TX", - ,linkedin_kaggle,2026-05-09 18:56:51,linkedin_ds_it_vacancies.csv,Contract,,False
Senior Data Analyst,Autodesk,"San Francisco, CA",87400.0 - 150700.0,linkedin_kaggle,2026-05-09 18:56:51,linkedin_ds_it_vacancies.csv,Full-time,,False
Bioinformatics Data Engineer,United Consulting Hub,United States, - ,linkedin_kaggle,2026-05-09 18:56:51,linkedin_ds_it_vacancies.csv,Contract,,True
Angular Software Engineer,CSS Tec,"Lake Mary, FL", - ,linkedin_kaggle,2026-05-09 18:56:51,linkedin_ds_it_vacancies.csv,Full-time,Entry level,False
Software Engineer,Insight Global,United States,85.0 - 93.0,linkedin_kaggle,2026-05-09 18:56:51,linkedin_ds_it_vacancies.csv,Contract,Mid-Senior level,True
Lead BigData Engineer (Scala),PSRTEK,"Passaic County, NJ", - ,linkedin_kaggle,2026-05-09 18:56:51,linkedin_ds_it_vacancies.csv,Contract,,True
Data Engineer,Randstad Digital Americas,"Grand Rapids, MI", - ,linkedin_kaggle,2026-05-09 18:56:51,linkedin_ds_it_vacancies.csv,Full-time,Mid-Senior level,False
"Director, Strategy and Analytics",First Help Financial,"Needham, MA", - ,linkedin_kaggle,2026-05-09 18:56:51,linkedin_ds_it_vacancies.csv,Full-time,Associate,True
Oracle PL/SQL Developer,ElevaIT Solutions,"Charlotte, NC",60.0 - 65.0,linkedin_kaggle,2026-05-09 18:56:51,linkedin_ds_it_vacancies.csv,Contract,Mid-Senior level,False
"Sr. Software Engineer, Application Administrator, Salesforce","American Public Education, Inc. (APEI)",United States, - ,linkedin_kaggle,2026-05-09 18:56:51,linkedin_ds_it_vacancies.csv,Full-time,Mid-Senior level,True
Business Intelligence and Internal Control Analyst,Theery,"Lancaster, CA",94000.0 - 115500.0,linkedin_kaggle,2026-05-09 18:56:51,linkedin_ds_it_vacancies.csv,Full-time,Mid-Senior level,False
Principal Software Engineer - Data,Kin Insurance,United States, - ,linkedin_kaggle,2026-05-09 18:56:51,linkedin_ds_it_vacancies.csv,Full-time,Mid-Senior level,True
Data Analyst,Apex Systems,Greater Cleveland, - ,linkedin_kaggle,2026-05-09 18:56:51,linkedin_ds_it_vacancies.csv,Full-time,Mid-Senior level,False
"Sr. Manager, Software Engineering - LinkedIn Talent Solutions",LinkedIn,"Sunnyvale, CA", - ,linkedin_kaggle,2026-05-09 18:56:51,linkedin_ds_it_vacancies.csv,Full-time,,False
Sr. Data Engineer,"Everest Consultants, Inc.",New York City Metropolitan Area,70.0 - 80.0,linkedin_kaggle,2026-05-09 18:56:51,linkedin_ds_it_vacancies.csv,Contract,Mid-Senior level,True
Data Scientist with BERT and Genomics Experience,Stellite Works LLC,United States, - ,linkedin_kaggle,2026-05-09 18:56:51,linkedin_ds_it_vacancies.csv,Contract,,True
Senior Back-End Software Engineer (Machine Learning Emphasis),Awardco,"Lindon, UT", - ,linkedin_kaggle,2026-05-09 18:56:51,linkedin_ds_it_vacancies.csv,Full-time,Mid-Senior level,False
Senior Software Engineer (NodeJS +.Net),Capillary Technologies,United States, - ,linkedin_kaggle,2026-05-09 18:56:51,linkedin_ds_it_vacancies.csv,Full-time,Mid-Senior level,True
Managed Services - Analytics as a Service - Director,PwC,"Rochester, NY", - ,linkedin_kaggle,2026-05-09 18:56:51,linkedin_ds_it_vacancies.csv,Full-time,Director,False
Mobile Software Engineer Manager (Hybrid),Ace Hardware Corporation,"Oak Brook, IL",151600.0 - 197100.0,linkedin_kaggle,2026-05-09 18:56:51,linkedin_ds_it_vacancies.csv,Full-time,Entry level,False
Lead Software Engineer,Publicis Media,"Atlanta, GA", - ,linkedin_kaggle,2026-05-09 18:56:51,linkedin_ds_it_vacancies.csv,Full-time,,False
Software Engineer- Node.JS,TekWissen ®,"Moline, IL",45.0 - 50.0,linkedin_kaggle,2026-05-09 18:56:51,linkedin_ds_it_vacancies.csv,Contract,Associate,False
GCP Data Engineer,Falcon Placement Services,United States, - ,linkedin_kaggle,2026-05-09 18:56:51,linkedin_ds_it_vacancies.csv,Contract,,True
AI ML Software Engineer - Artificial Integence / Machine Learning ,MIla Health Inc,Greater Seattle Area,150000.0 - 250000.0,linkedin_kaggle,2026-05-09 18:56:51,linkedin_ds_it_vacancies.csv,Full-time,,False
Machine Learning Engineer - GenAI,Stealth Startup,United States, - ,linkedin_kaggle,2026-05-09 18:56:51,linkedin_ds_it_vacancies.csv,Full-time,Mid-Senior level,True
LabVIEW Software Engineer,Ledgent Technology,"Morgan Hill, CA",90000.0 - 130000.0,linkedin_kaggle,2026-05-09 18:56:51,linkedin_ds_it_vacancies.csv,Full-time,Mid-Senior level,False
UI/React - Software Engineer III,myGwork - LGBTQ+ Business Community,"Columbus, OH", - ,linkedin_kaggle,2026-05-09 18:56:51,linkedin_ds_it_vacancies.csv,Full-time,Entry level,False
Software Engineer III,myGwork - LGBTQ+ Business Community,"Palo Alto, CA", - ,linkedin_kaggle,2026-05-09 18:56:51,linkedin_ds_it_vacancies.csv,Full-time,Mid-Senior level,False
Senior Software Engineer - LLM services,Obsidian Security,"Orange County, CA", - ,linkedin_kaggle,2026-05-09 18:56:51,linkedin_ds_it_vacancies.csv,Full-time,,False
Senior Java Software Engineer,SVINNO Tech Inc,"Pleasanton, CA", - ,linkedin_kaggle,2026-05-09 18:56:51,linkedin_ds_it_vacancies.csv,Contract,,False
Senior Software Engineer,Hearth AI,San Francisco Bay Area,140000.0 - 200000.0,linkedin_kaggle,2026-05-09 18:56:51,linkedin_ds_it_vacancies.csv,Full-time,Mid-Senior level,False
Business Data Analyst,Catapult Solutions Group,"San Diego, CA",59.0 - 69.57,linkedin_kaggle,2026-05-09 18:56:51,linkedin_ds_it_vacancies.csv,Full-time,Mid-Senior level,False
Senior Data Engineer,Publicis Media,"New York, NY", - ,linkedin_kaggle,2026-05-09 18:56:51,linkedin_ds_it_vacancies.csv,Full-time,Mid-Senior level,False
Oracle Fusion HCM Analytics Warehouse Consultant (FAW),CodeForce 360,"Charlotte, NC", - ,linkedin_kaggle,2026-05-09 18:56:51,linkedin_ds_it_vacancies.csv,Contract,,False
Full Stack Developer/Data Engineer,Ace Technologies,"Houston, TX", - ,linkedin_kaggle,2026-05-09 18:56:51,linkedin_ds_it_vacancies.csv,Contract,,False
SAP Analytics Cloud,Mamsys World,"San Francisco, CA", - ,linkedin_kaggle,2026-05-09 18:56:51,linkedin_ds_it_vacancies.csv,Contract,,False
Embedded Software Engineer,Origin AI,"Rockville, MD", - ,linkedin_kaggle,2026-05-09 18:56:51,linkedin_ds_it_vacancies.csv,Full-time,Associate,False
Financial Analyst II Analytics ,IEHP,"Rancho Cucamonga, CA",80059.2 - 106059.2,linkedin_kaggle,2026-05-09 18:56:51,linkedin_ds_it_vacancies.csv,Full-time,Associate,True
Business Intelligence Developer,Brooksource,"Cleveland, OH", - ,linkedin_kaggle,2026-05-09 18:56:51,linkedin_ds_it_vacancies.csv,Contract,Mid-Senior level,False
Data Analyst (Workday Experience) ,BravoTECH,"Richmond, VA", - ,linkedin_kaggle,2026-05-09 18:56:51,linkedin_ds_it_vacancies.csv,Full-time,Associate,False
 Sr GenAI / Machine Learning Engineer,Deltek,United States, - ,linkedin_kaggle,2026-05-09 18:56:51,linkedin_ds_it_vacancies.csv,Full-time,Mid-Senior level,True
Senior Software Engineer,Synergies Plus Resources,"Baltimore, MD",140000.0 - 160000.0,linkedin_kaggle,2026-05-09 18:56:51,linkedin_ds_it_vacancies.csv,Full-time,Mid-Senior level,False
"Python Developer with Django, Flask",Amiga Informatics,"Phoenix, AZ", - ,linkedin_kaggle,2026-05-09 18:56:51,linkedin_ds_it_vacancies.csv,Contract,,False
Sr. Data Engineer,Vaco,"Tampa, FL",110000.0 - 120000.0,linkedin_kaggle,2026-05-09 18:56:51,linkedin_ds_it_vacancies.csv,Full-time,Mid-Senior level,True
Software Engineer II- Cloud,myGwork - LGBTQ+ Business Community,"Plano, TX", - ,linkedin_kaggle,2026-05-09 18:56:51,linkedin_ds_it_vacancies.csv,Full-time,Entry level,False
GenAI / Analytics Engineer,Randstad Digital,"Durham, NC", - ,linkedin_kaggle,2026-05-09 18:56:51,linkedin_ds_it_vacancies.csv,Contract,Mid-Senior level,False
AWS Data Engineer (Healthcare domain),VKore Solutions LLC,United States, - ,linkedin_kaggle,2026-05-09 18:56:51,linkedin_ds_it_vacancies.csv,Contract,,True
Generative AI Data Scientist,Deltek,United States, - ,linkedin_kaggle,2026-05-09 18:56:51,linkedin_ds_it_vacancies.csv,Full-time,Mid-Senior level,True
Software Engineer,Vernovis,"Cincinnati, OH",75000.0 - 80000.0,linkedin_kaggle,2026-05-09 18:56:51,linkedin_ds_it_vacancies.csv,Full-time,Entry level,False
Marketing Data Analyst,"TSR Consulting Services, Inc.","Naples, FL", - ,linkedin_kaggle,2026-05-09 18:56:51,linkedin_ds_it_vacancies.csv,Full-time,Mid-Senior level,False
Software Engineer,REN-ISAC,"Bloomington, IN", - ,linkedin_kaggle,2026-05-09 18:56:51,linkedin_ds_it_vacancies.csv,Full-time,,True
Data Scientist/Data Analyst,"Tentek, Inc.","Orlando, FL",80.0 - 89.0,linkedin_kaggle,2026-05-09 18:56:51,linkedin_ds_it_vacancies.csv,Contract,Mid-Senior level,False
Python Developer,Tekaccel Inc.,"California, United States", - ,linkedin_kaggle,2026-05-09 18:56:51,linkedin_ds_it_vacancies.csv,Contract,,True
Machine Learning Engineer- 10+year exp*,"Q1 Technologies, Inc.","Sunnyvale, CA", - ,linkedin_kaggle,2026-05-09 18:56:51,linkedin_ds_it_vacancies.csv,Full-time,,False
Senior Java Software Engineer,Venusgeo Solutions,"New York, United States",50.0 - 60.0,linkedin_kaggle,2026-05-09 18:56:51,linkedin_ds_it_vacancies.csv,Contract,,True
Academic Analytics & Assessment Associate ,New York Institute of Technology,"Old Westbury, NY",60000.0 - 70000.0,linkedin_kaggle,2026-05-09 18:56:51,linkedin_ds_it_vacancies.csv,Full-time,Associate,False
Software Engineer,CDW,United States, - ,linkedin_kaggle,2026-05-09 18:56:51,linkedin_ds_it_vacancies.csv,Contract,Mid-Senior level,True
Power BI SQL Developer,ALOIS Solutions,United States, - ,linkedin_kaggle,2026-05-09 18:56:51,linkedin_ds_it_vacancies.csv,Full-time,,True
Data Engineer,Infojini Inc,"Los Angeles, CA", - ,linkedin_kaggle,2026-05-09 18:56:51,linkedin_ds_it_vacancies.csv,Contract,Mid-Senior level,False
SAP Analytics Cloud (SAC) Integration Specialist ,"ActiveSoft, Inc",United States, - ,linkedin_kaggle,2026-05-09 18:56:51,linkedin_ds_it_vacancies.csv,Contract,Mid-Senior level,True
Senior Full Stack Software Engineer (PHP/React) - US,Zillow,United States,156300.0 - 249700.0,linkedin_kaggle,2026-05-09 18:56:51,linkedin_ds_it_vacancies.csv,Full-time,Mid-Senior level,True
Senior Data Analyst,Flexton Inc.,"Austin, Texas Metropolitan Area",55.0 - 55.0,linkedin_kaggle,2026-05-09 18:56:51,linkedin_ds_it_vacancies.csv,Full-time,Mid-Senior level,False
Senior Software Engineer,Compunnel Inc.,"Cary, NC", - ,linkedin_kaggle,2026-05-09 18:56:51,linkedin_ds_it_vacancies.csv,Contract,Mid-Senior level,False
"Engineer Associate Staff, DSP Machine Learning",Shure Incorporated,"Niles, IL", - ,linkedin_kaggle,2026-05-09 18:56:51,linkedin_ds_it_vacancies.csv,Full-time,Entry level,False
Business Intelligence Developer,Neutrino Advisory,"Georgia, United States", - ,linkedin_kaggle,2026-05-09 18:56:51,linkedin_ds_it_vacancies.csv,Contract,,True
Software Engineering Intern,TheGuarantors,"New York, NY", - ,linkedin_kaggle,2026-05-09 18:56:51,linkedin_ds_it_vacancies.csv,Internship,Internship,False
Staff Software Engineer IV,Bruker Daltonics,"Santa Barbara, CA", - ,linkedin_kaggle,2026-05-09 18:56:51,linkedin_ds_it_vacancies.csv,Full-time,Mid-Senior level,False
Senior Data Engineer,VySystems,"Chicago, IL", - ,linkedin_kaggle,2026-05-09 18:56:51,linkedin_ds_it_vacancies.csv,Full-time,Mid-Senior level,False
Data Analyst,Carpe,"Durham, NC", - ,linkedin_kaggle,2026-05-09 18:56:51,linkedin_ds_it_vacancies.csv,Full-time,,False
Software Engineer (E-Commerce ~ Javascript) ATX / Onsite / $65k,Austin Fraser,"Austin, Texas Metropolitan Area",55000.0 - 65000.0,linkedin_kaggle,2026-05-09 18:56:51,linkedin_ds_it_vacancies.csv,Full-time,Entry level,False
Azure Data Engineer ,Motion Recruitment,"Atlanta, GA",125000.0 - 135000.0,linkedin_kaggle,2026-05-09 18:56:51,linkedin_ds_it_vacancies.csv,Full-time,Mid-Senior level,True
Machine Learning Engineer,BlackSky,"Herndon, VA", - ,linkedin_kaggle,2026-05-09 18:56:51,linkedin_ds_it_vacancies.csv,Full-time,Mid-Senior level,True
Business Intelligence Consultant,Quantum World Technologies Inc.,"Troy, MI",55.0 - 55.0,linkedin_kaggle,2026-05-09 18:56:51,linkedin_ds_it_vacancies.csv,Contract,Mid-Senior level,False
Data Scientist,Agility Partners,"Columbus, Ohio Metropolitan Area", - ,linkedin_kaggle,2026-05-09 18:56:51,linkedin_ds_it_vacancies.csv,Full-time,Mid-Senior level,False
Software Engineer in Test,PMG GLOBAL,Raleigh-Durham-Chapel Hill Area, - ,linkedin_kaggle,2026-05-09 18:56:51,linkedin_ds_it_vacancies.csv,Contract,Mid-Senior level,False
Data Analyst,Brightly,"Cary, NC", - ,linkedin_kaggle,2026-05-09 18:56:51,linkedin_ds_it_vacancies.csv,Full-time,Entry level,True
Data Engineer,andros,United States,130000.0 - 155000.0,linkedin_kaggle,2026-05-09 18:56:51,linkedin_ds_it_vacancies.csv,Full-time,Mid-Senior level,True
"Director/Sr. Director, Insights and Analytics",Invivyd,"Waltham, MA", - ,linkedin_kaggle,2026-05-09 18:56:51,linkedin_ds_it_vacancies.csv,Full-time,Director,False
Data Analyst,i2i Population Health,"Tennessee, United States", - ,linkedin_kaggle,2026-05-09 18:56:51,linkedin_ds_it_vacancies.csv,Full-time,,True
"Senior Analyst, VBC Contract Analytics",Arcadia,United States, - ,linkedin_kaggle,2026-05-09 18:56:51,linkedin_ds_it_vacancies.csv,Full-time,Mid-Senior level,True
"Team Lead, VBC Contract Analytics",Arcadia,United States, - ,linkedin_kaggle,2026-05-09 18:56:51,linkedin_ds_it_vacancies.csv,Full-time,Mid-Senior level,True
IT Financial Management System and Data Analyst,Chenega Professional Services Strategic  Business Unit,United States,145000.0 - 165000.0,linkedin_kaggle,2026-05-09 18:56:51,linkedin_ds_it_vacancies.csv,Full-time,Mid-Senior level,True
Sr. Data Engineer,Cloudious LLC,"Dallas, TX", - ,linkedin_kaggle,2026-05-09 18:56:51,linkedin_ds_it_vacancies.csv,Contract,Mid-Senior level,False
Business Intelligence Developer,eNGINE,"Pittsburgh, PA",80000.0 - 100000.0,linkedin_kaggle,2026-05-09 18:56:51,linkedin_ds_it_vacancies.csv,Full-time,Mid-Senior level,False
"Data Scientist, Business Operations",Owner.com,United States, - ,linkedin_kaggle,2026-05-09 18:56:51,linkedin_ds_it_vacancies.csv,Full-time,Mid-Senior level,True
Full Stack Software Engineer | Bankrate.com,Red Ventures,"Charlotte, NC", - ,linkedin_kaggle,2026-05-09 18:56:51,linkedin_ds_it_vacancies.csv,Full-time,Mid-Senior level,False
"Software Engineer, Back End",eBay,"San Jose, CA",114800.0 - 176550.0,linkedin_kaggle,2026-05-09 18:56:51,linkedin_ds_it_vacancies.csv,Full-time,Mid-Senior level,False
Sr. Data Analyst II (BI Associate),Flexton Inc.,United States,57.5 - 69.67,linkedin_kaggle,2026-05-09 18:56:51,linkedin_ds_it_vacancies.csv,Contract,Mid-Senior level,True
Director of Product Analytics,Harnham,San Francisco Bay Area, - ,linkedin_kaggle,2026-05-09 18:56:51,linkedin_ds_it_vacancies.csv,Full-time,Director,False
Software Engineer,Digital.ai,United States,85000.0 - 125000.0,linkedin_kaggle,2026-05-09 18:56:51,linkedin_ds_it_vacancies.csv,Full-time,Associate,True
Azure Data Engineer,Talent Groups,United States, - ,linkedin_kaggle,2026-05-09 18:56:51,linkedin_ds_it_vacancies.csv,Full-time,Mid-Senior level,True
Sr. Data Engineer I,Oak Street Health,"Chicago, IL", - ,linkedin_kaggle,2026-05-09 18:56:51,linkedin_ds_it_vacancies.csv,Full-time,Mid-Senior level,False
"Sr. Engineer I, Software Engineering FE",Oak Street Health,"Chicago, IL", - ,linkedin_kaggle,2026-05-09 18:56:51,linkedin_ds_it_vacancies.csv,Full-time,Mid-Senior level,False
"Staff Product Manager, Next Gen Analytics",Databricks,"San Francisco, CA", - ,linkedin_kaggle,2026-05-09 18:56:51,linkedin_ds_it_vacancies.csv,Full-time,Mid-Senior level,False
 Senior Software Engineer - Kubernetes (1927890),Tier4 Group,Greater Milwaukee, - ,linkedin_kaggle,2026-05-09 18:56:51,linkedin_ds_it_vacancies.csv,Contract,Mid-Senior level,False
Educational Data Analyst,100K Job Hunt,"Washington, DC", - ,linkedin_kaggle,2026-05-09 18:56:51,linkedin_ds_it_vacancies.csv,Full-time,,False
Senior Manager - Commercial Analytics,Novo Nordisk,"Plainsboro, NJ", - ,linkedin_kaggle,2026-05-09 18:56:51,linkedin_ds_it_vacancies.csv,Full-time,,False
Python Developer,Hire Python Developer,United States, - ,linkedin_kaggle,2026-05-09 18:56:51,linkedin_ds_it_vacancies.csv,Full-time,,True
"Financial Model Software Engineer, Professional (Hybrid - 3 Days in Office)",Freddie Mac,"McLean, VA",103000.0 - 155000.0,linkedin_kaggle,2026-05-09 18:56:51,linkedin_ds_it_vacancies.csv,Full-time,Associate,False
Manager of Sustainability Reporting & Analytics,PSEG,"Newark, NJ", - ,linkedin_kaggle,2026-05-09 18:56:51,linkedin_ds_it_vacancies.csv,Full-time,Mid-Senior level,False
Software Engineer II,Spreetail,"Lincoln, NE", - ,linkedin_kaggle,2026-05-09 18:56:51,linkedin_ds_it_vacancies.csv,Full-time,Entry level,False
Data Analyst,Unisys,"Richmond, VA", - ,linkedin_kaggle,2026-05-09 18:56:51,linkedin_ds_it_vacancies.csv,Contract,Mid-Senior level,False
Software Engineer,Docusign,"Seattle, WA", - ,linkedin_kaggle,2026-05-09 18:56:51,linkedin_ds_it_vacancies.csv,Full-time,Entry level,False
"Developer, Designer, AI Engineer, Data Scientist, DevOps and QA",TeamEx,United States, - ,linkedin_kaggle,2026-05-09 18:56:51,linkedin_ds_it_vacancies.csv,Full-time,,True
Data Analyst,SMX,"Jacksonville, FL", - ,linkedin_kaggle,2026-05-09 18:56:51,linkedin_ds_it_vacancies.csv,Full-time,Entry level,False
Data & Analytics Manager,JLL,"Charleston, SC", - ,linkedin_kaggle,2026-05-09 18:56:51,linkedin_ds_it_vacancies.csv,Full-time,Mid-Senior level,True
Data Engineer - W2,IT America Inc,"Richmond, VA", - ,linkedin_kaggle,2026-05-09 18:56:51,linkedin_ds_it_vacancies.csv,Contract,Mid-Senior level,False
Principal Software Engineer,Next Ventures,"New York, United States", - ,linkedin_kaggle,2026-05-09 18:56:51,linkedin_ds_it_vacancies.csv,Full-time,Director,False
GCP Data Engineer- ONLY W2,Compunnel Inc.,"Dallas, TX", - ,linkedin_kaggle,2026-05-09 18:56:51,linkedin_ds_it_vacancies.csv,Contract,Mid-Senior level,False
Data Analyst,"Global Technical Talent, an Inc. 5000 Company","Alameda, CA", - ,linkedin_kaggle,2026-05-09 18:56:51,linkedin_ds_it_vacancies.csv,Contract,Entry level,False
Software Engineer in Test (Mobile) - NC,Не указана,"North Carolina, United States", - ,linkedin_kaggle,2026-05-09 18:56:51,linkedin_ds_it_vacancies.csv,Contract,Associate,False
"Senior Software Engineer, Edge (Infra)",GitHub,United States,104400.0 - 276900.0,linkedin_kaggle,2026-05-09 18:56:51,linkedin_ds_it_vacancies.csv,Full-time,Mid-Senior level,True
Software Engineer,Premier Group Recruitment,"Houston, TX", - ,linkedin_kaggle,2026-05-09 18:56:51,linkedin_ds_it_vacancies.csv,Full-time,Mid-Senior level,False
Business Intelligence Analyst,Concentrix,"Georgia, United States", - ,linkedin_kaggle,2026-05-09 18:56:51,linkedin_ds_it_vacancies.csv,Full-time,Mid-Senior level,False
Analytics & Data Management - Supply Chain Sector - Senior Manager - Consulting - Location OPEN,EY,"New York, NY",139800.0 - 319400.0,linkedin_kaggle,2026-05-09 18:56:51,linkedin_ds_it_vacancies.csv,Full-time,Mid-Senior level,False
"Staff Software Engineer, Cloud Platform",Included Health,United States,150800.0 - 275950.0,linkedin_kaggle,2026-05-09 18:56:51,linkedin_ds_it_vacancies.csv,Full-time,Mid-Senior level,True
Senior Data Analyst,Selby Jennings,United States, - ,linkedin_kaggle,2026-05-09 18:56:51,linkedin_ds_it_vacancies.csv,Full-time,Mid-Senior level,True
Healthcare Customer Data Analytics Lead - Populance,Henry Ford Health,"Troy, MI", - ,linkedin_kaggle,2026-05-09 18:56:51,linkedin_ds_it_vacancies.csv,Full-time,Associate,False
Senior Application Software Engineer (Remote),Axon,United States,122000.0 - 234000.0,linkedin_kaggle,2026-05-09 18:56:51,linkedin_ds_it_vacancies.csv,Full-time,Mid-Senior level,True
"Software Engineer IV, Tech Lead",RVCM (RevaComm),United States,124100.0 - 150000.0,linkedin_kaggle,2026-05-09 18:56:51,linkedin_ds_it_vacancies.csv,Full-time,Mid-Senior level,True
Software Engineer,Caterpillar Inc.,"Chicago, IL", - ,linkedin_kaggle,2026-05-09 18:56:51,linkedin_ds_it_vacancies.csv,Full-time,,True
Data Engineering - Senior - Consulting - Location OPEN,EY,"Charlotte, NC",96200.0 - 158900.0,linkedin_kaggle,2026-05-09 18:56:51,linkedin_ds_it_vacancies.csv,Full-time,Mid-Senior level,False
"Analyst, Quality Control Analytics (1 of 4)",Johnson & Johnson,"Raritan, NJ", - ,linkedin_kaggle,2026-05-09 18:56:51,linkedin_ds_it_vacancies.csv,Full-time,,False
Senior Data Scientist,Optimus - People. Solutions. Delivered.,Greater Houston, - ,linkedin_kaggle,2026-05-09 18:56:51,linkedin_ds_it_vacancies.csv,Full-time,Mid-Senior level,False
Analytics Engineer,Amplify,United States, - ,linkedin_kaggle,2026-05-09 18:56:51,linkedin_ds_it_vacancies.csv,Full-time,Entry level,True
Staff Software Engineer (SDET),Fanatics,United States,152000.0 - 195000.0,linkedin_kaggle,2026-05-09 18:56:51,linkedin_ds_it_vacancies.csv,Full-time,Mid-Senior level,True
Data Analyst-Tech Cons-Data and Anltcs-Data Governance and Ctrls-FSO-Manager-Multiple Postns-1499053,EY,"New York, NY", - ,linkedin_kaggle,2026-05-09 18:56:51,linkedin_ds_it_vacancies.csv,Full-time,Mid-Senior level,False
Senior Software Engineer (Front End),Design Pickle,"Scottsdale, AZ",142000.0 - 180000.0,linkedin_kaggle,2026-05-09 18:56:51,linkedin_ds_it_vacancies.csv,Full-time,Mid-Senior level,True
Data Scientist II,Fanatics,United States, - ,linkedin_kaggle,2026-05-09 18:56:51,linkedin_ds_it_vacancies.csv,Full-time,Entry level,True
Labor & Workforce Analytics- Managing Director ,Newmark,"Dallas, TX", - ,linkedin_kaggle,2026-05-09 18:56:51,linkedin_ds_it_vacancies.csv,Full-time,Entry level,False
Business Analytics Manager,Freemont Yardley Search,"Norwalk, CT",110000.0 - 125000.0,linkedin_kaggle,2026-05-09 18:56:51,linkedin_ds_it_vacancies.csv,Full-time,Mid-Senior level,False
Senior Backend Software Engineer,CornerUp,"New York, NY",110000.0 - 160000.0,linkedin_kaggle,2026-05-09 18:56:51,linkedin_ds_it_vacancies.csv,Full-time,Mid-Senior level,True
Data Analyst,HTC Global Services,"Orlando, FL", - ,linkedin_kaggle,2026-05-09 18:56:51,linkedin_ds_it_vacancies.csv,Full-time,Mid-Senior level,False
Data Scientist (Medical),PSRTEK,"Fairfax County, VA", - ,linkedin_kaggle,2026-05-09 18:56:51,linkedin_ds_it_vacancies.csv,Contract,,True
Storage Software Engineer with Infrastructure,Exarca Inc.,"Dallas, TX", - ,linkedin_kaggle,2026-05-09 18:56:51,linkedin_ds_it_vacancies.csv,Contract,,False
Embedded Software Engineer,Entegee,"Melbourne, FL",60.0 - 75.0,linkedin_kaggle,2026-05-09 18:56:51,linkedin_ds_it_vacancies.csv,Contract,Mid-Senior level,False
Loans Transformation Data Analyst,Cybotic System,New York City Metropolitan Area, - ,linkedin_kaggle,2026-05-09 18:56:51,linkedin_ds_it_vacancies.csv,Contract,,False
Data Engineer,Tech Mahindra,"Redmond, WA", - ,linkedin_kaggle,2026-05-09 18:56:51,linkedin_ds_it_vacancies.csv,Full-time,Mid-Senior level,False
Senior Software Engineer,"Mitsubishi Electric Power Products, Inc.","Freedom, PA", - ,linkedin_kaggle,2026-05-09 18:56:51,linkedin_ds_it_vacancies.csv,Full-time,Mid-Senior level,False
AI /Machine Learning Engineer / Architect,Lorven Technologies Inc.,"Nashville, TN", - ,linkedin_kaggle,2026-05-09 18:56:51,linkedin_ds_it_vacancies.csv,Contract,Mid-Senior level,False
Senior Java Software Engineer - W2 Position (Global Banking),"Denken Solutions, Inc.","Tampa, FL",70.0 - 75.0,linkedin_kaggle,2026-05-09 18:56:51,linkedin_ds_it_vacancies.csv,Contract,,False
Data Analyst Intern,Aroris,"Minneapolis, MN", - ,linkedin_kaggle,2026-05-09 18:56:51,linkedin_ds_it_vacancies.csv,Full-time,,False
"Sr Data Analyst - W2 - 12 Months - Sunnyvale, CA or New York, NY or Hoboken, NJ / 2 days/week onsite",Advent Global Solutions,New York City Metropolitan Area, - ,linkedin_kaggle,2026-05-09 18:56:51,linkedin_ds_it_vacancies.csv,Contract,,False
Data Engineer,DataAnnotation,United States, - ,linkedin_kaggle,2026-05-09 18:56:51,linkedin_ds_it_vacancies.csv,Contract,,True
Senior Machine Learning Engineer,"Method360, Inc.","San Antonio, TX", - ,linkedin_kaggle,2026-05-09 18:56:51,linkedin_ds_it_vacancies.csv,Contract,Mid-Senior level,False
"HRIS Analyst, Senior / Consultant | HR Technology & Analytics",Arizona Public Service - APS,"Phoenix, AZ", - ,linkedin_kaggle,2026-05-09 18:56:51,linkedin_ds_it_vacancies.csv,Full-time,Mid-Senior level,False
Data Engineer - Full Time,"Computer Data Concepts, Inc","Kansas City, MO", - ,linkedin_kaggle,2026-05-09 18:56:51,linkedin_ds_it_vacancies.csv,Full-time,,False
Sr. Software Engineer,Eliassen Group,"Burbank, CA", - ,linkedin_kaggle,2026-05-09 18:56:51,linkedin_ds_it_vacancies.csv,Contract,Mid-Senior level,False
CDAO - Talent Management Division - Workforce Analytics Portfolio Lead,DoD Chief Digital and Artificial Intelligence Office,United States, - ,linkedin_kaggle,2026-05-09 18:56:51,linkedin_ds_it_vacancies.csv,Full-time,Executive,True
Principal Software Engineer (AI Security Cloud),Palo Alto Networks,"Santa Clara, CA", - ,linkedin_kaggle,2026-05-09 18:56:51,linkedin_ds_it_vacancies.csv,Full-time,Mid-Senior level,False
Business Intelligence Architect,Tranzeal Incorporated,"Foster City, CA", - ,linkedin_kaggle,2026-05-09 18:56:51,linkedin_ds_it_vacancies.csv,Contract,Mid-Senior level,False
Python Developer,"Q1 Technologies, Inc.",United States, - ,linkedin_kaggle,2026-05-09 18:56:51,linkedin_ds_it_vacancies.csv,Full-time,,True
Python Developer,Blue Ocean Ventures,"Phoenix, AZ", - ,linkedin_kaggle,2026-05-09 18:56:51,linkedin_ds_it_vacancies.csv,Contract,Mid-Senior level,False
Power BI SQL Developer,Smart IT Frame LLC,United States, - ,linkedin_kaggle,2026-05-09 18:56:51,linkedin_ds_it_vacancies.csv,Full-time,Mid-Senior level,True
Python Developer,Smart IT Frame LLC,"Phoenix, AZ", - ,linkedin_kaggle,2026-05-09 18:56:51,linkedin_ds_it_vacancies.csv,Contract,Mid-Senior level,False
Product Data Analyst,The Gunter Group,"Portland, Oregon Metropolitan Area",95000.0 - 125000.0,linkedin_kaggle,2026-05-09 18:56:51,linkedin_ds_it_vacancies.csv,Full-time,Mid-Senior level,False
Senior Software Engineer,myLaurel™,United States,145000.0 - 160000.0,linkedin_kaggle,2026-05-09 18:56:51,linkedin_ds_it_vacancies.csv,Full-time,Mid-Senior level,True
Data Analyst (Visual Basic Application) ,Gainwell Technologies,"Hamilton, NJ",69400.0 - 99200.0,linkedin_kaggle,2026-05-09 18:56:51,linkedin_ds_it_vacancies.csv,Full-time,,False
Sr. Data Engineer (onsite),Simtra BioPharma Solutions,"Bloomington, IN", - ,linkedin_kaggle,2026-05-09 18:56:51,linkedin_ds_it_vacancies.csv,Full-time,Mid-Senior level,False
"Software Engineer - ELSYS - On Site - Warner Robins, GA - (Open Rank)",Georgia Tech Research Institute,"Warner Robins, GA", - ,linkedin_kaggle,2026-05-09 18:56:51,linkedin_ds_it_vacancies.csv,Full-time,Entry level,False
BI Data Engineer,Preferred Strategies,United States,125000.0 - 150000.0,linkedin_kaggle,2026-05-09 18:56:51,linkedin_ds_it_vacancies.csv,Full-time,,True
Business Data Analyst,Allied Universal,"Nashville, TN", - ,linkedin_kaggle,2026-05-09 18:56:51,linkedin_ds_it_vacancies.csv,Full-time,Mid-Senior level,False
Salesforce Developer with Software Engineer,"iBrain Technologies, Inc",United States, - ,linkedin_kaggle,2026-05-09 18:56:51,linkedin_ds_it_vacancies.csv,Contract,,True
Software Engineer L3,"Sira Consulting, an Inc 5000 company","Redmond, WA", - ,linkedin_kaggle,2026-05-09 18:56:51,linkedin_ds_it_vacancies.csv,Full-time,,False
Manager Pharmacy Analytics - Regulatory,MercyOne,Des Moines Metropolitan Area, - ,linkedin_kaggle,2026-05-09 18:56:51,linkedin_ds_it_vacancies.csv,Full-time,,False
Data Scientist - Interdisciplinary,U.S. Department of Labor,"Washington, DC",122198.0 - 191900.0,linkedin_kaggle,2026-05-09 18:56:51,linkedin_ds_it_vacancies.csv,Full-time,Entry level,False
Machine Learning Engineer (Intern - Summer 2024),SRC,"Syracuse, NY", - ,linkedin_kaggle,2026-05-09 18:56:51,linkedin_ds_it_vacancies.csv,Internship,Internship,False
"Software Engineering Intern-Orlando, FL-Summer 2024-ASL",Georgia Tech Research Institute,"Orlando, FL", - ,linkedin_kaggle,2026-05-09 18:56:51,linkedin_ds_it_vacancies.csv,Full-time,Internship,False
Sr Software Engineer ,Jack in the Box,"San Diego, CA",113100.0 - 161100.0,linkedin_kaggle,2026-05-09 18:56:51,linkedin_ds_it_vacancies.csv,Full-time,Mid-Senior level,False
Python Developer with AWS and Devops,SAGE IT ,"Reston, VA", - ,linkedin_kaggle,2026-05-09 18:56:51,linkedin_ds_it_vacancies.csv,Contract,,False
Principal Software Engineer (AI Security),Palo Alto Networks,"Santa Clara, CA", - ,linkedin_kaggle,2026-05-09 18:56:51,linkedin_ds_it_vacancies.csv,Full-time,Mid-Senior level,False
Senior Data Analyst,Bernhard,"Metairie, LA", - ,linkedin_kaggle,2026-05-09 18:56:51,linkedin_ds_it_vacancies.csv,Full-time,Mid-Senior level,False
Senior/Staff Machine Learning Engineer,Health Stealth Co,United States,150000.0 - 275000.0,linkedin_kaggle,2026-05-09 18:56:51,linkedin_ds_it_vacancies.csv,Full-time,,True
Various Software Engineer Positions,Zelis,"Park, TX", - ,linkedin_kaggle,2026-05-09 18:56:51,linkedin_ds_it_vacancies.csv,Full-time,Entry level,False
Software Engineer Intern,"University of Tennessee, Knoxville","Knoxville, TN", - ,linkedin_kaggle,2026-05-09 18:56:51,linkedin_ds_it_vacancies.csv,Full-time,,False
Software Engineer (Back-end and Databases),Worky,NAMER, - ,linkedin_kaggle,2026-05-09 18:56:51,linkedin_ds_it_vacancies.csv,Full-time,Mid-Senior level,True
Business Intelligence Developer II,Direct Supply,"Milwaukee, WI", - ,linkedin_kaggle,2026-05-09 18:56:51,linkedin_ds_it_vacancies.csv,Full-time,Mid-Senior level,False
"Sr Analyst, Marketing Analytics",Exact Sciences,"Madison, WI",85000.0 - 135000.0,linkedin_kaggle,2026-05-09 18:56:51,linkedin_ds_it_vacancies.csv,Full-time,Mid-Senior level,False
Analytics Lab Support Technician,"UbiQD, Inc.","Los Alamos, NM", - ,linkedin_kaggle,2026-05-09 18:56:51,linkedin_ds_it_vacancies.csv,Full-time,,False
"Senior Financial Analyst, Business Analytics - Planning &  Strategy",Paramount,"Los Angeles, CA",78000.0 - 92500.0,linkedin_kaggle,2026-05-09 18:56:51,linkedin_ds_it_vacancies.csv,Full-time,Mid-Senior level,False
Senior Cloud Data Engineer,KHYATHI INFORMATICS LLC,New York City Metropolitan Area, - ,linkedin_kaggle,2026-05-09 18:56:51,linkedin_ds_it_vacancies.csv,Full-time,,False
Software Engineer,Redbock - an NES Fircroft company,United States, - ,linkedin_kaggle,2026-05-09 18:56:51,linkedin_ds_it_vacancies.csv,Contract,Mid-Senior level,True
Senior Data Engineer,"TSR Consulting Services, Inc.",United States,175000.0 - 180000.0,linkedin_kaggle,2026-05-09 18:56:51,linkedin_ds_it_vacancies.csv,Full-time,Mid-Senior level,True
Machine Learning Engineer,Boulder Imaging,"Louisville, CO",120000.0 - 135000.0,linkedin_kaggle,2026-05-09 18:56:51,linkedin_ds_it_vacancies.csv,Full-time,,False
Senior Data Engineer,Oracle,United States,74100.0 - 158200.0,linkedin_kaggle,2026-05-09 18:56:51,linkedin_ds_it_vacancies.csv,Full-time,Mid-Senior level,True
Junior Business Data Analyst,DHL Supply Chain,"Mechanicsburg, PA", - ,linkedin_kaggle,2026-05-09 18:56:51,linkedin_ds_it_vacancies.csv,Full-time,Entry level,False
Business Intelligence Consultant,Avenues International Inc.,"Middletown, NY", - ,linkedin_kaggle,2026-05-09 18:56:51,linkedin_ds_it_vacancies.csv,Contract,,False
Staff Software Engineer,Sony Interactive Entertainment,"San Mateo, CA",209900.0 - 314900.0,linkedin_kaggle,2026-05-09 18:56:51,linkedin_ds_it_vacancies.csv,Full-time,,False
Software Engineering Intern,Hewlett Packard Enterprise,Greater Fort Collins Area,33.25 - 46.0,linkedin_kaggle,2026-05-09 18:56:51,linkedin_ds_it_vacancies.csv,Full-time,,False
Data Engineer with Palantir Foundry (must),Ace Technologies,"Houston, TX", - ,linkedin_kaggle,2026-05-09 18:56:51,linkedin_ds_it_vacancies.csv,Contract,,False
Senior Python Developer,"Quardev, Inc.","Bothell, WA", - ,linkedin_kaggle,2026-05-09 18:56:51,linkedin_ds_it_vacancies.csv,Contract,Mid-Senior level,False
Business Intelligence Developer,Insight Global,"San Diego, CA",93600.0 - 135000.0,linkedin_kaggle,2026-05-09 18:56:51,linkedin_ds_it_vacancies.csv,Full-time,Mid-Senior level,False
Data Scientist,"V-Soft Consulting Group, Inc.","Manhattan, NY", - ,linkedin_kaggle,2026-05-09 18:56:51,linkedin_ds_it_vacancies.csv,Contract,Entry level,False
Software Engineer in Test,EglobeData,"Chicago, IL", - ,linkedin_kaggle,2026-05-09 18:56:51,linkedin_ds_it_vacancies.csv,Full-time,,True
Business Intelligence Consultant,Insight Global,United States,80000.0 - 125000.0,linkedin_kaggle,2026-05-09 18:56:51,linkedin_ds_it_vacancies.csv,Contract,Associate,True
Software Engineer – Full Stack,Experis,"Phoenix, AZ", - ,linkedin_kaggle,2026-05-09 18:56:51,linkedin_ds_it_vacancies.csv,Contract,Entry level,False
Senior .NET Software Engineer,"15 Seconds of Fame, Inc.",United States, - ,linkedin_kaggle,2026-05-09 18:56:51,linkedin_ds_it_vacancies.csv,Full-time,,True
Software Engineer,Harvey Nash,"Redmond, WA",67.0 - 77.0,linkedin_kaggle,2026-05-09 18:56:51,linkedin_ds_it_vacancies.csv,Contract,Mid-Senior level,False
Lead Data Scientist,Smart IT Frame LLC,"Columbus, OH", - ,linkedin_kaggle,2026-05-09 18:56:51,linkedin_ds_it_vacancies.csv,Contract,Mid-Senior level,False
Senior Software Engineer,Exact Sciences,"Madison, WI",124000.0 - 200000.0,linkedin_kaggle,2026-05-09 18:56:51,linkedin_ds_it_vacancies.csv,Full-time,Mid-Senior level,False
Senior Software Engineer,Cookonnect,United States,150000.0 - 170000.0,linkedin_kaggle,2026-05-09 18:56:51,linkedin_ds_it_vacancies.csv,Full-time,Mid-Senior level,True
Staff Software Engineer,Walmart Global Tech,"Bellevue, WA", - ,linkedin_kaggle,2026-05-09 18:56:51,linkedin_ds_it_vacancies.csv,Full-time,Mid-Senior level,False
Agile Software Engineer (Java/Scala) (Jersey City),Experis,"Jersey City, NJ",18.0 - 73.0,linkedin_kaggle,2026-05-09 18:56:51,linkedin_ds_it_vacancies.csv,Contract,Entry level,False
Data Analyst,Emeritus,United States,80000.0 - 100000.0,linkedin_kaggle,2026-05-09 18:56:51,linkedin_ds_it_vacancies.csv,Full-time,Associate,True
Product Data Analyst,CARFAX,"Centreville, VA", - ,linkedin_kaggle,2026-05-09 18:56:51,linkedin_ds_it_vacancies.csv,Full-time,Entry level,False
Data Scientist,PriceSenz,"Durham, NC", - ,linkedin_kaggle,2026-05-09 18:56:51,linkedin_ds_it_vacancies.csv,Contract,Mid-Senior level,False
Business Intelligence Developer,Qualibar,"Atlanta, GA", - ,linkedin_kaggle,2026-05-09 18:56:51,linkedin_ds_it_vacancies.csv,Full-time,,False
Python Developer,Diverse Lynx,"Boston, MA", - ,linkedin_kaggle,2026-05-09 18:56:51,linkedin_ds_it_vacancies.csv,Full-time,,False
"Staff Software Engineer, ML Foundations SRE ",LinkedIn,"Mountain View, CA", - ,linkedin_kaggle,2026-05-09 18:56:51,linkedin_ds_it_vacancies.csv,Full-time,,False
Senior Data Scientist,Insight Global,"Orlando, FL",130000.0 - 160000.0,linkedin_kaggle,2026-05-09 18:56:51,linkedin_ds_it_vacancies.csv,Full-time,Mid-Senior level,False
Android Software Engineer,Tomahawk Robotics,"Melbourne, FL",91000.0 - 137000.0,linkedin_kaggle,2026-05-09 18:56:51,linkedin_ds_it_vacancies.csv,Full-time,Mid-Senior level,False
Software Engineer,Atlas,"Sacramento, CA",62400.0 - 74880.0,linkedin_kaggle,2026-05-09 18:56:51,linkedin_ds_it_vacancies.csv,Full-time,Associate,False
Data Engineer-SQL/ Python/ Data Analysis,American Express,"Phoenix, AZ",85000.0 - 150000.0,linkedin_kaggle,2026-05-09 18:56:51,linkedin_ds_it_vacancies.csv,Full-time,Entry level,False
"Lead Software Engineer, Backend, International Solutions",Chick-fil-A Corporate Support Center,"Atlanta, GA", - ,linkedin_kaggle,2026-05-09 18:56:51,linkedin_ds_it_vacancies.csv,Full-time,,False
"000198 - W2 Only - Data Engineer (Python, React, Hadoop & Cloud)",New Millenium Consulting,"Plano, TX",65.0 - 70.0,linkedin_kaggle,2026-05-09 18:56:51,linkedin_ds_it_vacancies.csv,Contract,Mid-Senior level,False
Staff Software Engineer - Backend (Data & Classification),Walmart Global Tech,"Sunnyvale, CA",143000.0 - 286000.0,linkedin_kaggle,2026-05-09 18:56:51,linkedin_ds_it_vacancies.csv,Full-time,Mid-Senior level,False
"NMC_000198 - W2 - Data Engineer (React, Python, Hadoop, Cloud))",New Millenium Consulting,"Ridgefield Park, NJ",65.0 - 70.0,linkedin_kaggle,2026-05-09 18:56:51,linkedin_ds_it_vacancies.csv,Contract,Mid-Senior level,False
Software Engineer I,FIS,United States,75590.0 - 123220.0,linkedin_kaggle,2026-05-09 18:56:51,linkedin_ds_it_vacancies.csv,Full-time,Mid-Senior level,True
Sr Analyst- Digital Product Analytics,St. Jude Children's Research Hospital - ALSAC,"Memphis, TN", - ,linkedin_kaggle,2026-05-09 18:56:51,linkedin_ds_it_vacancies.csv,Full-time,Mid-Senior level,False
Data Analyst (Entry Level),Select Source International,"Trenton, NJ", - ,linkedin_kaggle,2026-05-09 18:56:51,linkedin_ds_it_vacancies.csv,Contract,,False
Senior Data Engineer,MindSource,United States, - ,linkedin_kaggle,2026-05-09 18:56:51,linkedin_ds_it_vacancies.csv,Contract,Mid-Senior level,True
Analytics Engineer ,Optomi,"Atlanta, GA",65.0 - 75.0,linkedin_kaggle,2026-05-09 18:56:51,linkedin_ds_it_vacancies.csv,Contract,Mid-Senior level,False
Contract Business Systems Data Analyst (Treasury focus),Vaco,"Raleigh, NC",70.0 - 75.0,linkedin_kaggle,2026-05-09 18:56:51,linkedin_ds_it_vacancies.csv,Contract,Mid-Senior level,True
Analyst II - Digital Product Analytics,St. Jude Children's Research Hospital - ALSAC,"Baton Rouge, LA", - ,linkedin_kaggle,2026-05-09 18:56:51,linkedin_ds_it_vacancies.csv,Full-time,Mid-Senior level,False
Senior Business Intelligence Developer,Parin Technologies,New York City Metropolitan Area,50.0 - 55.0,linkedin_kaggle,2026-05-09 18:56:51,linkedin_ds_it_vacancies.csv,Contract,Mid-Senior level,False
Senior Data Engineer,DRISHTICON,"Sunnyvale, CA",60.0 - 65.0,linkedin_kaggle,2026-05-09 18:56:51,linkedin_ds_it_vacancies.csv,Contract,Mid-Senior level,False
Sr. Software Engineer,WellSky,"Overland Park, KS", - ,linkedin_kaggle,2026-05-09 18:56:51,linkedin_ds_it_vacancies.csv,Full-time,Mid-Senior level,False
Senior Data Scientist,VALID Systems,United States, - ,linkedin_kaggle,2026-05-09 18:56:51,linkedin_ds_it_vacancies.csv,Full-time,,True
Machine Learning Engineer,eduPhoria.ai,"California, United States", - ,linkedin_kaggle,2026-05-09 18:56:51,linkedin_ds_it_vacancies.csv,Full-time,,True
"Lead Software Engineer, Application Administrator, SIS","American Public Education, Inc. (APEI)",United States, - ,linkedin_kaggle,2026-05-09 18:56:51,linkedin_ds_it_vacancies.csv,Full-time,Mid-Senior level,True
Credit Risk Analytics Manager,PayPal,"Delaware, United States",107300.0 - 259600.0,linkedin_kaggle,2026-05-09 18:56:51,linkedin_ds_it_vacancies.csv,Full-time,,True
Senior Java Software Engineer (10+ years) (Fulltime),Diverse Lynx,"Culver City, CA", - ,linkedin_kaggle,2026-05-09 18:56:51,linkedin_ds_it_vacancies.csv,Full-time,,False
Machine Learning Engineer - RenderWolf.Ai,Unusual Ventures,United States, - ,linkedin_kaggle,2026-05-09 18:56:51,linkedin_ds_it_vacancies.csv,Full-time,Entry level,True
Data Engineer,InfoObjects Inc.,"Piscataway, NJ", - ,linkedin_kaggle,2026-05-09 18:56:51,linkedin_ds_it_vacancies.csv,Contract,,False
"(W2 only, c2h)  Senior AWS Data Engineer, Python",Eliassen Group,United States,70.0 - 80.0,linkedin_kaggle,2026-05-09 18:56:51,linkedin_ds_it_vacancies.csv,Contract,Mid-Senior level,True
SR Data Scientist,BJ's Wholesale Club,"Marlborough, MA", - ,linkedin_kaggle,2026-05-09 18:56:51,linkedin_ds_it_vacancies.csv,Full-time,,False
Data Engineer,Ace Technologies,"Houston, TX", - ,linkedin_kaggle,2026-05-09 18:56:51,linkedin_ds_it_vacancies.csv,Contract,,False
Software Engineer - Workday Integrations,Appzlogic ,"Bentonville, AR", - ,linkedin_kaggle,2026-05-09 18:56:51,linkedin_ds_it_vacancies.csv,Contract,Mid-Senior level,False
Software Engineer,"Hanker Systems, Inc.","Redmond, WA", - ,linkedin_kaggle,2026-05-09 18:56:51,linkedin_ds_it_vacancies.csv,Full-time,,False
Python Developer (looking for local candidates to AZ),Quantum World Technologies Inc.,"Phoenix, AZ", - ,linkedin_kaggle,2026-05-09 18:56:51,linkedin_ds_it_vacancies.csv,Contract,,False
Cloud Data Engineer,"1st-Recruit LLC, An E-Verified Company",New York City Metropolitan Area, - ,linkedin_kaggle,2026-05-09 18:56:51,linkedin_ds_it_vacancies.csv,Contract,,False
Senior Software Engineer,Delta Infotek,"San Diego, CA", - ,linkedin_kaggle,2026-05-09 18:56:51,linkedin_ds_it_vacancies.csv,Contract,,False
Medical Device Sr. Principal Software Engineer - LCM,Alcon,"Lake Forest, CA", - ,linkedin_kaggle,2026-05-09 18:56:51,linkedin_ds_it_vacancies.csv,Full-time,Mid-Senior level,False
Qlik Sense Software Engineer (Data),AgreeYa Solutions,"Pleasanton, CA", - ,linkedin_kaggle,2026-05-09 18:56:51,linkedin_ds_it_vacancies.csv,Contract,,False
Senior Software Engineer- Android Team Lead,Ziosk,"Dallas, TX", - ,linkedin_kaggle,2026-05-09 18:56:51,linkedin_ds_it_vacancies.csv,Full-time,Associate,False
Director of Marketing Analytics,Confidential (Vertical Media Business),"Los Angeles, CA", - ,linkedin_kaggle,2026-05-09 18:56:51,linkedin_ds_it_vacancies.csv,Full-time,,False
Sr. Data Engineer,bioMérieux,"San Jose, CA",148700.0 - 178400.0,linkedin_kaggle,2026-05-09 18:56:51,linkedin_ds_it_vacancies.csv,Full-time,Mid-Senior level,False
Senior Software Engineer - Open Source,Reflex,San Francisco Bay Area, - ,linkedin_kaggle,2026-05-09 18:56:51,linkedin_ds_it_vacancies.csv,Full-time,,False
"Senior Software Engineer, Full-Stack",Walmart Global Tech,"Sunnyvale, CA",117000.0 - 234000.0,linkedin_kaggle,2026-05-09 18:56:51,linkedin_ds_it_vacancies.csv,Full-time,Mid-Senior level,False
Vice President of Software Engineering,ololand.ai,San Francisco Bay Area, - ,linkedin_kaggle,2026-05-09 18:56:51,linkedin_ds_it_vacancies.csv,Full-time,,False
Senior Data Engineer,Sayari,United States, - ,linkedin_kaggle,2026-05-09 18:56:51,linkedin_ds_it_vacancies.csv,Full-time,,True
Forward Deployed Data Engineer - TS/SCI Full Scope Polygraph,Sayari,Washington DC-Baltimore Area, - ,linkedin_kaggle,2026-05-09 18:56:51,linkedin_ds_it_vacancies.csv,Full-time,,False
Software Engineer - Sensors and Prototyping,"Qorvo, Inc.","San Jose, CA", - ,linkedin_kaggle,2026-05-09 18:56:51,linkedin_ds_it_vacancies.csv,Full-time,,False
Machine Learning Engineer,Red Oak Technologies,"Austin, TX", - ,linkedin_kaggle,2026-05-09 18:56:51,linkedin_ds_it_vacancies.csv,Contract,Mid-Senior level,False
Senior Python Developer (Remote OK),VersaFeed,United States, - ,linkedin_kaggle,2026-05-09 18:56:51,linkedin_ds_it_vacancies.csv,Full-time,,True
"Machine Learning Researcher, Machine Learning Operations Engineer, Sr. Software Developer, Assoc Software Developer",Deep Voodoo,"California, United States", - ,linkedin_kaggle,2026-05-09 18:56:51,linkedin_ds_it_vacancies.csv,Full-time,,True
Senior Data Engineer,Intelletec,"New York, NY",175000.0 - 200000.0,linkedin_kaggle,2026-05-09 18:56:51,linkedin_ds_it_vacancies.csv,Full-time,Mid-Senior level,False
Business Intelligence Intern,Kopco,"Fort Smith, AR", - ,linkedin_kaggle,2026-05-09 18:56:51,linkedin_ds_it_vacancies.csv,Full-time,,False
Senior/Lead Software Engineer,Duetto,United States, - ,linkedin_kaggle,2026-05-09 18:56:51,linkedin_ds_it_vacancies.csv,Full-time,Mid-Senior level,True
Private Equity - Portfolio Analytics Senior Associate,"Cyperus Group, Inc",Greater Hartford,120000.0 - 140000.0,linkedin_kaggle,2026-05-09 18:56:51,linkedin_ds_it_vacancies.csv,Full-time,Associate,False
Software Engineer/Sr. Software Engineer,ADSANTEC,"Torrance, CA", - ,linkedin_kaggle,2026-05-09 18:56:51,linkedin_ds_it_vacancies.csv,Full-time,,False
Data Science & Analytics Intern - Summer 2024,Benjamin Moore,"Montvale, NJ", - ,linkedin_kaggle,2026-05-09 18:56:51,linkedin_ds_it_vacancies.csv,Temporary,Internship,False
"Program Manager, Data Analytics and Health Care Compliance",Piper Companies,"New Brunswick, NJ",90000.0 - 140000.0,linkedin_kaggle,2026-05-09 18:56:51,linkedin_ds_it_vacancies.csv,Full-time,Entry level,False
Senior High Performance Computing (HPC) Software Engineer,Microsoft,"Redmond, WA",112000.0 - 238600.0,linkedin_kaggle,2026-05-09 18:56:51,linkedin_ds_it_vacancies.csv,Full-time,,True
Senior Software Engineer (Backend + Infra),AuxHealth,United States,130000.0 - 170000.0,linkedin_kaggle,2026-05-09 18:56:51,linkedin_ds_it_vacancies.csv,Full-time,,True
"Senior Software Engineer, Android Platform",Airbnb,"San Francisco, CA",185000.0 - 223000.0,linkedin_kaggle,2026-05-09 18:56:51,linkedin_ds_it_vacancies.csv,Full-time,Mid-Senior level,True
Software Engineer I/II,Microsoft,"Redmond, WA",76400.0 - 198600.0,linkedin_kaggle,2026-05-09 18:56:51,linkedin_ds_it_vacancies.csv,Full-time,,False
Software Engineer,Apothecarie,United States,115000.0 - 200000.0,linkedin_kaggle,2026-05-09 18:56:51,linkedin_ds_it_vacancies.csv,Full-time,,True
Software Engineer,Microsoft,"Charlotte, NC",76400.0 - 165400.0,linkedin_kaggle,2026-05-09 18:56:51,linkedin_ds_it_vacancies.csv,Full-time,,False
"Machine Learning Engineer, PhD Intern",Instacart,United States, - ,linkedin_kaggle,2026-05-09 18:56:51,linkedin_ds_it_vacancies.csv,Full-time,Internship,True
Data Analyst,CARFAX,"Centreville, VA", - ,linkedin_kaggle,2026-05-09 18:56:51,linkedin_ds_it_vacancies.csv,Full-time,Entry level,False
Data scientist intern,AstrumU®,"Bellevue, WA", - ,linkedin_kaggle,2026-05-09 18:56:51,linkedin_ds_it_vacancies.csv,Internship,,False
Principal Machine Learning Performance Engineer,AMD,"San Jose, CA", - ,linkedin_kaggle,2026-05-09 18:56:51,linkedin_ds_it_vacancies.csv,Full-time,Mid-Senior level,False
"Finance & Business Management Data Scientist, Senior Associate",JPMorgan Chase & Co.,"Chicago, IL", - ,linkedin_kaggle,2026-05-09 18:56:51,linkedin_ds_it_vacancies.csv,Full-time,,False
Senior Data Scientist,Two Six Technologies,"Aurora, Colorado, United States", - ,linkedin_kaggle,2026-05-09 18:56:51,linkedin_ds_it_vacancies.csv,Full-time,Mid-Senior level,False
Head of Corporate Technology Intelligent Systems Data and Analytics - Senior Principal Data Architect,JPMorgan Chase & Co.,"Houston, TX", - ,linkedin_kaggle,2026-05-09 18:56:51,linkedin_ds_it_vacancies.csv,Full-time,Director,False
"Product Manager, Machine Learning",JPMorgan Chase & Co.,"New York, NY", - ,linkedin_kaggle,2026-05-09 18:56:51,linkedin_ds_it_vacancies.csv,Full-time,,False
Software Engineer Specialist - COBOL (MICROFOCUS),FIS,"Boston, MA", - ,linkedin_kaggle,2026-05-09 18:56:51,linkedin_ds_it_vacancies.csv,Full-time,Mid-Senior level,False
"VP / Client, Finance & Strategy Data Scientist Lead – JPM Private Client",JPMorgan Chase & Co.,"San Francisco, CA", - ,linkedin_kaggle,2026-05-09 18:56:51,linkedin_ds_it_vacancies.csv,Full-time,Mid-Senior level,False
Senior Lead Software Engineer - Mainframe,myGwork - LGBTQ+ Business Community,"Tampa, FL", - ,linkedin_kaggle,2026-05-09 18:56:51,linkedin_ds_it_vacancies.csv,Full-time,Mid-Senior level,False
Retail Business Intelligence Analyst II,Skechers,"Manhattan Beach, CA", - ,linkedin_kaggle,2026-05-09 18:56:51,linkedin_ds_it_vacancies.csv,Full-time,Mid-Senior level,False
Senior Software Engineer,TekJobs,United States, - ,linkedin_kaggle,2026-05-09 18:56:51,linkedin_ds_it_vacancies.csv,Full-time,,True
Software Engineers for Audio/Video applications,Remoto,United States,120000.0 - 180000.0,linkedin_kaggle,2026-05-09 18:56:51,linkedin_ds_it_vacancies.csv,Full-time,,True
Software Engineer II,Cadence Design Systems,"San Jose, CA",98000.0 - 182000.0,linkedin_kaggle,2026-05-09 18:56:51,linkedin_ds_it_vacancies.csv,Full-time,Entry level,False
Senior Data Engineer,TekJobs,United States, - ,linkedin_kaggle,2026-05-09 18:56:51,linkedin_ds_it_vacancies.csv,Full-time,,True
Senior Flight Software Engineer - Space Systems Development,Blue Origin,"Seattle, WA", - ,linkedin_kaggle,2026-05-09 18:56:51,linkedin_ds_it_vacancies.csv,Full-time,Mid-Senior level,False
"Director, Commercial Operations (capital equipment sales effectiveness, enablement, analytics, excellence) (on-site),",Baxter International Inc.,"Deerfield, IL", - ,linkedin_kaggle,2026-05-09 18:56:51,linkedin_ds_it_vacancies.csv,Full-time,Director,False
Lead Software Engineer- Android,myGwork - LGBTQ+ Business Community,"New York, United States", - ,linkedin_kaggle,2026-05-09 18:56:51,linkedin_ds_it_vacancies.csv,Full-time,Mid-Senior level,False
Data Analyst,TekJobs,United States, - ,linkedin_kaggle,2026-05-09 18:56:51,linkedin_ds_it_vacancies.csv,Full-time,,True
Python Developer ,TekJobs,United States, - ,linkedin_kaggle,2026-05-09 18:56:51,linkedin_ds_it_vacancies.csv,Full-time,,True
Java Software Engineer,CITGO,"Houston, TX", - ,linkedin_kaggle,2026-05-09 18:56:51,linkedin_ds_it_vacancies.csv,Full-time,,False
"Lead Python Developer - AWS, Grafana",Innovya Technologies,"Colorado Springs, CO", - ,linkedin_kaggle,2026-05-09 18:56:51,linkedin_ds_it_vacancies.csv,Full-time,,False
Software Engineer Intern,Eleos Labs,"Austin, TX",5000.0 - 7000.0,linkedin_kaggle,2026-05-09 18:56:51,linkedin_ds_it_vacancies.csv,Full-time,,False
Data Scientist,U.S. Department of Labor,"Washington, DC",68405.0 - 88926.0,linkedin_kaggle,2026-05-09 18:56:51,linkedin_ds_it_vacancies.csv,Full-time,Entry level,False
BI Data Engineer,Thermo Fisher Scientific,"United, PA", - ,linkedin_kaggle,2026-05-09 18:56:51,linkedin_ds_it_vacancies.csv,Full-time,,True
"Software Engineer III - Java, React, BI Tools and Data Pipeline Technologies",JPMorgan Chase & Co.,"Jersey City, NJ", - ,linkedin_kaggle,2026-05-09 18:56:51,linkedin_ds_it_vacancies.csv,Full-time,,False
Senior Director of Software Engineering,JPMorgan Chase & Co.,"Plano, TX", - ,linkedin_kaggle,2026-05-09 18:56:51,linkedin_ds_it_vacancies.csv,Full-time,,False
Data Engineer,Tech Consulting,New York City Metropolitan Area, - ,linkedin_kaggle,2026-05-09 18:56:51,linkedin_ds_it_vacancies.csv,Full-time,Associate,False
Remediation and Correction - Quantitative Analytics Associate,JPMorgan Chase & Co.,"Wilmington, DE", - ,linkedin_kaggle,2026-05-09 18:56:51,linkedin_ds_it_vacancies.csv,Full-time,,False
Data Analyst,"Paramount Software Solutions, Inc","Seattle, WA", - ,linkedin_kaggle,2026-05-09 18:56:51,linkedin_ds_it_vacancies.csv,Contract,,False
Data Analyst,Randstad Digital,"Atlanta, GA",21.0 - 25.0,linkedin_kaggle,2026-05-09 18:56:51,linkedin_ds_it_vacancies.csv,Contract,Associate,False
"Senior Associate, SIEM Solution Developer / Cybersecurity Analytics",myGwork - LGBTQ+ Business Community,"Collegeville, PA",74900.0 - 124800.0,linkedin_kaggle,2026-05-09 18:56:51,linkedin_ds_it_vacancies.csv,Full-time,Mid-Senior level,False
Machine Learning Engineer ( MLFlow / Azure ML / DevOps) ,IT Associates,"Michigan, United States", - ,linkedin_kaggle,2026-05-09 18:56:51,linkedin_ds_it_vacancies.csv,Contract,Mid-Senior level,False
Digital Media Data Analyst,Gupta Media,Greater Boston, - ,linkedin_kaggle,2026-05-09 18:56:51,linkedin_ds_it_vacancies.csv,Full-time,Entry level,False
"Enterprise Data Engineer (Azure, Python, SQL)",Selby Jennings,"Boston, MA", - ,linkedin_kaggle,2026-05-09 18:56:51,linkedin_ds_it_vacancies.csv,Full-time,Mid-Senior level,False
Senior Azure Cloud Data Engineer,Ascendion,United States,67000.0 - 117000.0,linkedin_kaggle,2026-05-09 18:56:51,linkedin_ds_it_vacancies.csv,Full-time,Mid-Senior level,True
"Senior Director, Media Analytics",Hearts & Science,"Burbank, CA",150000.0 - 200000.0,linkedin_kaggle,2026-05-09 18:56:51,linkedin_ds_it_vacancies.csv,Full-time,Director,False
Embedded Software Engineer,Ampstek,"San Diego, CA", - ,linkedin_kaggle,2026-05-09 18:56:51,linkedin_ds_it_vacancies.csv,Contract,,False
Machine Learning Engineer [4414],Stealth Startup,United States, - ,linkedin_kaggle,2026-05-09 18:56:51,linkedin_ds_it_vacancies.csv,Full-time,Mid-Senior level,True
Software Engineer,TechDoQuest,"Lake Buena Vista, FL", - ,linkedin_kaggle,2026-05-09 18:56:51,linkedin_ds_it_vacancies.csv,Full-time,,False
Sr Data Scientist,Exelon,"Philadelphia, PA", - ,linkedin_kaggle,2026-05-09 18:56:51,linkedin_ds_it_vacancies.csv,Full-time,Mid-Senior level,False
SQL Data engineer - W2,Planet Technology,United States, - ,linkedin_kaggle,2026-05-09 18:56:51,linkedin_ds_it_vacancies.csv,Contract,Mid-Senior level,True
Software Engineer,Ascendum Solutions,"Hamilton, OH", - ,linkedin_kaggle,2026-05-09 18:56:51,linkedin_ds_it_vacancies.csv,Contract,Mid-Senior level,False
Python Developer,Compunnel Inc.,"Dallas, TX", - ,linkedin_kaggle,2026-05-09 18:56:51,linkedin_ds_it_vacancies.csv,Full-time,,False
Machine Learning Specialist,Не указана,New York City Metropolitan Area, - ,linkedin_kaggle,2026-05-09 18:56:51,linkedin_ds_it_vacancies.csv,Full-time,,False
Software Engineer Intern,TuneTunnel,"Atlanta, GA", - ,linkedin_kaggle,2026-05-09 18:56:51,linkedin_ds_it_vacancies.csv,Internship,,True
Big Data Engineer,CodeForce 360,"Phoenix, AZ", - ,linkedin_kaggle,2026-05-09 18:56:51,linkedin_ds_it_vacancies.csv,Contract,,False
Senior Software Engineer (.net),"CareMetx, LLC",United States, - ,linkedin_kaggle,2026-05-09 18:56:51,linkedin_ds_it_vacancies.csv,Full-time,Mid-Senior level,True
Data Analyst III (Onsite - Only W2/No C2C),Select Source International,"Phoenix, AZ", - ,linkedin_kaggle,2026-05-09 18:56:51,linkedin_ds_it_vacancies.csv,Contract,,False
Data Engineer,V2Soft,"Auburn Hills, MI", - ,linkedin_kaggle,2026-05-09 18:56:51,linkedin_ds_it_vacancies.csv,Contract,,False
Embedded Software Engineer (Semiconductor Domain),Ampstek,"San Diego, CA", - ,linkedin_kaggle,2026-05-09 18:56:51,linkedin_ds_it_vacancies.csv,Contract,,False
Test Controls Software Engineer,Daikin Comfort,Greater Houston, - ,linkedin_kaggle,2026-05-09 18:56:51,linkedin_ds_it_vacancies.csv,Full-time,Associate,False
Java Software Engineer,Genisis Technology Solutions,"Berkeley Heights, NJ", - ,linkedin_kaggle,2026-05-09 18:56:51,linkedin_ds_it_vacancies.csv,Full-time,,False
Business Intelligence Consultant,Indotronix Avani Group,"Parsippany, NJ", - ,linkedin_kaggle,2026-05-09 18:56:51,linkedin_ds_it_vacancies.csv,Contract,Executive,False
Sr Product Software Engineer,TraXtion,"Irving, TX", - ,linkedin_kaggle,2026-05-09 18:56:51,linkedin_ds_it_vacancies.csv,Full-time,,False
Senior Software Engineer,RCG Infosoft Incorporation,"Richmond, VA", - ,linkedin_kaggle,2026-05-09 18:56:51,linkedin_ds_it_vacancies.csv,Full-time,,False
Design Analytics Specialist,Insight Global,"Basking Ridge, NJ",51.0 - 59.0,linkedin_kaggle,2026-05-09 18:56:51,linkedin_ds_it_vacancies.csv,Contract,Associate,False
Python Developer,Saransh Inc,"Boston, MA", - ,linkedin_kaggle,2026-05-09 18:56:51,linkedin_ds_it_vacancies.csv,Full-time,,False
Big Data Engineer,Empower Professionals Inc,"Alpharetta, GA", - ,linkedin_kaggle,2026-05-09 18:56:51,linkedin_ds_it_vacancies.csv,Contract,,False
Business Intelligence Developer,Avenues International Inc.,"New York, NY", - ,linkedin_kaggle,2026-05-09 18:56:51,linkedin_ds_it_vacancies.csv,Contract,,False
Machine Learning Engineer/AI Engineer || 7+ Years of Experience,OKAYA INFOCOM,"San Francisco, CA", - ,linkedin_kaggle,2026-05-09 18:56:51,linkedin_ds_it_vacancies.csv,Full-time,,False
Python Developer,Neo Prism Solutions LLC,"San Jose, CA", - ,linkedin_kaggle,2026-05-09 18:56:51,linkedin_ds_it_vacancies.csv,Contract,,False
Data Engineer,"TSR Consulting Services, Inc.","New Castle, DE", - ,linkedin_kaggle,2026-05-09 18:56:51,linkedin_ds_it_vacancies.csv,Contract,,False
Data Engineer,Thoughtwave Software and Solutions,Dallas-Fort Worth Metroplex, - ,linkedin_kaggle,2026-05-09 18:56:51,linkedin_ds_it_vacancies.csv,Contract,,True
Embedded Software Engineer,PriceSenz,"Dallas, TX", - ,linkedin_kaggle,2026-05-09 18:56:51,linkedin_ds_it_vacancies.csv,Full-time,Mid-Senior level,False
Principal Software Engineer,"Stellar Consulting Solutions, LLC",United States, - ,linkedin_kaggle,2026-05-09 18:56:51,linkedin_ds_it_vacancies.csv,Full-time,Mid-Senior level,True
Machine Learning Team Lead,Robbie AI,"Tulsa, OK", - ,linkedin_kaggle,2026-05-09 18:56:51,linkedin_ds_it_vacancies.csv,Full-time,,True
Software Engineer in Test,"Navitas Partners, LLC","Phoenix, AZ", - ,linkedin_kaggle,2026-05-09 18:56:51,linkedin_ds_it_vacancies.csv,Contract,,True
Sr. Operations Data Analyst - Provider - (SAS Required) - Remote,EmblemHealth,"New York, NY",63000.0 - 110000.0,linkedin_kaggle,2026-05-09 18:56:51,linkedin_ds_it_vacancies.csv,Full-time,Mid-Senior level,True
Sr Software Engineer (Cobol),Panacea Direct Inc,"Dearborn, MI", - ,linkedin_kaggle,2026-05-09 18:56:51,linkedin_ds_it_vacancies.csv,Contract,,False
Principal Software Engineering Manager,Microsoft,United States,158500.0 - 304200.0,linkedin_kaggle,2026-05-09 18:56:51,linkedin_ds_it_vacancies.csv,Full-time,,True
Principle Software Engineer,Microsoft,United States,133600.0 - 282200.0,linkedin_kaggle,2026-05-09 18:56:51,linkedin_ds_it_vacancies.csv,Full-time,,True
IT Team Lead / Sr. Servicing Product Owner / Sr. SQL Data Analyst  (Onsite Required) ,CGS Business Solutions | INC 5000 Company,"Anaheim, CA",120000.0 - 125000.0,linkedin_kaggle,2026-05-09 18:56:51,linkedin_ds_it_vacancies.csv,Full-time,Mid-Senior level,False
Sr Data Scientist,Citizens,"Stamford, CT", - ,linkedin_kaggle,2026-05-09 18:56:51,linkedin_ds_it_vacancies.csv,Full-time,,False
Unstructured Data Engineering Lead,3M,"Maplewood, MN", - ,linkedin_kaggle,2026-05-09 18:56:51,linkedin_ds_it_vacancies.csv,Full-time,Mid-Senior level,False
Oracle Business Intelligence Techno-Functional Consultant,Oracle,United States, - ,linkedin_kaggle,2026-05-09 18:56:51,linkedin_ds_it_vacancies.csv,Full-time,Mid-Senior level,True
Data Analyst,Kelly,"Columbia, SC", - ,linkedin_kaggle,2026-05-09 18:56:51,linkedin_ds_it_vacancies.csv,Contract,Associate,False
Associate Oracle Analytics Cloud (OAC/OAS/FAW) Consultant,Oracle,"Pleasanton, CA", - ,linkedin_kaggle,2026-05-09 18:56:51,linkedin_ds_it_vacancies.csv,Full-time,Entry level,False
Data Scientist,Sole Source Capital LLC,"Dallas, TX", - ,linkedin_kaggle,2026-05-09 18:56:51,linkedin_ds_it_vacancies.csv,Full-time,,False
Embedded Software Engineer,"Cintal, Inc.","Chillicothe, IL", - ,linkedin_kaggle,2026-05-09 18:56:51,linkedin_ds_it_vacancies.csv,Full-time,Entry level,False
Software Engineer II – Azure Storage,Microsoft,"Redmond, WA", - ,linkedin_kaggle,2026-05-09 18:56:51,linkedin_ds_it_vacancies.csv,Full-time,,False
SQL Developer,USM Business Systems,"Berkeley Heights, NJ", - ,linkedin_kaggle,2026-05-09 18:56:51,linkedin_ds_it_vacancies.csv,Contract,,False
​Data Engineer (Fabric)​,Microsoft,United States, - ,linkedin_kaggle,2026-05-09 18:56:51,linkedin_ds_it_vacancies.csv,Full-time,,True
SAP Software Engineer II,Microsoft,"San Antonio, TX", - ,linkedin_kaggle,2026-05-09 18:56:51,linkedin_ds_it_vacancies.csv,Full-time,,True
Clinical Data Scientist,CGT Staffing (CompuGroup Technologies),"Pittsburgh, PA", - ,linkedin_kaggle,2026-05-09 18:56:51,linkedin_ds_it_vacancies.csv,Contract,,False
Oracle PL/SQL Developer,Libsys Inc,"Lake Forest, IL", - ,linkedin_kaggle,2026-05-09 18:56:51,linkedin_ds_it_vacancies.csv,Contract,,False
Sr. Data Engineer,AMSURG,"Nashville, TN", - ,linkedin_kaggle,2026-05-09 18:56:51,linkedin_ds_it_vacancies.csv,Full-time,Mid-Senior level,True
Tibco Spotfire Data Analyst,CodeForce 360,"Cincinnati, OH", - ,linkedin_kaggle,2026-05-09 18:56:51,linkedin_ds_it_vacancies.csv,Contract,,False
Sr Python Developer,Idexcel,"McLean, VA", - ,linkedin_kaggle,2026-05-09 18:56:51,linkedin_ds_it_vacancies.csv,Contract,Mid-Senior level,False
Databricks Data Engineer,Smart IT Frame LLC,"New York, United States", - ,linkedin_kaggle,2026-05-09 18:56:51,linkedin_ds_it_vacancies.csv,Full-time,Mid-Senior level,True
NMC_000221 - Data Analyst (W2),New Millenium Consulting,"Plano, TX",30.0 - 35.0,linkedin_kaggle,2026-05-09 18:56:51,linkedin_ds_it_vacancies.csv,Contract,Mid-Senior level,False
Enterprise Data Engineer,Piper Companies,"Washington, DC",130000.0 - 160000.0,linkedin_kaggle,2026-05-09 18:56:51,linkedin_ds_it_vacancies.csv,Full-time,Entry level,False
"VP/Director, Originations Strategy and Analytics",OneMain Financial,"Wilmington, DE", - ,linkedin_kaggle,2026-05-09 18:56:51,linkedin_ds_it_vacancies.csv,Full-time,Director,False
Big Data Engineer,Zentek Infosoft ,"Phoenix, AZ", - ,linkedin_kaggle,2026-05-09 18:56:51,linkedin_ds_it_vacancies.csv,Contract,,False
Data Engineer,Zentek Infosoft ,"Phoenix, AZ", - ,linkedin_kaggle,2026-05-09 18:56:51,linkedin_ds_it_vacancies.csv,Contract,,False
Frontend Software Engineer II,Acres,"Fayetteville, AR", - ,linkedin_kaggle,2026-05-09 18:56:51,linkedin_ds_it_vacancies.csv,Full-time,Mid-Senior level,False
Senior Data Scientist for eComm Analytics,Falcon Smart IT (FalconSmartIT),"Bentonville, AR", - ,linkedin_kaggle,2026-05-09 18:56:51,linkedin_ds_it_vacancies.csv,Contract,Mid-Senior level,True
Embedded Software Engineer,Daikin Comfort,Greater Houston, - ,linkedin_kaggle,2026-05-09 18:56:51,linkedin_ds_it_vacancies.csv,Full-time,Mid-Senior level,False
"Vice President, Finance – Data Science & Visualization Analytics",American Express,"New York, NY",185000.0 - 260000.0,linkedin_kaggle,2026-05-09 18:56:51,linkedin_ds_it_vacancies.csv,Full-time,Executive,False
Senior Data Engineer,Falcon Smart IT (FalconSmartIT),"Bentonville, AR", - ,linkedin_kaggle,2026-05-09 18:56:51,linkedin_ds_it_vacancies.csv,Contract,Mid-Senior level,True
Jr. Data Scientist (Hybrid),Piper Companies,"McLean, VA",40.0 - 45.0,linkedin_kaggle,2026-05-09 18:56:51,linkedin_ds_it_vacancies.csv,Full-time,Entry level,False
Senior Data Analyst- Scientist,Insight Global,United States,45.0 - 55.0,linkedin_kaggle,2026-05-09 18:56:51,linkedin_ds_it_vacancies.csv,Full-time,Mid-Senior level,True
Machine Learning Engineer,Indotronix Avani Group,"Pennsylvania, United States", - ,linkedin_kaggle,2026-05-09 18:56:51,linkedin_ds_it_vacancies.csv,Contract,Mid-Senior level,True
Principal Controls Software Engineer,🚀YOCHANA,"Boston, MA", - ,linkedin_kaggle,2026-05-09 18:56:51,linkedin_ds_it_vacancies.csv,Contract,,False
Data Engineer/Scala Developer,"TSR Consulting Services, Inc.","New Castle, DE", - ,linkedin_kaggle,2026-05-09 18:56:51,linkedin_ds_it_vacancies.csv,Contract,,False
Infrastructure Software Engineer,Dropbox,"Illinois, United States", - ,linkedin_kaggle,2026-05-09 18:56:51,linkedin_ds_it_vacancies.csv,Full-time,,True
Program Data Analyst,Pattern Data,United States, - ,linkedin_kaggle,2026-05-09 18:56:51,linkedin_ds_it_vacancies.csv,Full-time,Entry level,True
Data Scientist,Dropbox,United States, - ,linkedin_kaggle,2026-05-09 18:56:51,linkedin_ds_it_vacancies.csv,Full-time,,True
Sr. Healthcare Data Analyst,Vail Health,United States,87581.31 - 131350.55,linkedin_kaggle,2026-05-09 18:56:51,linkedin_ds_it_vacancies.csv,Full-time,,True
Director - Planning & Analytics,Vuori,"Carlsbad, CA",187000.0 - 220000.0,linkedin_kaggle,2026-05-09 18:56:51,linkedin_ds_it_vacancies.csv,Full-time,Executive,False
Principal Software Engineer,Fidelity Investments,"Durham, NC", - ,linkedin_kaggle,2026-05-09 18:56:51,linkedin_ds_it_vacancies.csv,Full-time,,False
Embedded Software Engineer,H10 Capital,"Redmond, WA", - ,linkedin_kaggle,2026-05-09 18:56:51,linkedin_ds_it_vacancies.csv,Full-time,,False
Business Intelligence Solutions Architect,Wipro,"Austin, TX", - ,linkedin_kaggle,2026-05-09 18:56:51,linkedin_ds_it_vacancies.csv,Full-time,Mid-Senior level,False
Oracle IT Programmer/Software Engineer III,Airswift,"Houston, TX", - ,linkedin_kaggle,2026-05-09 18:56:51,linkedin_ds_it_vacancies.csv,Full-time,Mid-Senior level,False
Embedded Software Engineer,Draper,"Cambridge, MA", - ,linkedin_kaggle,2026-05-09 18:56:51,linkedin_ds_it_vacancies.csv,Full-time,Entry level,False
Software Engineering Manager,Toyota Connected North America,"Plano, TX", - ,linkedin_kaggle,2026-05-09 18:56:51,linkedin_ds_it_vacancies.csv,Full-time,Mid-Senior level,False
"Sr. Software Engineer, Infrastructure",Premise,United States, - ,linkedin_kaggle,2026-05-09 18:56:51,linkedin_ds_it_vacancies.csv,Full-time,Mid-Senior level,True
Software Engineer (Development),IGT,"Providence, RI",54500.0 - 105000.0,linkedin_kaggle,2026-05-09 18:56:51,linkedin_ds_it_vacancies.csv,Full-time,,False
Java Software Engineer,Bravens Inc.,"Bellevue, WA", - ,linkedin_kaggle,2026-05-09 18:56:51,linkedin_ds_it_vacancies.csv,Full-time,,False
Business Intelligence Delivery Senior Associate (Developer),AIG,"Jersey City, NJ", - ,linkedin_kaggle,2026-05-09 18:56:51,linkedin_ds_it_vacancies.csv,Full-time,Mid-Senior level,False
Software Engineer II,Maxim Healthcare Staffing,"Columbia, MD", - ,linkedin_kaggle,2026-05-09 18:56:51,linkedin_ds_it_vacancies.csv,Full-time,Entry level,False
Sr. Data Scientist (Modeling),CACI International Inc,"Charlottesville, VA",104200.0 - 229200.0,linkedin_kaggle,2026-05-09 18:56:51,linkedin_ds_it_vacancies.csv,Part-time,Mid-Senior level,False
Sr. Product Manager - Analytics,Waystar,"Louisville, KY", - ,linkedin_kaggle,2026-05-09 18:56:51,linkedin_ds_it_vacancies.csv,Full-time,Mid-Senior level,False
"Software engineer, intern",Watershed,San Francisco Bay Area, - ,linkedin_kaggle,2026-05-09 18:56:51,linkedin_ds_it_vacancies.csv,Internship,Internship,False
Senior Java Software Engineer,CACI International Inc,"Hanover, MD",85800.0 - 180200.0,linkedin_kaggle,2026-05-09 18:56:51,linkedin_ds_it_vacancies.csv,Full-time,Mid-Senior level,False
Software Engineer Senior,FastTek Global,"Dearborn, MI", - ,linkedin_kaggle,2026-05-09 18:56:51,linkedin_ds_it_vacancies.csv,Full-time,Mid-Senior level,False
"Product Analyst, Property Analytics",PURE Insurance,United States,55000.0 - 75000.0,linkedin_kaggle,2026-05-09 18:56:51,linkedin_ds_it_vacancies.csv,Full-time,Associate,True
"Consultancy - Education and Data and Analytics Consultant, Data and Analytics Team (DAT), DAPM NYHQ (remote-based)",UNICEF,"New York, United States", - ,linkedin_kaggle,2026-05-09 18:56:51,linkedin_ds_it_vacancies.csv,Full-time,Mid-Senior level,False
"Director, Research Data Analytics WHSC",Emory University,"Atlanta, GA", - ,linkedin_kaggle,2026-05-09 18:56:51,linkedin_ds_it_vacancies.csv,Full-time,Mid-Senior level,False
Business Intelligence Analyst,"Wis-Pak, Inc.","Watertown, WI", - ,linkedin_kaggle,2026-05-09 18:56:51,linkedin_ds_it_vacancies.csv,Full-time,Associate,False
Business Intelligence Program Manager,DHL Express,"Fort Lauderdale, FL", - ,linkedin_kaggle,2026-05-09 18:56:51,linkedin_ds_it_vacancies.csv,Full-time,Mid-Senior level,False
Medicaid Business Intelligence Engineer,Humana,"Louisville, KY",65000.0 - 89500.0,linkedin_kaggle,2026-05-09 18:56:51,linkedin_ds_it_vacancies.csv,Full-time,,True
Lead Software Engineer (3 Openings),Talution Group,"Chicago, IL", - ,linkedin_kaggle,2026-05-09 18:56:51,linkedin_ds_it_vacancies.csv,Contract,Mid-Senior level,False
"Staff Software Engineer, Pixel GPU System Software",Google,"Mountain View, CA",189000.0 - 284000.0,linkedin_kaggle,2026-05-09 18:56:51,linkedin_ds_it_vacancies.csv,Full-time,,False
Senior Data Analyst,Navan,"Palo Alto, CA",120000.0 - 209000.0,linkedin_kaggle,2026-05-09 18:56:51,linkedin_ds_it_vacancies.csv,Full-time,Mid-Senior level,False
Senior Staff Software Engineer (Front End - UI Focus),Palo Alto Networks,"Santa Clara, CA", - ,linkedin_kaggle,2026-05-09 18:56:51,linkedin_ds_it_vacancies.csv,Full-time,Associate,False
"Staff Software Engineer, Borglet",Google,"Sunnyvale, CA", - ,linkedin_kaggle,2026-05-09 18:56:51,linkedin_ds_it_vacancies.csv,Full-time,,False
Product Insights & Analytics PM,Bluehawk Consulting,"Redmond, WA",106000.0 - 117500.0,linkedin_kaggle,2026-05-09 18:56:51,linkedin_ds_it_vacancies.csv,Contract,Mid-Senior level,False
"Software Engineer, Associate (Engineer Software 1) - 18662","Mission Technologies, a division of HII","Hanover, MD", - ,linkedin_kaggle,2026-05-09 18:56:51,linkedin_ds_it_vacancies.csv,Contract,Entry level,False
Principal Software Engineer- Java (Remote),Vertex Inc.,United States, - ,linkedin_kaggle,2026-05-09 18:56:51,linkedin_ds_it_vacancies.csv,Full-time,Mid-Senior level,True
Senior Software Engineer (4 Openings),Talution Group,"Orland Park, IL", - ,linkedin_kaggle,2026-05-09 18:56:51,linkedin_ds_it_vacancies.csv,Contract,Mid-Senior level,False
Business Intelligence Lead,Humana,United States,104800.0 - 144300.0,linkedin_kaggle,2026-05-09 18:56:51,linkedin_ds_it_vacancies.csv,Full-time,,True
Principal Software Engineer (Cloud Native NMS),Palo Alto Networks,"Santa Clara, CA", - ,linkedin_kaggle,2026-05-09 18:56:51,linkedin_ds_it_vacancies.csv,Full-time,Associate,False
"Sales Specialist, Cloud Data Analytics",Google,"San Francisco, CA",111000.0 - 165000.0,linkedin_kaggle,2026-05-09 18:56:51,linkedin_ds_it_vacancies.csv,Full-time,,False
Sr. Backend Software Engineer - ML Infra,Abnormal Security,United States, - ,linkedin_kaggle,2026-05-09 18:56:51,linkedin_ds_it_vacancies.csv,Full-time,Mid-Senior level,True
Software Engineer,ITW,"Alameda, CA", - ,linkedin_kaggle,2026-05-09 18:56:51,linkedin_ds_it_vacancies.csv,Full-time,,False
Sr Principal Software Engineer (L7 Data Plane),Palo Alto Networks,"Santa Clara, CA", - ,linkedin_kaggle,2026-05-09 18:56:51,linkedin_ds_it_vacancies.csv,Full-time,Mid-Senior level,False
Software Engineer / Research Scientist,Parsons Corporation,"Aberdeen, MD",96400.0 - 168700.0,linkedin_kaggle,2026-05-09 18:56:51,linkedin_ds_it_vacancies.csv,Full-time,Entry level,False
Data Scientist,The Washington Post,"Washington, DC", - ,linkedin_kaggle,2026-05-09 18:56:51,linkedin_ds_it_vacancies.csv,Full-time,Entry level,False
Senior Software Engineer,Genesys,"North Carolina, United States", - ,linkedin_kaggle,2026-05-09 18:56:51,linkedin_ds_it_vacancies.csv,Full-time,Mid-Senior level,False
Senior Ground Software Engineer II,Rocket Lab,"Littleton, CO", - ,linkedin_kaggle,2026-05-09 18:56:51,linkedin_ds_it_vacancies.csv,Full-time,Mid-Senior level,False
Marketing Data Analyst,SAP,"Plano, TX",45300.0 - 400000.0,linkedin_kaggle,2026-05-09 18:56:51,linkedin_ds_it_vacancies.csv,Full-time,,False
Senior Data Engineer,CeriFi,United States, - ,linkedin_kaggle,2026-05-09 18:56:51,linkedin_ds_it_vacancies.csv,Full-time,Mid-Senior level,True
Lending Analytics - Assistant Vice President(Hybrid),Citi,"New York, NY", - ,linkedin_kaggle,2026-05-09 18:56:51,linkedin_ds_it_vacancies.csv,Full-time,,False
"Senior Data Scientist, Google Cloud Support",Google,"New York, NY",150000.0 - 223000.0,linkedin_kaggle,2026-05-09 18:56:51,linkedin_ds_it_vacancies.csv,Full-time,Mid-Senior level,False
"Software Engineer III, Hardware/Software Co-Design",Google,"Durham, NC",136000.0 - 200000.0,linkedin_kaggle,2026-05-09 18:56:51,linkedin_ds_it_vacancies.csv,Full-time,,False
Software Engineer (Engineer Software 4) - 18587,"Mission Technologies, a division of HII","San Diego, CA",98153.0 - 160000.0,linkedin_kaggle,2026-05-09 18:56:51,linkedin_ds_it_vacancies.csv,Full-time,Mid-Senior level,False
Digital Software Engineer Senior Analyst,Citi,"Irving, TX",139464.0 - 148900.0,linkedin_kaggle,2026-05-09 18:56:51,linkedin_ds_it_vacancies.csv,Full-time,,False
Senior Software Engineer,Skillable,United States,122000.0 - 181000.0,linkedin_kaggle,2026-05-09 18:56:51,linkedin_ds_it_vacancies.csv,Full-time,Mid-Senior level,True
Software Engineer,Scientific Research Corporation,"Charleston, SC", - ,linkedin_kaggle,2026-05-09 18:56:51,linkedin_ds_it_vacancies.csv,Full-time,Entry level,False
Principal Data Scientist - Statistical Programming,4D Molecular Therapeutics,"Emeryville, CA",176000.0 - 211000.0,linkedin_kaggle,2026-05-09 18:56:51,linkedin_ds_it_vacancies.csv,Full-time,Entry level,False
Senior Data Engineer,Raymond James,"Tampa, FL", - ,linkedin_kaggle,2026-05-09 18:56:51,linkedin_ds_it_vacancies.csv,Full-time,,False
BIE/Business Intelligence Engineer/Business Intelligence Developer,Collabera,"Seattle, WA", - ,linkedin_kaggle,2026-05-09 18:56:51,linkedin_ds_it_vacancies.csv,Contract,Mid-Senior level,False
"Business Intelligence Engineer, AFT Inbound",Amazon,"Arlington, VA", - ,linkedin_kaggle,2026-05-09 18:56:51,linkedin_ds_it_vacancies.csv,Full-time,,False
Engineering Manager - Data Engineering,C2FO,Kansas City Metropolitan Area, - ,linkedin_kaggle,2026-05-09 18:56:51,linkedin_ds_it_vacancies.csv,Full-time,Mid-Senior level,False
Principal Data Scientist - Biostatistics,4D Molecular Therapeutics,"Emeryville, CA", - ,linkedin_kaggle,2026-05-09 18:56:51,linkedin_ds_it_vacancies.csv,Full-time,Entry level,False
Data Scientist,Booz Allen Hamilton,"Norfolk, VA", - ,linkedin_kaggle,2026-05-09 18:56:51,linkedin_ds_it_vacancies.csv,Full-time,,False
HR Delivery - Governance & Analytics Manager,Citi,"Tampa, FL", - ,linkedin_kaggle,2026-05-09 18:56:51,linkedin_ds_it_vacancies.csv,Full-time,,False
Senior Software Engineer - Backend,WeaveGrid,San Francisco Bay Area, - ,linkedin_kaggle,2026-05-09 18:56:51,linkedin_ds_it_vacancies.csv,Full-time,Mid-Senior level,False
Senior Data Analyst,In Technology Group Inc (US),United States, - ,linkedin_kaggle,2026-05-09 18:56:51,linkedin_ds_it_vacancies.csv,Full-time,Mid-Senior level,True
Business Intelligence Engineer,Amazon,"Seattle, WA", - ,linkedin_kaggle,2026-05-09 18:56:51,linkedin_ds_it_vacancies.csv,Full-time,,False
"Senior Associate, Data Engineering - Azure Cloud",Publicis,"Arlington, VA", - ,linkedin_kaggle,2026-05-09 18:56:51,linkedin_ds_it_vacancies.csv,Full-time,Mid-Senior level,False
Senior Machine Learning Engineer,Capital One,"Richmond, VA", - ,linkedin_kaggle,2026-05-09 18:56:51,linkedin_ds_it_vacancies.csv,Full-time,Mid-Senior level,False
"Senior Machine Learning Engineer (Python, PySpark, SQL)",Capital One,"McLean, VA", - ,linkedin_kaggle,2026-05-09 18:56:51,linkedin_ds_it_vacancies.csv,Full-time,Mid-Senior level,False
Senior Software Engineer (Backend),Capital One,"Chicago, IL", - ,linkedin_kaggle,2026-05-09 18:56:51,linkedin_ds_it_vacancies.csv,Full-time,Mid-Senior level,False
Senior Software Engineer- Backend,Capital One,"McLean, VA", - ,linkedin_kaggle,2026-05-09 18:56:51,linkedin_ds_it_vacancies.csv,Full-time,Mid-Senior level,False
"Senior Software Engineer, Full Stack (Java)",Capital One,"Chicago, IL", - ,linkedin_kaggle,2026-05-09 18:56:51,linkedin_ds_it_vacancies.csv,Full-time,Mid-Senior level,False
Senior Data Engineer,Capital One,"McLean, VA", - ,linkedin_kaggle,2026-05-09 18:56:51,linkedin_ds_it_vacancies.csv,Full-time,Mid-Senior level,False
"Senior Manager, Data Science - Audit Analytics & Innovation",Capital One,"McLean, VA", - ,linkedin_kaggle,2026-05-09 18:56:51,linkedin_ds_it_vacancies.csv,Full-time,Mid-Senior level,False
Business Manager - Workplace Analytics,Capital One,"McLean, VA", - ,linkedin_kaggle,2026-05-09 18:56:51,linkedin_ds_it_vacancies.csv,Full-time,Director,False
"Senior Software Engineer, Full Stack (Node)",Capital One,"McLean, VA", - ,linkedin_kaggle,2026-05-09 18:56:51,linkedin_ds_it_vacancies.csv,Full-time,Mid-Senior level,False
Sr IT Data Engineering Associate,Gilead Sciences,"Raleigh, NC",90695.0 - 117370.0,linkedin_kaggle,2026-05-09 18:56:51,linkedin_ds_it_vacancies.csv,Full-time,,False
Technical Data Analyst,Talent Groups,"Milford, MA", - ,linkedin_kaggle,2026-05-09 18:56:51,linkedin_ds_it_vacancies.csv,Full-time,Entry level,False
HVAC Controls Software Engineer,Ledgent Technology,"West Sacramento, CA",70000.0 - 91520.0,linkedin_kaggle,2026-05-09 18:56:51,linkedin_ds_it_vacancies.csv,Full-time,Entry level,False
Sr. Machine Learning Engineer ,PubMatic,"Redwood City, CA",145000.0 - 195000.0,linkedin_kaggle,2026-05-09 18:56:51,linkedin_ds_it_vacancies.csv,Full-time,Mid-Senior level,False
ON-SITE Work: Oracle PL/SQL Developer ,"Spruce Technology, Inc.","Tallahassee, FL",60.0 - 65.0,linkedin_kaggle,2026-05-09 18:56:51,linkedin_ds_it_vacancies.csv,Contract,Mid-Senior level,False
Sr. Data Engineer(ONLY W2),Precision Technologies,"Monmouth Junction, NJ", - ,linkedin_kaggle,2026-05-09 18:56:51,linkedin_ds_it_vacancies.csv,Contract,,False
Data Analyst,Carallel,United States,85000.0 - 90000.0,linkedin_kaggle,2026-05-09 18:56:51,linkedin_ds_it_vacancies.csv,Full-time,,True
Sr. Python Developer,GTECH LLC,"Texas, United States", - ,linkedin_kaggle,2026-05-09 18:56:51,linkedin_ds_it_vacancies.csv,Contract,,True
Associate Data Analyst,Zest AI,United States,65000.0 - 85000.0,linkedin_kaggle,2026-05-09 18:56:51,linkedin_ds_it_vacancies.csv,Full-time,Entry level,True
Core Python Developer,"Tanisha Systems, Inc",United States, - ,linkedin_kaggle,2026-05-09 18:56:51,linkedin_ds_it_vacancies.csv,Full-time,,True
Master Data Analyst,Korn Ferry,"Houston, TX",40.0 - 45.0,linkedin_kaggle,2026-05-09 18:56:51,linkedin_ds_it_vacancies.csv,Full-time,Mid-Senior level,False
Tableau CRM (Einstein Analytics) Expert,Vaspire Technologies Inc.,"San Jose, CA", - ,linkedin_kaggle,2026-05-09 18:56:51,linkedin_ds_it_vacancies.csv,Full-time,,False
"Sr. Flight Software Engineer, Autonomous & Intelligent System Management - Space Systems Development",Blue Origin,"Seattle, WA", - ,linkedin_kaggle,2026-05-09 18:56:51,linkedin_ds_it_vacancies.csv,Full-time,Mid-Senior level,False
"Flight Software Engineer III, Displays & Control - Space Systems Development",Blue Origin,"Merritt Island, FL",129690.0 - 198072.0,linkedin_kaggle,2026-05-09 18:56:51,linkedin_ds_it_vacancies.csv,Full-time,Mid-Senior level,False
Senior System Software Engineer,Verdant Robotics,"Hayward, CA",160000.0 - 200000.0,linkedin_kaggle,2026-05-09 18:56:51,linkedin_ds_it_vacancies.csv,Full-time,,False
Data Scientist (6+ years) (Fulltime),Diverse Lynx,"Bentonville, AR", - ,linkedin_kaggle,2026-05-09 18:56:51,linkedin_ds_it_vacancies.csv,Full-time,,False
Principal Embedded Software Engineer,Blue Origin,"Seattle, WA", - ,linkedin_kaggle,2026-05-09 18:56:51,linkedin_ds_it_vacancies.csv,Full-time,Mid-Senior level,False
Senior Data engineer with Python - W2,"Cliecon Solutions, Inc.","Jersey City, NJ", - ,linkedin_kaggle,2026-05-09 18:56:51,linkedin_ds_it_vacancies.csv,Contract,,False
Python Developer for (Google),Falcon Placement Services,"Mountain View, CA", - ,linkedin_kaggle,2026-05-09 18:56:51,linkedin_ds_it_vacancies.csv,Contract,,False
Data Scientist,Nebula,United States, - ,linkedin_kaggle,2026-05-09 18:56:51,linkedin_ds_it_vacancies.csv,Contract,,True
Junior Data Engineer,4A IT Services LLC,United States, - ,linkedin_kaggle,2026-05-09 18:56:51,linkedin_ds_it_vacancies.csv,Contract,,True
Software Engineer,Apex Systems,United States,140000.0 - 180000.0,linkedin_kaggle,2026-05-09 18:56:51,linkedin_ds_it_vacancies.csv,Full-time,Mid-Senior level,True
Senior Software Engineer (Node.js/AWS),Eliassen Group,"North Carolina, United States",70.0 - 80.0,linkedin_kaggle,2026-05-09 18:56:51,linkedin_ds_it_vacancies.csv,Contract,Mid-Senior level,False
Omnichannel and Patient Analytics,Indegene,United States, - ,linkedin_kaggle,2026-05-09 18:56:51,linkedin_ds_it_vacancies.csv,Full-time,Mid-Senior level,True
Remote opportunity for P&C Insurance Data Scientist/Actuary - PR12690A,Pryor Associates Executive Search,United States, - ,linkedin_kaggle,2026-05-09 18:56:51,linkedin_ds_it_vacancies.csv,Full-time,Mid-Senior level,True
Lead Data Scientist,Intelletec,"Chicago, IL", - ,linkedin_kaggle,2026-05-09 18:56:51,linkedin_ds_it_vacancies.csv,Full-time,Mid-Senior level,False
HR Reporting & Analytics Administrator,Tandym Group,"Ramsey, NJ", - ,linkedin_kaggle,2026-05-09 18:56:51,linkedin_ds_it_vacancies.csv,Contract,Entry level,False
Sr. Linux Kernel Software Engineer - Seattle,ByteDance,"Seattle, WA",177688.0 - 389500.0,linkedin_kaggle,2026-05-09 18:56:51,linkedin_ds_it_vacancies.csv,Full-time,Mid-Senior level,False
Java Software Engineer ( Only Visa Indepedent),First Cloud Inc,"Richmond, VA", - ,linkedin_kaggle,2026-05-09 18:56:51,linkedin_ds_it_vacancies.csv,Contract,,False
Senior Python Developer,Atika Technologies & BPM,"San Jose, CA", - ,linkedin_kaggle,2026-05-09 18:56:51,linkedin_ds_it_vacancies.csv,Contract,,False
Python Developer,Echo IT Solutions,United States, - ,linkedin_kaggle,2026-05-09 18:56:51,linkedin_ds_it_vacancies.csv,Contract,,True
Master Data Analyst,BCforward,United States, - ,linkedin_kaggle,2026-05-09 18:56:51,linkedin_ds_it_vacancies.csv,Contract,,True
Analytics Specialist,aKUBE,United States, - ,linkedin_kaggle,2026-05-09 18:56:51,linkedin_ds_it_vacancies.csv,Contract,Mid-Senior level,True
Software Engineer in Test,"Metasys Technologies, Inc.","Bothell, WA", - ,linkedin_kaggle,2026-05-09 18:56:51,linkedin_ds_it_vacancies.csv,Contract,,False
Python Developer (Locals only),Thoughtwave Software and Solutions,"Chicago, IL", - ,linkedin_kaggle,2026-05-09 18:56:51,linkedin_ds_it_vacancies.csv,Contract,,True
"Intern, Data Science and Analytics (Cloud Infrastructure)",Razorfish,"Miami, FL",20.0 - 23.0,linkedin_kaggle,2026-05-09 18:56:51,linkedin_ds_it_vacancies.csv,Internship,Internship,False
Business Intelligence Developer I,Northeast Ohio Regional Sewer District,"Cleveland, OH",69239.0 - 86548.0,linkedin_kaggle,2026-05-09 18:56:51,linkedin_ds_it_vacancies.csv,Full-time,Entry level,False
Sr Software Engineer - Infrastructure,Hyqoo ,Brazil, - ,linkedin_kaggle,2026-05-09 18:56:51,linkedin_ds_it_vacancies.csv,Full-time,Mid-Senior level,True
Reporting and Data Analyst,Ventegra,United States,52000.0 - 93600.0,linkedin_kaggle,2026-05-09 18:56:51,linkedin_ds_it_vacancies.csv,Full-time,,True
Software Engineer III R-1849459,Walmart Global Tech,"Sunnyvale, CA", - ,linkedin_kaggle,2026-05-09 18:56:51,linkedin_ds_it_vacancies.csv,Full-time,Associate,False
"Intern, Data Science and Analytics (DE)",Razorfish,"Miami, FL", - ,linkedin_kaggle,2026-05-09 18:56:51,linkedin_ds_it_vacancies.csv,Internship,Internship,False
Senior Software Engineer,PrismHR,"Duluth, GA", - ,linkedin_kaggle,2026-05-09 18:56:51,linkedin_ds_it_vacancies.csv,Full-time,Mid-Senior level,False
Data Engineer,Centraprise,"Austin, TX", - ,linkedin_kaggle,2026-05-09 18:56:51,linkedin_ds_it_vacancies.csv,Full-time,Mid-Senior level,False
Senior PL/SQL Developer,"Miracle Software Systems, Inc","Cleveland, OH", - ,linkedin_kaggle,2026-05-09 18:56:51,linkedin_ds_it_vacancies.csv,Contract,,False
Business Data Analyst- (Full Time/10+year exp*),"Q1 Technologies, Inc.","Sunnyvale, CA", - ,linkedin_kaggle,2026-05-09 18:56:51,linkedin_ds_it_vacancies.csv,Full-time,,False
Vice President/P&C Actuary/Data Scientist - PR12682,Pryor Associates Executive Search,"New Jersey, United States", - ,linkedin_kaggle,2026-05-09 18:56:51,linkedin_ds_it_vacancies.csv,Full-time,Executive,False
Senior Java Software Engineer,Hire Quality Recruiting,"Maine, United States", - ,linkedin_kaggle,2026-05-09 18:56:51,linkedin_ds_it_vacancies.csv,Full-time,Mid-Senior level,False
Lead Cloud Software Engineer,Optum,United States,104700.0 - 190400.0,linkedin_kaggle,2026-05-09 18:56:51,linkedin_ds_it_vacancies.csv,Full-time,Mid-Senior level,True
Software Engineer III R-1833898,Walmart Global Tech,"Bentonville, AR", - ,linkedin_kaggle,2026-05-09 18:56:51,linkedin_ds_it_vacancies.csv,Full-time,Associate,False
Financial Data Analyst,RSM US LLP,"Minneapolis, MN",61200.0 - 109900.0,linkedin_kaggle,2026-05-09 18:56:51,linkedin_ds_it_vacancies.csv,Full-time,,False
Azure/SQL Developer,SkyWater Search Partners,"Minneapolis, MN", - ,linkedin_kaggle,2026-05-09 18:56:51,linkedin_ds_it_vacancies.csv,Full-time,Entry level,False
Sr Data Engineer,Experis,"Philadelphia, PA", - ,linkedin_kaggle,2026-05-09 18:56:51,linkedin_ds_it_vacancies.csv,Contract,Mid-Senior level,False
Business Data Analyst,Piper Companies,"McLean, VA",35.0 - 55.0,linkedin_kaggle,2026-05-09 18:56:51,linkedin_ds_it_vacancies.csv,Full-time,Mid-Senior level,False
Jr. Python Developer for Cyber Program (TS/SCI Required),Deloitte,"Arlington, VA", - ,linkedin_kaggle,2026-05-09 18:56:51,linkedin_ds_it_vacancies.csv,Full-time,,False
Business Data Analyst II,DHL Supply Chain,"Bordentown, NJ", - ,linkedin_kaggle,2026-05-09 18:56:51,linkedin_ds_it_vacancies.csv,Full-time,Associate,False
Business Intelligence & Analytics Senior Product Owner,Boston Consulting Group (BCG),"Atlanta, GA", - ,linkedin_kaggle,2026-05-09 18:56:51,linkedin_ds_it_vacancies.csv,Full-time,Director,False
Data Engineer,Brighton Jones,"Seattle, WA",110000.0 - 140000.0,linkedin_kaggle,2026-05-09 18:56:51,linkedin_ds_it_vacancies.csv,Full-time,Entry level,False
Machine Learning Engineer/Python Developer,Red Oak Technologies,"Austin, Texas Metropolitan Area", - ,linkedin_kaggle,2026-05-09 18:56:51,linkedin_ds_it_vacancies.csv,Contract,Mid-Senior level,False
Data Engineer,Experis,"Philadelphia, PA", - ,linkedin_kaggle,2026-05-09 18:56:51,linkedin_ds_it_vacancies.csv,Contract,Entry level,False
Data Scientist V,Experis,"Bernards, NJ",80.0 - 85.0,linkedin_kaggle,2026-05-09 18:56:51,linkedin_ds_it_vacancies.csv,Contract,Entry level,False
Software Engineer,Epiroc,"Garland, TX", - ,linkedin_kaggle,2026-05-09 18:56:51,linkedin_ds_it_vacancies.csv,Full-time,,False
Senior Software Engineer - Android,Experis,"Greenwood Village, CO", - ,linkedin_kaggle,2026-05-09 18:56:51,linkedin_ds_it_vacancies.csv,Contract,Mid-Senior level,False
Data Scientist / AI,Irvine Technology Corporation,"Boston, MA",50.0 - 60.0,linkedin_kaggle,2026-05-09 18:56:51,linkedin_ds_it_vacancies.csv,Contract,Mid-Senior level,True
Senior Software Engineer .NET Full Stack,Barrett-Jackson Auction Company,"Phoenix, AZ", - ,linkedin_kaggle,2026-05-09 18:56:51,linkedin_ds_it_vacancies.csv,Full-time,,False
Enterprise Data Engineer (Onsite),Piper Companies,"Washington, DC",130000.0 - 160000.0,linkedin_kaggle,2026-05-09 18:56:51,linkedin_ds_it_vacancies.csv,Full-time,Entry level,False
"Principal Software Engineer, Realyze Intelligence",UPMC,United States, - ,linkedin_kaggle,2026-05-09 18:56:51,linkedin_ds_it_vacancies.csv,Full-time,Director,True
Health Data Scientist,PriceSenz,"Durham, NC", - ,linkedin_kaggle,2026-05-09 18:56:51,linkedin_ds_it_vacancies.csv,Contract,Mid-Senior level,False
Lead Python Software Engineer,FUSTIS LLC,"Houston, TX",80.0 - 85.0,linkedin_kaggle,2026-05-09 18:56:51,linkedin_ds_it_vacancies.csv,Contract,,False
PL/SQL Developer,Techim Inc,"Whippany, NJ", - ,linkedin_kaggle,2026-05-09 18:56:51,linkedin_ds_it_vacancies.csv,Contract,,False
Data Analyst,E-IT,"Charlotte, NC", - ,linkedin_kaggle,2026-05-09 18:56:51,linkedin_ds_it_vacancies.csv,Contract,,False
Machine Learning Engineer,System One,"Phoenix, AZ", - ,linkedin_kaggle,2026-05-09 18:56:51,linkedin_ds_it_vacancies.csv,Full-time,,False
Software Engineer,"ALTA IT Services, LLC","Chantilly, VA", - ,linkedin_kaggle,2026-05-09 18:56:51,linkedin_ds_it_vacancies.csv,Full-time,,False
Software Engineer- Federal,Okta,"New York, NY", - ,linkedin_kaggle,2026-05-09 18:56:51,linkedin_ds_it_vacancies.csv,Full-time,,True
Software Engineer,Oracle,United States,62100.0 - 158200.0,linkedin_kaggle,2026-05-09 18:56:51,linkedin_ds_it_vacancies.csv,Full-time,Entry level,True
Staff Machine Learning Engineer (Customer Identity),Okta,United States, - ,linkedin_kaggle,2026-05-09 18:56:51,linkedin_ds_it_vacancies.csv,Full-time,,True
Senior Embedded Software Engineer,Vicarious Surgical Inc.,"Waltham, MA", - ,linkedin_kaggle,2026-05-09 18:56:51,linkedin_ds_it_vacancies.csv,Full-time,Mid-Senior level,False
Sr Business Analytics Analyst,Ralph Lauren,"Kernersville, NC", - ,linkedin_kaggle,2026-05-09 18:56:51,linkedin_ds_it_vacancies.csv,Full-time,Associate,False
Software Engineer (On-Site),Agilysys,"Alpharetta, GA", - ,linkedin_kaggle,2026-05-09 18:56:51,linkedin_ds_it_vacancies.csv,Full-time,Entry level,False
Data Scientist,Realtek Consulting LLC,"Bentonville, AR", - ,linkedin_kaggle,2026-05-09 18:56:51,linkedin_ds_it_vacancies.csv,Full-time,,False
Software Engineer - ML,Talener,"Springfield, IL", - ,linkedin_kaggle,2026-05-09 18:56:51,linkedin_ds_it_vacancies.csv,Full-time,Associate,True
Software Engineer,Covetrus,Greater Cleveland, - ,linkedin_kaggle,2026-05-09 18:56:51,linkedin_ds_it_vacancies.csv,Full-time,Entry level,False
Data Analyst - Marketing Development,WTW,"Salt Lake City, UT", - ,linkedin_kaggle,2026-05-09 18:56:51,linkedin_ds_it_vacancies.csv,Full-time,Entry level,False
"Head of Data Engineering, Healthcare & Life Sciences ",Fractal,"New York, NY", - ,linkedin_kaggle,2026-05-09 18:56:51,linkedin_ds_it_vacancies.csv,Full-time,Director,False
Software Engineer - Backend,Rocket Travel by Agoda,"Chicago, IL", - ,linkedin_kaggle,2026-05-09 18:56:51,linkedin_ds_it_vacancies.csv,Full-time,Entry level,True
Senior Software Engineer,Talener,"New York, NY", - ,linkedin_kaggle,2026-05-09 18:56:51,linkedin_ds_it_vacancies.csv,Full-time,Mid-Senior level,False
"Infrastructure Software Engineer for 3+ month contract at Global Device Company in Cupertino, CA",OSI Engineering,"California, United States", - ,linkedin_kaggle,2026-05-09 18:56:51,linkedin_ds_it_vacancies.csv,Contract,Associate,True
Data Analyst (BANKING DOMAIN ONLY),Fixity Technologies,"Jersey City, NJ",50.0 - 55.0,linkedin_kaggle,2026-05-09 18:56:51,linkedin_ds_it_vacancies.csv,Contract,,False
Software Engineer Senior,FIS,"Seattle, WA", - ,linkedin_kaggle,2026-05-09 18:56:51,linkedin_ds_it_vacancies.csv,Full-time,Mid-Senior level,False
Data Analyst,Dexian,"Getzville, NY",38.0 - 40.0,linkedin_kaggle,2026-05-09 18:56:51,linkedin_ds_it_vacancies.csv,Contract,,False
Data Analyst - Remote,ICF,"Reston, VA", - ,linkedin_kaggle,2026-05-09 18:56:51,linkedin_ds_it_vacancies.csv,Full-time,Entry level,True
Senior Software Engineer,VivaHire,"San Jose, CA",165000.0 - 180000.0,linkedin_kaggle,2026-05-09 18:56:51,linkedin_ds_it_vacancies.csv,Full-time,Mid-Senior level,False
Senior Business Intelligence Analyst (Remote),Ultra Clean Technology,United States, - ,linkedin_kaggle,2026-05-09 18:56:51,linkedin_ds_it_vacancies.csv,Full-time,Associate,True
"Staff Software Engineer for a well-known personal finance management company in Menlo Park, CA",OSI Engineering,"Menlo Park, CA", - ,linkedin_kaggle,2026-05-09 18:56:51,linkedin_ds_it_vacancies.csv,Full-time,Mid-Senior level,False
Software Engineering Intern,"Flogistix, LP",Oklahoma City Metropolitan Area, - ,linkedin_kaggle,2026-05-09 18:56:51,linkedin_ds_it_vacancies.csv,Internship,,False
Software Engineer II- Cloud Infrastructure,myGwork - LGBTQ+ Business Community,"Plano, TX", - ,linkedin_kaggle,2026-05-09 18:56:51,linkedin_ds_it_vacancies.csv,Full-time,Entry level,False
Senior Software Engineer,Agility,Salt Lake City Metropolitan Area,115000.0 - 150000.0,linkedin_kaggle,2026-05-09 18:56:51,linkedin_ds_it_vacancies.csv,Full-time,,False
Staff Software Engineer - Python,Venmo,"Chicago, IL", - ,linkedin_kaggle,2026-05-09 18:56:51,linkedin_ds_it_vacancies.csv,Full-time,,False
Senior Data Analyst (Only Locals to California will be considered),Alpha Net,"Fremont, CA", - ,linkedin_kaggle,2026-05-09 18:56:51,linkedin_ds_it_vacancies.csv,Contract,,False
Database Software Engineer,TALENT Software Services,United States, - ,linkedin_kaggle,2026-05-09 18:56:51,linkedin_ds_it_vacancies.csv,Contract,,True
BI Analyst,Ledgent Technology,"Irvine, CA",70.0 - 73.0,linkedin_kaggle,2026-05-09 18:56:51,linkedin_ds_it_vacancies.csv,Contract,Mid-Senior level,True
Dataplane Software Engineer (SASE),OSI Engineering,"Palo Alto, CA", - ,linkedin_kaggle,2026-05-09 18:56:51,linkedin_ds_it_vacancies.csv,Full-time,Mid-Senior level,False
Software Engineer - Avionics,Real Time Consulting LLC (RTC),United States, - ,linkedin_kaggle,2026-05-09 18:56:51,linkedin_ds_it_vacancies.csv,Contract,,True
Data Analyst,USCTEK - Recruiting & Staffing,United States, - ,linkedin_kaggle,2026-05-09 18:56:51,linkedin_ds_it_vacancies.csv,Full-time,,True
Android Kotlin Lead Software Engineer,myGwork - LGBTQ+ Business Community,"New York, United States", - ,linkedin_kaggle,2026-05-09 18:56:51,linkedin_ds_it_vacancies.csv,Full-time,Mid-Senior level,False
Software Engineer,Gem,"San Francisco, CA", - ,linkedin_kaggle,2026-05-09 18:56:51,linkedin_ds_it_vacancies.csv,Full-time,Associate,False
Principal Staff Machine Learning Engineer - Foundational AI Technologies,LinkedIn,"Sunnyvale, CA", - ,linkedin_kaggle,2026-05-09 18:56:51,linkedin_ds_it_vacancies.csv,Full-time,,False
Python Software Engineer,Provision People,New York City Metropolitan Area, - ,linkedin_kaggle,2026-05-09 18:56:51,linkedin_ds_it_vacancies.csv,Full-time,Mid-Senior level,False
Data Engineer I/II (Health Network),Cincinnati Children's,"Cincinnati, OH", - ,linkedin_kaggle,2026-05-09 18:56:51,linkedin_ds_it_vacancies.csv,Full-time,Entry level,False
Senior Software Engineer,"firstPRO, Inc","Massachusetts, United States", - ,linkedin_kaggle,2026-05-09 18:56:51,linkedin_ds_it_vacancies.csv,Full-time,Mid-Senior level,False
Data Scientist,Tetricus Labs,United States,120000.0 - 160000.0,linkedin_kaggle,2026-05-09 18:56:51,linkedin_ds_it_vacancies.csv,Full-time,,True
Python Developer | Research Infrastructure,Huxley,"Chicago, IL",200000.0 - 225000.0,linkedin_kaggle,2026-05-09 18:56:51,linkedin_ds_it_vacancies.csv,Full-time,Mid-Senior level,False
Software Engineer - AWS - Senior,HTC Global Services,"Sacramento, CA", - ,linkedin_kaggle,2026-05-09 18:56:51,linkedin_ds_it_vacancies.csv,Full-time,Mid-Senior level,False
Manager of Corporate Analytics (Strong Tableau needed),"Pinnacle Group, Inc.",Dallas-Fort Worth Metroplex, - ,linkedin_kaggle,2026-05-09 18:56:51,linkedin_ds_it_vacancies.csv,Full-time,Mid-Senior level,False
Software Engineer - MS Power Platform - Senior,HTC Global Services,"Sacramento, CA", - ,linkedin_kaggle,2026-05-09 18:56:51,linkedin_ds_it_vacancies.csv,Full-time,Mid-Senior level,False
Associate Software Engineer,Run A Better Set (RABS),United States, - ,linkedin_kaggle,2026-05-09 18:56:51,linkedin_ds_it_vacancies.csv,Full-time,,True
Staff Data Engineer,Splash ,United States, - ,linkedin_kaggle,2026-05-09 18:56:51,linkedin_ds_it_vacancies.csv,Full-time,Mid-Senior level,True
Senior Software Engineer - Governance,Fruition IT,"Cambridge, MA",170000.0 - 210000.0,linkedin_kaggle,2026-05-09 18:56:51,linkedin_ds_it_vacancies.csv,Full-time,Mid-Senior level,True
Senior Software Engineer,Blueworks Technologies,"Phoenix, AZ",60.0 - 70.0,linkedin_kaggle,2026-05-09 18:56:51,linkedin_ds_it_vacancies.csv,Contract,,True
Director of Portfolio Analytics (Full Stack Development),Source One Technical Solutions,"New York, NY", - ,linkedin_kaggle,2026-05-09 18:56:51,linkedin_ds_it_vacancies.csv,Full-time,Director,False
Senior Software Engineer (drivers developer),Infobahn Softworld Inc,United States, - ,linkedin_kaggle,2026-05-09 18:56:51,linkedin_ds_it_vacancies.csv,Contract,Mid-Senior level,True
Embedded Software Engineer,TekNavigators Staffing,"Milwaukee, WI", - ,linkedin_kaggle,2026-05-09 18:56:51,linkedin_ds_it_vacancies.csv,Contract,Mid-Senior level,False
Data Engineer with Graph QL,Pronix Inc,"Plano, TX", - ,linkedin_kaggle,2026-05-09 18:56:51,linkedin_ds_it_vacancies.csv,Contract,Mid-Senior level,False
Research Data Analyst,The Johns Hopkins University,"Baltimore, MD",39000.0 - 83300.0,linkedin_kaggle,2026-05-09 18:56:51,linkedin_ds_it_vacancies.csv,Part-time,Mid-Senior level,False
"Manager Software Engineering, GUI",Johnson & Johnson,"Santa Clara, CA",139000.0 - 224825.0,linkedin_kaggle,2026-05-09 18:56:51,linkedin_ds_it_vacancies.csv,Full-time,,False
Azure Data Engineer- Technical Lead,Talent Groups,United States, - ,linkedin_kaggle,2026-05-09 18:56:51,linkedin_ds_it_vacancies.csv,Full-time,Mid-Senior level,True
Data Engineer,Anuvu,"Chicago, IL", - ,linkedin_kaggle,2026-05-09 18:56:51,linkedin_ds_it_vacancies.csv,Full-time,Entry level,True
Data Engineer,"Gardner Resources Consulting, LLC","Boston, MA", - ,linkedin_kaggle,2026-05-09 18:56:51,linkedin_ds_it_vacancies.csv,Contract,,True
"Software Engineer, Associate (NJUS)",NetJets,"Columbus, OH", - ,linkedin_kaggle,2026-05-09 18:56:51,linkedin_ds_it_vacancies.csv,Full-time,Entry level,False
Data Engineer,CAI,United States,122000.0 - 155000.0,linkedin_kaggle,2026-05-09 18:56:51,linkedin_ds_it_vacancies.csv,Full-time,Entry level,True
Principal Software Engineer,SS&C Eze,"Waltham, MA", - ,linkedin_kaggle,2026-05-09 18:56:51,linkedin_ds_it_vacancies.csv,Full-time,Mid-Senior level,False
Data Engineer,Blue Health Intelligence,"Chicago, IL", - ,linkedin_kaggle,2026-05-09 18:56:51,linkedin_ds_it_vacancies.csv,Full-time,Mid-Senior level,False
SAP Analytics Cloud,IT America Inc,United States, - ,linkedin_kaggle,2026-05-09 18:56:51,linkedin_ds_it_vacancies.csv,Contract,Mid-Senior level,True
Associate Director of Commercial Advanced Analytics,Kite Pharma,"Santa Monica, CA", - ,linkedin_kaggle,2026-05-09 18:56:51,linkedin_ds_it_vacancies.csv,Full-time,Director,False
Data Analytics Internship,Surge Staffing,"Columbus, OH", - ,linkedin_kaggle,2026-05-09 18:56:51,linkedin_ds_it_vacancies.csv,Internship,Internship,False
Senior Software Engineer,Flaunt,United States,120000.0 - 140000.0,linkedin_kaggle,2026-05-09 18:56:51,linkedin_ds_it_vacancies.csv,Full-time,Mid-Senior level,True
Senior Data Analyst,Adaptavist,United States, - ,linkedin_kaggle,2026-05-09 18:56:51,linkedin_ds_it_vacancies.csv,Full-time,Mid-Senior level,True
"Software Engineer II, Chat",Braze,"San Francisco, CA",145000.0 - 160000.0,linkedin_kaggle,2026-05-09 18:56:51,linkedin_ds_it_vacancies.csv,Full-time,,False
Software Engineer - Senior,SoftWriters,"Pittsburgh, PA", - ,linkedin_kaggle,2026-05-09 18:56:51,linkedin_ds_it_vacancies.csv,Full-time,Mid-Senior level,False
Software Engineer,SoftWriters,"Pittsburgh, PA", - ,linkedin_kaggle,2026-05-09 18:56:51,linkedin_ds_it_vacancies.csv,Full-time,Mid-Senior level,False
Summer Data Scientist Internship,Lending Science DM,"Alpharetta, GA", - ,linkedin_kaggle,2026-05-09 18:56:51,linkedin_ds_it_vacancies.csv,Internship,Internship,False
Summer Intern 2024 - Software Engineering Internship - Firmware,Western Digital,"Irvine, CA", - ,linkedin_kaggle,2026-05-09 18:56:51,linkedin_ds_it_vacancies.csv,Internship,Internship,False
Data Engineer (Informatica / Snaplogic / SQL) ,Compunnel Inc.,"Smithfield, RI", - ,linkedin_kaggle,2026-05-09 18:56:51,linkedin_ds_it_vacancies.csv,Full-time,Mid-Senior level,False
Software Engineering Project Manager,Mondo,"Bloomfield Hills, MI",150000.0 - 175000.0,linkedin_kaggle,2026-05-09 18:56:51,linkedin_ds_it_vacancies.csv,Full-time,Mid-Senior level,False
Business Data Analyst,Collabera,"Richmond, VA", - ,linkedin_kaggle,2026-05-09 18:56:51,linkedin_ds_it_vacancies.csv,Contract,Mid-Senior level,False
Data Analyst I (Onsite),DP Professionals (DPP),"Columbia, SC", - ,linkedin_kaggle,2026-05-09 18:56:51,linkedin_ds_it_vacancies.csv,Contract,Mid-Senior level,False
"Staff Product Manager - Pricing Strategy, Monetization, and Analytics",SingleStore,United States,170000.0 - 230000.0,linkedin_kaggle,2026-05-09 18:56:51,linkedin_ds_it_vacancies.csv,Full-time,Mid-Senior level,True
Business Intelligence Internship,Federal Home Loan Bank of Cincinnati,"Cincinnati, OH", - ,linkedin_kaggle,2026-05-09 18:56:51,linkedin_ds_it_vacancies.csv,Internship,Internship,False
Analytics Consultant,TalentBridge,"Charlotte, NC", - ,linkedin_kaggle,2026-05-09 18:56:51,linkedin_ds_it_vacancies.csv,Contract,Mid-Senior level,False
Google Cloud Platform Data Engineer,Your Corporate Life,"Boston, MA", - ,linkedin_kaggle,2026-05-09 18:56:51,linkedin_ds_it_vacancies.csv,Full-time,,False
Data Engineer,ApTask,"Wilmington, DE", - ,linkedin_kaggle,2026-05-09 18:56:51,linkedin_ds_it_vacancies.csv,Contract,,False
"Associate Director, Business Analytics & Insights (US)",Immunocore,"Rockville, MD", - ,linkedin_kaggle,2026-05-09 18:56:51,linkedin_ds_it_vacancies.csv,Full-time,Director,False
SFT - Software Engineer I,Certara,"Radnor, PA", - ,linkedin_kaggle,2026-05-09 18:56:51,linkedin_ds_it_vacancies.csv,Full-time,Entry level,False
Data Analyst (W2 Only),"Triunity Software, Inc. ",United States, - ,linkedin_kaggle,2026-05-09 18:56:51,linkedin_ds_it_vacancies.csv,Contract,Mid-Senior level,True
Senior Data Scientist (Advanced Analytics),TRM Labs,United States, - ,linkedin_kaggle,2026-05-09 18:56:51,linkedin_ds_it_vacancies.csv,Full-time,Mid-Senior level,True
Data Analyst,Akkodis,"Akron, OH",60.0 - 70.0,linkedin_kaggle,2026-05-09 18:56:51,linkedin_ds_it_vacancies.csv,Contract,Mid-Senior level,True
Software Engineer in Test,Annapurna,United States, - ,linkedin_kaggle,2026-05-09 18:56:51,linkedin_ds_it_vacancies.csv,Full-time,Mid-Senior level,True
Data Analyst,ClarisHealth,United States, - ,linkedin_kaggle,2026-05-09 18:56:51,linkedin_ds_it_vacancies.csv,Full-time,Mid-Senior level,True
Data Engineer,Collabera,"Bellevue, WA",60.0 - 65.0,linkedin_kaggle,2026-05-09 18:56:51,linkedin_ds_it_vacancies.csv,Contract,Entry level,False
Software Engineer III--Workday API's,McGriff,"Alpharetta, GA", - ,linkedin_kaggle,2026-05-09 18:56:51,linkedin_ds_it_vacancies.csv,Full-time,Mid-Senior level,True
Sr Data scientist,4A IT Services LLC,San Francisco Bay Area, - ,linkedin_kaggle,2026-05-09 18:56:51,linkedin_ds_it_vacancies.csv,Contract,,False
Junior Data Analyst,Gypsum Management and Supply,"Tucker, GA", - ,linkedin_kaggle,2026-05-09 18:56:51,linkedin_ds_it_vacancies.csv,Full-time,Entry level,False
Software Engineer,Fullsteam,"California, United States", - ,linkedin_kaggle,2026-05-09 18:56:51,linkedin_ds_it_vacancies.csv,Full-time,Associate,True
"Senior Manager, People (HR) Data & Analytics",Sony Pictures Entertainment,"Culver City, CA", - ,linkedin_kaggle,2026-05-09 18:56:51,linkedin_ds_it_vacancies.csv,Full-time,Mid-Senior level,False
Senior Data Scientist,"Paramount Software Solutions, Inc",United States, - ,linkedin_kaggle,2026-05-09 18:56:51,linkedin_ds_it_vacancies.csv,Contract,,True
Software Engineer,ASSA ABLOY Group,"Tucson, AZ", - ,linkedin_kaggle,2026-05-09 18:56:51,linkedin_ds_it_vacancies.csv,Full-time,,False
"OpenLink Software Engineering Team Lead, Commodities",DRW,"Houston, TX", - ,linkedin_kaggle,2026-05-09 18:56:51,linkedin_ds_it_vacancies.csv,Full-time,Mid-Senior level,False
Software Engineer II--Workday API,McGriff,"Alpharetta, GA", - ,linkedin_kaggle,2026-05-09 18:56:51,linkedin_ds_it_vacancies.csv,Full-time,Entry level,True
Data Engineer,OpenWeb,United States, - ,linkedin_kaggle,2026-05-09 18:56:51,linkedin_ds_it_vacancies.csv,Full-time,Associate,True
Lead Data Engineer (W2) (REMOTE),Quess US,United States,55.0 - 60.0,linkedin_kaggle,2026-05-09 18:56:51,linkedin_ds_it_vacancies.csv,Contract,Mid-Senior level,True
Transformation Data Analyst - Financial Services,"TSR Consulting Services, Inc.","New York, NY",73.0 - 96.0,linkedin_kaggle,2026-05-09 18:56:51,linkedin_ds_it_vacancies.csv,Contract,Mid-Senior level,False
Python Developer,Collabera,"Jersey City, NJ",65.0 - 67.0,linkedin_kaggle,2026-05-09 18:56:51,linkedin_ds_it_vacancies.csv,Contract,Mid-Senior level,False
Data Analyst,Straight Arrow News,United States,110000.0 - 120000.0,linkedin_kaggle,2026-05-09 18:56:51,linkedin_ds_it_vacancies.csv,Full-time,Associate,True
"Data Engineer (TS/SCI,Python,Elasticsearch) Full Time","TechnoSphere, Inc.","Ohio City, OH",70000.0 - 118000.0,linkedin_kaggle,2026-05-09 18:56:51,linkedin_ds_it_vacancies.csv,Full-time,,False
"Sr. Software Engineer, OPX (Libfabric Provider)",Cornelis Networks,United States, - ,linkedin_kaggle,2026-05-09 18:56:51,linkedin_ds_it_vacancies.csv,Full-time,Mid-Senior level,True
AI/ML Engineering Manager ,SEPHORA,San Francisco Bay Area,181440.0 - 200000.0,linkedin_kaggle,2026-05-09 18:56:51,linkedin_ds_it_vacancies.csv,Full-time,Mid-Senior level,False
Artificial Intelligence / Machine Learning Research and Development Engineer,The Applied Research Laboratory at Penn State University,"University Park, PA", - ,linkedin_kaggle,2026-05-09 18:56:51,linkedin_ds_it_vacancies.csv,Full-time,Entry level,False
Business Intelligence Engineer,Collabera,"Seattle, WA",65.04 - 66.04,linkedin_kaggle,2026-05-09 18:56:51,linkedin_ds_it_vacancies.csv,Contract,Entry level,True
"Sr. Software Engineering Manager -Austin & San Antonio, TX",H-E-B,"Dallas, TX", - ,linkedin_kaggle,2026-05-09 18:56:51,linkedin_ds_it_vacancies.csv,Full-time,Mid-Senior level,False
Senior Data Analyst,"Groundswell, Inc.",Washington DC-Baltimore Area,80000.0 - 90000.0,linkedin_kaggle,2026-05-09 18:56:51,linkedin_ds_it_vacancies.csv,Full-time,Mid-Senior level,False
"Senior Data Scientist with GCP and LLM ,Gen AI exp 10+",Peritus Inc,United States, - ,linkedin_kaggle,2026-05-09 18:56:51,linkedin_ds_it_vacancies.csv,Contract,,True
Sr. Python Developer with Devops exp- W2 only,Apex IT Services,"Montgomery County, MD",60.0 - 65.0,linkedin_kaggle,2026-05-09 18:56:51,linkedin_ds_it_vacancies.csv,Contract,Mid-Senior level,False
DevOps Software Engineer,BAI,"Chicago, IL", - ,linkedin_kaggle,2026-05-09 18:56:51,linkedin_ds_it_vacancies.csv,Full-time,,False
Data Scientist,STONE Resource Group,Atlanta Metropolitan Area,70.0 - 90.0,linkedin_kaggle,2026-05-09 18:56:51,linkedin_ds_it_vacancies.csv,Full-time,Mid-Senior level,False
Data Analyst (Only W2),Systellar Technologies,"Juno Beach, FL", - ,linkedin_kaggle,2026-05-09 18:56:51,linkedin_ds_it_vacancies.csv,Contract,,False
PL/SQL Developer W2 Only[No C2C],Avanciers,"Durham County, NC",40.0 - 40.0,linkedin_kaggle,2026-05-09 18:56:51,linkedin_ds_it_vacancies.csv,Contract,Mid-Senior level,False
Software Engineering Manager,FieldPulse,"Dallas, TX", - ,linkedin_kaggle,2026-05-09 18:56:51,linkedin_ds_it_vacancies.csv,Full-time,,False
Senior Data Engineer,VideoAmp,United States, - ,linkedin_kaggle,2026-05-09 18:56:51,linkedin_ds_it_vacancies.csv,Full-time,Mid-Senior level,True
Senior Software Engineer,Ria Money Transfer,"Dallas, TX", - ,linkedin_kaggle,2026-05-09 18:56:51,linkedin_ds_it_vacancies.csv,Full-time,Mid-Senior level,False
Sr. Data Analyst,INSPYR Solutions,"Deerfield Beach, FL",65.0 - 75.0,linkedin_kaggle,2026-05-09 18:56:51,linkedin_ds_it_vacancies.csv,Full-time,Mid-Senior level,False
Software Engineer (Outsystems),KPG99 INC,United States, - ,linkedin_kaggle,2026-05-09 18:56:51,linkedin_ds_it_vacancies.csv,Contract,,True
CDnA - Commercial Analytics Sr Mgr,Amgen,"Thousand Oaks, CA",144529.0 - 171597.0,linkedin_kaggle,2026-05-09 18:56:51,linkedin_ds_it_vacancies.csv,Full-time,,False
Data Engineer Intern,Munich Re,"Princeton, NJ", - ,linkedin_kaggle,2026-05-09 18:56:51,linkedin_ds_it_vacancies.csv,Internship,Internship,False
Senior Software Engineer,Understanding Recruitment,United States,150000.0 - 180000.0,linkedin_kaggle,2026-05-09 18:56:51,linkedin_ds_it_vacancies.csv,Full-time,Mid-Senior level,True
Senior Software Engineer - Kiewit Technology Group,Kiewit,"Omaha, NE", - ,linkedin_kaggle,2026-05-09 18:56:51,linkedin_ds_it_vacancies.csv,Full-time,Mid-Senior level,False
Data Analyst,Hotwire Communications Ltd,"Raleigh, NC", - ,linkedin_kaggle,2026-05-09 18:56:51,linkedin_ds_it_vacancies.csv,Full-time,Entry level,False
"Software Engineering Manager II, TV Assistant",Google,"San Jose, CA",189000.0 - 284000.0,linkedin_kaggle,2026-05-09 18:56:51,linkedin_ds_it_vacancies.csv,Full-time,,False
Network Software Engineer,Hyster-Yale Group,"Berea, KY", - ,linkedin_kaggle,2026-05-09 18:56:51,linkedin_ds_it_vacancies.csv,Full-time,Entry level,False
Data Analyst,NMR Consulting,"Huntsville, AL",80000.0 - 90000.0,linkedin_kaggle,2026-05-09 18:56:51,linkedin_ds_it_vacancies.csv,Full-time,Associate,False
"Senior Staff Software Engineer, Google Cloud, Looker",Google,"Kirkland, WA",237000.0 - 337000.0,linkedin_kaggle,2026-05-09 18:56:51,linkedin_ds_it_vacancies.csv,Full-time,Mid-Senior level,False
Senior Software Engineer (Experienced Level Professional),Michelin,"Greenville, SC", - ,linkedin_kaggle,2026-05-09 18:56:51,linkedin_ds_it_vacancies.csv,Full-time,,False
VP Lending Credit Strategy & Analytics,Barclays Bank US,"Wilmington, DE", - ,linkedin_kaggle,2026-05-09 18:56:51,linkedin_ds_it_vacancies.csv,Full-time,Mid-Senior level,False
Senior Data Engineer,Covetus,"St Petersburg, FL", - ,linkedin_kaggle,2026-05-09 18:56:51,linkedin_ds_it_vacancies.csv,Contract,,False
ML Engineering Consultant,Inspire11,"Chicago, IL", - ,linkedin_kaggle,2026-05-09 18:56:51,linkedin_ds_it_vacancies.csv,Full-time,Mid-Senior level,False
Senior Software Engineer,NICE,"Sandy, UT", - ,linkedin_kaggle,2026-05-09 18:56:51,linkedin_ds_it_vacancies.csv,Full-time,Mid-Senior level,False
Data Scientist,"FUJIFILM Cellular Dynamics, Inc","Madison, WI", - ,linkedin_kaggle,2026-05-09 18:56:51,linkedin_ds_it_vacancies.csv,Full-time,Entry level,False
"Director, Software Engineering",Assurant,United States,116900.0 - 195300.0,linkedin_kaggle,2026-05-09 18:56:51,linkedin_ds_it_vacancies.csv,Full-time,Director,True
"Intern, Data Analyst (Projects) IOAO Supply Chain",Viatris,United States,20.0 - 30.0,linkedin_kaggle,2026-05-09 18:56:51,linkedin_ds_it_vacancies.csv,Full-time,Internship,True
Supervisory Data Scientist - Technology Transformation Service,GSA,"Indiana, United States",122198.0 - 191900.0,linkedin_kaggle,2026-05-09 18:56:51,linkedin_ds_it_vacancies.csv,Part-time,Mid-Senior level,True
Staff Software Engineer,EarnIn,"Palo Alto, CA",252000.0 - 308000.0,linkedin_kaggle,2026-05-09 18:56:51,linkedin_ds_it_vacancies.csv,Full-time,Mid-Senior level,False
Data Engineer,The Mom Project,"Richardson, TX", - ,linkedin_kaggle,2026-05-09 18:56:51,linkedin_ds_it_vacancies.csv,Contract,Entry level,False
Flight Software Engineer II - QA and Test,Rocket Lab,"Littleton, CO", - ,linkedin_kaggle,2026-05-09 18:56:51,linkedin_ds_it_vacancies.csv,Full-time,Entry level,False
Geospatial Data Engineer II,Galehead Development,"Boston, MA", - ,linkedin_kaggle,2026-05-09 18:56:51,linkedin_ds_it_vacancies.csv,Full-time,Mid-Senior level,False
DevOps Senior Software Engineer,Garmin,"Cary, NC", - ,linkedin_kaggle,2026-05-09 18:56:51,linkedin_ds_it_vacancies.csv,Full-time,Mid-Senior level,False
Staff Software Engineer - Ground Software,EVONA,"Long Beach, CA",180000.0 - 230000.0,linkedin_kaggle,2026-05-09 18:56:51,linkedin_ds_it_vacancies.csv,Full-time,Mid-Senior level,False
Staff Software Engineer,GE HealthCare,"Milwaukee, WI", - ,linkedin_kaggle,2026-05-09 18:56:51,linkedin_ds_it_vacancies.csv,Full-time,Mid-Senior level,False
Software Engineer,Helix Tech IT Services,New York City Metropolitan Area, - ,linkedin_kaggle,2026-05-09 18:56:51,linkedin_ds_it_vacancies.csv,Full-time,,False
Lead Data and Analytics Engineer,Zaddy Solutions,New York City Metropolitan Area, - ,linkedin_kaggle,2026-05-09 18:56:51,linkedin_ds_it_vacancies.csv,Full-time,Mid-Senior level,False
Catalog Data Analyst - Heavy Duty,MANN+HUMMEL,"Gastonia, NC", - ,linkedin_kaggle,2026-05-09 18:56:51,linkedin_ds_it_vacancies.csv,Full-time,Associate,False
Jr IT Sales (SAP / Data Analytics),Techwave,"Atlanta, GA", - ,linkedin_kaggle,2026-05-09 18:56:51,linkedin_ds_it_vacancies.csv,Full-time,Entry level,False
Marketing Data Analyst,AAA Club Alliance,"Wilmington, DE", - ,linkedin_kaggle,2026-05-09 18:56:51,linkedin_ds_it_vacancies.csv,Full-time,Associate,False
Vice President – Lending Analytics(Hybrid),Citi,"New York, NY",129840.0 - 194760.0,linkedin_kaggle,2026-05-09 18:56:51,linkedin_ds_it_vacancies.csv,Full-time,,False
Senior Software Engineer,Akkodis,Los Angeles Metropolitan Area,60.0 - 86.0,linkedin_kaggle,2026-05-09 18:56:51,linkedin_ds_it_vacancies.csv,Contract,Mid-Senior level,False
Senior Software Engineer,Heritage Grocers Group,"Ontario, CA",135000.0 - 150000.0,linkedin_kaggle,2026-05-09 18:56:51,linkedin_ds_it_vacancies.csv,Full-time,Associate,False
Senior Java Software Engineer,Dexian India,"Richmond, VA", - ,linkedin_kaggle,2026-05-09 18:56:51,linkedin_ds_it_vacancies.csv,Contract,,False
BIG DATA ENGINEER,"VMC Soft Technologies, Inc","Phoenix, AZ", - ,linkedin_kaggle,2026-05-09 18:56:51,linkedin_ds_it_vacancies.csv,Full-time,Mid-Senior level,False
Data Scientist,LS Solutions,"Johnston, IA", - ,linkedin_kaggle,2026-05-09 18:56:51,linkedin_ds_it_vacancies.csv,Contract,Mid-Senior level,False
Staff Software Engineer,SimpliSafe,"Boston, MA", - ,linkedin_kaggle,2026-05-09 18:56:51,linkedin_ds_it_vacancies.csv,Full-time,Mid-Senior level,False
Loans Transformation Data Analyst,Collabera,"New York, NY", - ,linkedin_kaggle,2026-05-09 18:56:51,linkedin_ds_it_vacancies.csv,Contract,Entry level,False
Sr. Provider Data Analyst ( 100% Remote),"LanceSoft, Inc.",United States, - ,linkedin_kaggle,2026-05-09 18:56:51,linkedin_ds_it_vacancies.csv,Full-time,,True
"Data Engineer , People Analytics, Technology, Operational Excellence team (PATOE)",Amazon,"Arlington, VA",105700.0 - 205600.0,linkedin_kaggle,2026-05-09 18:56:51,linkedin_ds_it_vacancies.csv,Full-time,,False
"Compiler Engineer II - Machine Learning, Annapurna Labs",Amazon Web Services (AWS),"Austin, TX",115000.0 - 223600.0,linkedin_kaggle,2026-05-09 18:56:51,linkedin_ds_it_vacancies.csv,Full-time,Mid-Senior level,False
Data Engineer,"RK Management Consultants, Inc.","Chicago, IL", - ,linkedin_kaggle,2026-05-09 18:56:51,linkedin_ds_it_vacancies.csv,Contract,Mid-Senior level,False
Senior Data Engineer,ClinDCast,"Tampa, FL", - ,linkedin_kaggle,2026-05-09 18:56:51,linkedin_ds_it_vacancies.csv,Contract,,False
"Lead Software Engineer, Android",Capital One,"Richmond, VA", - ,linkedin_kaggle,2026-05-09 18:56:51,linkedin_ds_it_vacancies.csv,Full-time,Mid-Senior level,False
"Senior Manager, Full Stack Software Engineering - Capital One Software (Remote Eligible)",Capital One,"McLean, VA", - ,linkedin_kaggle,2026-05-09 18:56:51,linkedin_ds_it_vacancies.csv,Full-time,Mid-Senior level,False
"Senior Lead Software Engineer, Front End",Capital One,"McLean, VA", - ,linkedin_kaggle,2026-05-09 18:56:51,linkedin_ds_it_vacancies.csv,Full-time,Mid-Senior level,False
"Senior Software Engineer, iOS",Capital One,"Chicago, IL", - ,linkedin_kaggle,2026-05-09 18:56:51,linkedin_ds_it_vacancies.csv,Full-time,Mid-Senior level,False
Sr Cloud Data Engineer 191995,HKA Enterprises,"Columbus, OH", - ,linkedin_kaggle,2026-05-09 18:56:51,linkedin_ds_it_vacancies.csv,Contract,Mid-Senior level,False
"Director, Software Engineering - Digital Commerce and Innovation",Capital One,"McLean, VA", - ,linkedin_kaggle,2026-05-09 18:56:51,linkedin_ds_it_vacancies.csv,Full-time,Director,False
Data Analyst Strategist & Technology Engineer,Stearns Bank N.A.,United States, - ,linkedin_kaggle,2026-05-09 18:56:51,linkedin_ds_it_vacancies.csv,Full-time,Mid-Senior level,True
Lead Data Engineer,Capital One,"Plano, TX", - ,linkedin_kaggle,2026-05-09 18:56:51,linkedin_ds_it_vacancies.csv,Full-time,Mid-Senior level,False
"Senior Associate, Data Scientist - Model Risk Office",Capital One,"McLean, VA", - ,linkedin_kaggle,2026-05-09 18:56:51,linkedin_ds_it_vacancies.csv,Full-time,Associate,False
"Senior Software Engineer, Back End (Python, Kubernetes, AWS)",Capital One,"Chicago, IL", - ,linkedin_kaggle,2026-05-09 18:56:51,linkedin_ds_it_vacancies.csv,Full-time,Mid-Senior level,False
Senior Embedded Software Engineer,Mainspring Energy,"Menlo Park, CA", - ,linkedin_kaggle,2026-05-09 18:56:51,linkedin_ds_it_vacancies.csv,Full-time,Mid-Senior level,False
Robotics Software Engineering Internship (UNPAID),Robotics Startup,"Daytona Beach, FL", - ,linkedin_kaggle,2026-05-09 18:56:51,linkedin_ds_it_vacancies.csv,Internship,,False
Embedded Software Engineer,Mainspring Energy,"Menlo Park, CA", - ,linkedin_kaggle,2026-05-09 18:56:51,linkedin_ds_it_vacancies.csv,Full-time,Entry level,False
"Senior Software Engineer, Full Stack (Java, React, AWS)",Capital One,"Richmond, VA", - ,linkedin_kaggle,2026-05-09 18:56:51,linkedin_ds_it_vacancies.csv,Full-time,Mid-Senior level,False
"Software Engineer, Lead","Quest Analytics, LLC","Missouri, United States", - ,linkedin_kaggle,2026-05-09 18:56:51,linkedin_ds_it_vacancies.csv,Full-time,Mid-Senior level,False
"Senior Manager, Customer Segmentation Analytics",Equinix,"Frisco, TX", - ,linkedin_kaggle,2026-05-09 18:56:51,linkedin_ds_it_vacancies.csv,Full-time,Mid-Senior level,False
Software Engineer,Panacea Direct Inc,"Austin, Texas Metropolitan Area",30.0 - 35.0,linkedin_kaggle,2026-05-09 18:56:51,linkedin_ds_it_vacancies.csv,Contract,,True
"Software Engineer, Full Stack (Python, NodeJS, React)",Capital One,"San Francisco, CA", - ,linkedin_kaggle,2026-05-09 18:56:51,linkedin_ds_it_vacancies.csv,Full-time,Entry level,False
"Senior Software Engineer, Front End",Capital One,"Plano, TX", - ,linkedin_kaggle,2026-05-09 18:56:51,linkedin_ds_it_vacancies.csv,Full-time,Mid-Senior level,False
AI & ML Engineer – Audio Specialization,Polygraf,"Austin, TX", - ,linkedin_kaggle,2026-05-09 18:56:51,linkedin_ds_it_vacancies.csv,Full-time,,False
Senior Software Engineer,Signify Technology,"New York, United States",250000.0 - 325000.0,linkedin_kaggle,2026-05-09 18:56:51,linkedin_ds_it_vacancies.csv,Full-time,Mid-Senior level,False
Senior Software Engineer (C#),VMware,United States, - ,linkedin_kaggle,2026-05-09 18:56:51,linkedin_ds_it_vacancies.csv,Full-time,Mid-Senior level,True
Data Scientist II,Oliver James,"Dayton, OH",170000.0 - 200000.0,linkedin_kaggle,2026-05-09 18:56:51,linkedin_ds_it_vacancies.csv,Full-time,Entry level,True
"Director, Business Intelligence (Remote)",CrowdStrike,"Sunnyvale, CA",160000.0 - 250000.0,linkedin_kaggle,2026-05-09 18:56:51,linkedin_ds_it_vacancies.csv,Full-time,Director,True
Sr. Software Engineer - Android (Remote),CrowdStrike,"Sunnyvale, CA",130000.0 - 205000.0,linkedin_kaggle,2026-05-09 18:56:51,linkedin_ds_it_vacancies.csv,Full-time,Mid-Senior level,True
Senior Software Engineer in Test II (Aspire),Aspire Software,"Greater Jackson, MI Area", - ,linkedin_kaggle,2026-05-09 18:56:51,linkedin_ds_it_vacancies.csv,Full-time,Mid-Senior level,True
"Senior Software Engineer, Backend",Formation Bio,"New York, NY", - ,linkedin_kaggle,2026-05-09 18:56:51,linkedin_ds_it_vacancies.csv,Full-time,Mid-Senior level,False
Business Intelligence Developer Senior,Beth Israel Lahey Health,"Boston, MA", - ,linkedin_kaggle,2026-05-09 18:56:51,linkedin_ds_it_vacancies.csv,Full-time,Mid-Senior level,False
"Manager, Data Reporting & Analytics",UW School of Medicine and Public Health,"Madison, WI", - ,linkedin_kaggle,2026-05-09 18:56:51,linkedin_ds_it_vacancies.csv,Full-time,Mid-Senior level,False
Senior Data Engineer,Altice USA,"New York, New York, United States",100246.0 - 164689.0,linkedin_kaggle,2026-05-09 18:56:51,linkedin_ds_it_vacancies.csv,Full-time,Mid-Senior level,False
Senior Machine Learning Engineer(Only w2),"Astir IT Solutions, Inc.","Raleigh, NC", - ,linkedin_kaggle,2026-05-09 18:56:51,linkedin_ds_it_vacancies.csv,Contract,Mid-Senior level,False
Sr. Software Engineer - macOS Sensor (Remote),CrowdStrike,"Sunnyvale, CA",130000.0 - 205000.0,linkedin_kaggle,2026-05-09 18:56:51,linkedin_ds_it_vacancies.csv,Full-time,Mid-Senior level,True
"Business Intelligence Analyst, Product Telemetry (Remote)",CrowdStrike,"Sunnyvale, CA",90000.0 - 150000.0,linkedin_kaggle,2026-05-09 18:56:51,linkedin_ds_it_vacancies.csv,Full-time,Mid-Senior level,True
Senior Staff Software Engineer,Fivetran,"Oakland, CA",218755.94 - 273444.91,linkedin_kaggle,2026-05-09 18:56:51,linkedin_ds_it_vacancies.csv,Full-time,Mid-Senior level,False
Data Analyst,Flock Safety,United States,110000.0 - 145000.0,linkedin_kaggle,2026-05-09 18:56:51,linkedin_ds_it_vacancies.csv,Full-time,Entry level,True
"Business Intelligence Developer, Senior",Beth Israel Lahey Health,"Boston, MA", - ,linkedin_kaggle,2026-05-09 18:56:51,linkedin_ds_it_vacancies.csv,Full-time,Mid-Senior level,False
Data Scientist,KnitWell Group,"Pataskala, OH", - ,linkedin_kaggle,2026-05-09 18:56:51,linkedin_ds_it_vacancies.csv,Full-time,Entry level,True
Healthcare Revenue Cycle- Automation and Analytics Consultant,Guidehouse,"District of Columbia, United States",71800.0 - 107600.0,linkedin_kaggle,2026-05-09 18:56:51,linkedin_ds_it_vacancies.csv,Full-time,Mid-Senior level,True
"Staff Software Engineer, Client Experience - Integrations Lead",Two Chairs,United States, - ,linkedin_kaggle,2026-05-09 18:56:51,linkedin_ds_it_vacancies.csv,Full-time,Mid-Senior level,True
"Senior Editor, Software Engineering - US-Based",Toptal,United States, - ,linkedin_kaggle,2026-05-09 18:56:51,linkedin_ds_it_vacancies.csv,Full-time,Mid-Senior level,True
Data Engineer (D365 F&O) - Up to $130k base + benefits USD - Remote (USA) - Global manufacturing organization,Conspicuous,United States,120000.0 - 130000.0,linkedin_kaggle,2026-05-09 18:56:51,linkedin_ds_it_vacancies.csv,Full-time,Mid-Senior level,True
Senior Software Engineer-(Mainframe/ SQL/ ETL),Fidelity Investments,"Smithfield, RI", - ,linkedin_kaggle,2026-05-09 18:56:51,linkedin_ds_it_vacancies.csv,Full-time,,False
Python Developer,COGENT Infotech,"New York, NY", - ,linkedin_kaggle,2026-05-09 18:56:51,linkedin_ds_it_vacancies.csv,Contract,,False
Senior Business Analyst - Data and Analytics | Fidelity Digital Assets,Fidelity Investments,"Boston, MA", - ,linkedin_kaggle,2026-05-09 18:56:51,linkedin_ds_it_vacancies.csv,Full-time,,False
Software Data Engineer - DPP,TEKsystems,"Seattle, WA", - ,linkedin_kaggle,2026-05-09 18:56:51,linkedin_ds_it_vacancies.csv,Full-time,Entry level,False
"Workday Reporting & Analytics Consultant, AMS",Kainos,United States, - ,linkedin_kaggle,2026-05-09 18:56:51,linkedin_ds_it_vacancies.csv,Full-time,Mid-Senior level,False
"Senior Manager, Data Analytics and Insights",Fidelity Investments,"Durham, NC", - ,linkedin_kaggle,2026-05-09 18:56:51,linkedin_ds_it_vacancies.csv,Full-time,,False
Principal Systems Software Engineer,Tenstorrent,NAMER, - ,linkedin_kaggle,2026-05-09 18:56:51,linkedin_ds_it_vacancies.csv,Full-time,Mid-Senior level,True
Data Engineering Director,FanDuel,"Atlanta, GA", - ,linkedin_kaggle,2026-05-09 18:56:51,linkedin_ds_it_vacancies.csv,Full-time,Director,False
GCP Data Engineer,Empower Professionals Inc,United States, - ,linkedin_kaggle,2026-05-09 18:56:51,linkedin_ds_it_vacancies.csv,Contract,,True
Data Engineering Manager,ISO New England Inc.,"Springfield, Massachusetts Metropolitan Area", - ,linkedin_kaggle,2026-05-09 18:56:51,linkedin_ds_it_vacancies.csv,Full-time,Mid-Senior level,False
ArcGIS Data Analyst,CACI International Inc,"Charlottesville, VA",74600.0 - 156700.0,linkedin_kaggle,2026-05-09 18:56:51,linkedin_ds_it_vacancies.csv,Full-time,Entry level,False
Cybersecurity Data Engineer,FanDuel,"Atlanta, GA", - ,linkedin_kaggle,2026-05-09 18:56:51,linkedin_ds_it_vacancies.csv,Full-time,Entry level,False
Software Engineer,CACI International Inc,"Sarasota, FL",50100.0 - 100100.0,linkedin_kaggle,2026-05-09 18:56:51,linkedin_ds_it_vacancies.csv,Full-time,Entry level,False
Data Engineer,Aditi Consulting,"Ohio, United States", - ,linkedin_kaggle,2026-05-09 18:56:51,linkedin_ds_it_vacancies.csv,Full-time,Entry level,False
Senior Software Engineer - .NET,Wood Mackenzie,"Boston, MA", - ,linkedin_kaggle,2026-05-09 18:56:51,linkedin_ds_it_vacancies.csv,Full-time,Mid-Senior level,False
Senior Data Engineer,Argano,United States, - ,linkedin_kaggle,2026-05-09 18:56:51,linkedin_ds_it_vacancies.csv,Full-time,Mid-Senior level,True
Data Analyst - Python/AWS (W2) (REMOTE),Quess US,United States,45.0 - 50.0,linkedin_kaggle,2026-05-09 18:56:51,linkedin_ds_it_vacancies.csv,Contract,Mid-Senior level,True
BSA Analytics Manager,Wintrust Financial Corporation,"Rosemont, IL", - ,linkedin_kaggle,2026-05-09 18:56:51,linkedin_ds_it_vacancies.csv,Full-time,Mid-Senior level,False
Financial Data Analyst,Kiewit,"Omaha, NE", - ,linkedin_kaggle,2026-05-09 18:56:51,linkedin_ds_it_vacancies.csv,Full-time,Mid-Senior level,False
Business Intelligence Lead - Medicaid,Humana,"Kentucky, United States",104800.0 - 144300.0,linkedin_kaggle,2026-05-09 18:56:51,linkedin_ds_it_vacancies.csv,Full-time,,True
Software Engineer Intern,Viasat,"Carlsbad, CA", - ,linkedin_kaggle,2026-05-09 18:56:51,linkedin_ds_it_vacancies.csv,Full-time,,False
Senior Business Intelligence Engineer,Humana,"Louisville, KY", - ,linkedin_kaggle,2026-05-09 18:56:51,linkedin_ds_it_vacancies.csv,Full-time,,False
Data Scientist II,INSPYR Solutions,"Orlando, FL",85.0 - 90.0,linkedin_kaggle,2026-05-09 18:56:51,linkedin_ds_it_vacancies.csv,Full-time,Entry level,False
Senior Software Engineer,Viasat,"Carlsbad, CA",168100.0 - 292200.0,linkedin_kaggle,2026-05-09 18:56:51,linkedin_ds_it_vacancies.csv,Full-time,,True
"Senior Manager, Enterprise Analytics Platform",Post Holdings,"St Louis, MO", - ,linkedin_kaggle,2026-05-09 18:56:51,linkedin_ds_it_vacancies.csv,Full-time,,False
Senior Software Engineer,"FUJIFILM Sonosite, Inc.","Bothell, WA",120000.0 - 155000.0,linkedin_kaggle,2026-05-09 18:56:51,linkedin_ds_it_vacancies.csv,Full-time,Mid-Senior level,False
"Manager, Soccer Analytics & Data Science",Major League Soccer,"New York, NY", - ,linkedin_kaggle,2026-05-09 18:56:51,linkedin_ds_it_vacancies.csv,Full-time,Mid-Senior level,False
"Post Doctoral Research Associate - Machine Learning, AI, and Rural Medicine",University of Illinois Chicago,"Chicago, IL", - ,linkedin_kaggle,2026-05-09 18:56:51,linkedin_ds_it_vacancies.csv,Full-time,Entry level,False
Data Scientist (CYBERSECURITY) - Technology Transformation Service,GSA,"Indiana, United States",143736.0 - 191900.0,linkedin_kaggle,2026-05-09 18:56:51,linkedin_ds_it_vacancies.csv,Full-time,Director,True
Software Engineer (Hybrid),Blackhawk Network,"Coppell, TX", - ,linkedin_kaggle,2026-05-09 18:56:51,linkedin_ds_it_vacancies.csv,Full-time,,False
Software Engineer,Viasat,"Massachusetts, United States",116500.0 - 202500.0,linkedin_kaggle,2026-05-09 18:56:51,linkedin_ds_it_vacancies.csv,Full-time,,True
Lead Software Engineer - ML Infrastructure,DeepScribe,"San Francisco, CA",150000.0 - 250000.0,linkedin_kaggle,2026-05-09 18:56:51,linkedin_ds_it_vacancies.csv,Full-time,Mid-Senior level,False
Software Engineer II (Hybrid),Blackhawk Network,"Coppell, TX", - ,linkedin_kaggle,2026-05-09 18:56:51,linkedin_ds_it_vacancies.csv,Full-time,,False
"Senior Software Engineering Manager, Infrastructure, Google Cloud Compute",Google,"Seattle, WA",237000.0 - 337000.0,linkedin_kaggle,2026-05-09 18:56:51,linkedin_ds_it_vacancies.csv,Full-time,Mid-Senior level,False
"Software Engineer, Senior",Booz Allen Hamilton,"Annapolis Junction, MD", - ,linkedin_kaggle,2026-05-09 18:56:51,linkedin_ds_it_vacancies.csv,Full-time,,False
Principal Software Engineer - Backend - Python (Xpanse),Palo Alto Networks,"Reston, VA", - ,linkedin_kaggle,2026-05-09 18:56:51,linkedin_ds_it_vacancies.csv,Full-time,Mid-Senior level,True
"Director, People Analytics (Remote)",Raymond James,"St Petersburg, FL", - ,linkedin_kaggle,2026-05-09 18:56:51,linkedin_ds_it_vacancies.csv,Full-time,,False
"HR Reporting & Data Analytics, Senior Consultant",Parsons Corporation,"Virginia, United States",104200.0 - 182400.0,linkedin_kaggle,2026-05-09 18:56:51,linkedin_ds_it_vacancies.csv,Full-time,Entry level,True
Data Engineer,CIBC US,"Chicago, IL", - ,linkedin_kaggle,2026-05-09 18:56:51,linkedin_ds_it_vacancies.csv,Full-time,Entry level,False
Junior Data Analyst,Intelliswift Software,"Plano, TX", - ,linkedin_kaggle,2026-05-09 18:56:51,linkedin_ds_it_vacancies.csv,Contract,,False
"Business Intelligence Engineer, Amazon Advertising",Amazon,"New York, NY", - ,linkedin_kaggle,2026-05-09 18:56:51,linkedin_ds_it_vacancies.csv,Full-time,,False
"Data Engineer, Mid",Booz Allen Hamilton,"San Diego, CA", - ,linkedin_kaggle,2026-05-09 18:56:51,linkedin_ds_it_vacancies.csv,Full-time,,False
"Program Manager, Planning, Analytics, and Workforce Strategies",Amazon,"Bellevue, WA",47500.0 - 107200.0,linkedin_kaggle,2026-05-09 18:56:51,linkedin_ds_it_vacancies.csv,Full-time,Mid-Senior level,False
VP Wholesale Stress Testing Model Risk Analytics (Hybrid),Citi,"New York, NY", - ,linkedin_kaggle,2026-05-09 18:56:51,linkedin_ds_it_vacancies.csv,Full-time,,False
Data Analyst,Genpact,"San Antonio, Texas Metropolitan Area", - ,linkedin_kaggle,2026-05-09 18:56:51,linkedin_ds_it_vacancies.csv,Full-time,Mid-Senior level,False
Python Developer,Autod AI,United States, - ,linkedin_kaggle,2026-05-09 18:56:51,linkedin_ds_it_vacancies.csv,Full-time,,True
"Senior Program Manager, Optimization and Analytics, TOMY Driving Strategy",Amazon,"Santa Monica, CA",92500.0 - 185000.0,linkedin_kaggle,2026-05-09 18:56:51,linkedin_ds_it_vacancies.csv,Full-time,Mid-Senior level,False
Machine Learning Engineer,McCulloh Consulting,United States, - ,linkedin_kaggle,2026-05-09 18:56:51,linkedin_ds_it_vacancies.csv,Full-time,,True
"Data Engineer - Enterprise Data and Analytics, Human Resources Stream",Principal Financial Group,"Des Moines, IA",75000.0 - 123000.0,linkedin_kaggle,2026-05-09 18:56:51,linkedin_ds_it_vacancies.csv,Full-time,Entry level,False
Data Engineer II,GSK,"Seattle, WA",143055.0 - 193545.0,linkedin_kaggle,2026-05-09 18:56:51,linkedin_ds_it_vacancies.csv,Full-time,,False
Software Engineering Manager,Kaynes,United States, - ,linkedin_kaggle,2026-05-09 18:56:51,linkedin_ds_it_vacancies.csv,Full-time,,True
"Staff Software Engineer, Partner Engineering",Crunchyroll,"Culver City, CA", - ,linkedin_kaggle,2026-05-09 18:56:51,linkedin_ds_it_vacancies.csv,Full-time,Associate,False
Software Engineer,Argus Labs,"San Francisco, CA", - ,linkedin_kaggle,2026-05-09 18:56:51,linkedin_ds_it_vacancies.csv,Full-time,Entry level,False
Advanced Data Scientist (Sr Business Dvlpmnt Analyst (Data Science Engagement Leader)),Honeywell,"Atlanta, GA", - ,linkedin_kaggle,2026-05-09 18:56:51,linkedin_ds_it_vacancies.csv,Full-time,Mid-Senior level,False
Data Engineer- AWS (Python/ Airflow/ RDS),Fidelity Investments,"Durham, NC", - ,linkedin_kaggle,2026-05-09 18:56:51,linkedin_ds_it_vacancies.csv,Full-time,,False
SaaS Data Analyst,SymphonyAI,"Englewood, CO", - ,linkedin_kaggle,2026-05-09 18:56:51,linkedin_ds_it_vacancies.csv,Full-time,Entry level,False
Python- Data Analytics -Senior Software Engineer,Fidelity Investments,"Merrimack, NH", - ,linkedin_kaggle,2026-05-09 18:56:51,linkedin_ds_it_vacancies.csv,Full-time,,False
Data Scientist - Senior,V2X Inc,United States, - ,linkedin_kaggle,2026-05-09 18:56:51,linkedin_ds_it_vacancies.csv,Full-time,Mid-Senior level,True
2024 Intern - Software Engineer,Adobe,"San Francisco, CA", - ,linkedin_kaggle,2026-05-09 18:56:51,linkedin_ds_it_vacancies.csv,Full-time,Internship,False
"Staff Software Engineer, APEX",ServiceTitan,United States,154000.0 - 220000.0,linkedin_kaggle,2026-05-09 18:56:51,linkedin_ds_it_vacancies.csv,Full-time,Mid-Senior level,True
Data Engineer II,Strava,"San Francisco, CA", - ,linkedin_kaggle,2026-05-09 18:56:51,linkedin_ds_it_vacancies.csv,Full-time,Entry level,False
"Senior Scientist I, Computational Biology & Machine Learning","Arsenal Biosciences, Inc.","South San Francisco, CA",127300.0 - 156000.0,linkedin_kaggle,2026-05-09 18:56:51,linkedin_ds_it_vacancies.csv,Full-time,Mid-Senior level,False
Unreal Engine Software Engineer,Jobot,"Lutz, FL",90000.0 - 170000.0,linkedin_kaggle,2026-05-09 18:56:51,linkedin_ds_it_vacancies.csv,Full-time,Entry level,False
Software Engineer,Jobot,"Lutz, FL",100000.0 - 165000.0,linkedin_kaggle,2026-05-09 18:56:51,linkedin_ds_it_vacancies.csv,Full-time,Entry level,False
Software Engineer – Evinova,Evinova,"Gaithersburg, MD", - ,linkedin_kaggle,2026-05-09 18:56:51,linkedin_ds_it_vacancies.csv,Full-time,Associate,False
"Principal Machine Learning Engineer (AI, NLP, LLM, Generative AI)",Palo Alto Networks,"Santa Clara, CA", - ,linkedin_kaggle,2026-05-09 18:56:51,linkedin_ds_it_vacancies.csv,Full-time,Associate,False
Senior Software Engineer II (Ruby on Rails),Narvar,"North Township, IN", - ,linkedin_kaggle,2026-05-09 18:56:51,linkedin_ds_it_vacancies.csv,Full-time,Mid-Senior level,False
"Data Engineer, Quality Assurance",Informa Markets,"Boulder, CO", - ,linkedin_kaggle,2026-05-09 18:56:51,linkedin_ds_it_vacancies.csv,Full-time,Associate,True
Software Engineer III,Spectrum,"Maryland Heights, MO", - ,linkedin_kaggle,2026-05-09 18:56:51,linkedin_ds_it_vacancies.csv,Full-time,Mid-Senior level,False
"Market Risk Analytics, Vice President",Robert Walters,"New York, NY", - ,linkedin_kaggle,2026-05-09 18:56:51,linkedin_ds_it_vacancies.csv,Full-time,Executive,False
 Embedded Sensor/EW Real-Time Software Engineer,"Elegant Enterprise-Wide Solutions, Inc.","Smyrna, GA", - ,linkedin_kaggle,2026-05-09 18:56:51,linkedin_ds_it_vacancies.csv,Contract,Mid-Senior level,False
Software Engineer,"Elegant Enterprise-Wide Solutions, Inc.","Atlanta, GA", - ,linkedin_kaggle,2026-05-09 18:56:51,linkedin_ds_it_vacancies.csv,Contract,Mid-Senior level,False
Embedded Real-Time Software Engineer,"Elegant Enterprise-Wide Solutions, Inc.","Atlanta, GA", - ,linkedin_kaggle,2026-05-09 18:56:51,linkedin_ds_it_vacancies.csv,Contract,Mid-Senior level,False
Senior Software Engineer (Java),VMware,United States, - ,linkedin_kaggle,2026-05-09 18:56:51,linkedin_ds_it_vacancies.csv,Full-time,Mid-Senior level,True
Business Data Analyst,Culligan International,"Rosemont, IL", - ,linkedin_kaggle,2026-05-09 18:56:51,linkedin_ds_it_vacancies.csv,Full-time,Mid-Senior level,False
Lead Machine Learning Engineer,QBE Insurance,"Indiana, United States",121000.0 - 228000.0,linkedin_kaggle,2026-05-09 18:56:51,linkedin_ds_it_vacancies.csv,Full-time,Mid-Senior level,False
Lead Machine Learning Engineer,QBE North America,"Sun Prairie Town, WI",121000.0 - 228000.0,linkedin_kaggle,2026-05-09 18:56:51,linkedin_ds_it_vacancies.csv,Full-time,Mid-Senior level,False
Senior Software Engineer,Mezino Technologies,United States, - ,linkedin_kaggle,2026-05-09 18:56:51,linkedin_ds_it_vacancies.csv,Full-time,,True
Staff Data Scientist,Jobot Consulting,"New York, NY",90.0 - 110.0,linkedin_kaggle,2026-05-09 18:56:51,linkedin_ds_it_vacancies.csv,Full-time,Entry level,True
"Software Engineer II, Data",CDW,United States, - ,linkedin_kaggle,2026-05-09 18:56:51,linkedin_ds_it_vacancies.csv,Full-time,Entry level,True
Sr. C++ Software Engineer - Maps SDKs,Esri,"Redlands, CA", - ,linkedin_kaggle,2026-05-09 18:56:51,linkedin_ds_it_vacancies.csv,Full-time,,False
Lead/Principal Software Engineer,CSG Talent,"San Diego, CA", - ,linkedin_kaggle,2026-05-09 18:56:51,linkedin_ds_it_vacancies.csv,Full-time,Mid-Senior level,False
Sr Software Engineer (Project Hire),The Walt Disney Company,"Celebration, FL", - ,linkedin_kaggle,2026-05-09 18:56:51,linkedin_ds_it_vacancies.csv,Full-time,Mid-Senior level,False
"Language Data Scientist, Artificial General Intelligence (AGI)",Amazon,"Boston, MA",111600.0 - 212800.0,linkedin_kaggle,2026-05-09 18:56:51,linkedin_ds_it_vacancies.csv,Full-time,,False
"Sr. Product Manager, Fleet Technology Products & Analytics (FTPA)",Amazon,"Bellevue, WA",110700.0 - 206000.0,linkedin_kaggle,2026-05-09 18:56:51,linkedin_ds_it_vacancies.csv,Full-time,Mid-Senior level,False
"Senior Data Engineer, WWDE",Amazon,"Seattle, WA",123700.0 - 240500.0,linkedin_kaggle,2026-05-09 18:56:51,linkedin_ds_it_vacancies.csv,Full-time,Mid-Senior level,False
Senior Software Engineer (.NET) - 100% Remote - Contract (W2),Akkodis,United States,60.0 - 65.0,linkedin_kaggle,2026-05-09 18:56:51,linkedin_ds_it_vacancies.csv,Contract,Mid-Senior level,True
Backend Software Engineer,maven,New York City Metropolitan Area, - ,linkedin_kaggle,2026-05-09 18:56:51,linkedin_ds_it_vacancies.csv,Full-time,Mid-Senior level,False
Senior Software Engineer (Python/C++),maven,Greater Chicago Area, - ,linkedin_kaggle,2026-05-09 18:56:51,linkedin_ds_it_vacancies.csv,Full-time,Mid-Senior level,False
Senior Software Engineer,maven,New York City Metropolitan Area, - ,linkedin_kaggle,2026-05-09 18:56:51,linkedin_ds_it_vacancies.csv,Full-time,Mid-Senior level,False
"Business Intelligence Engineer, CE&I Analytics and Products",Amazon,"Austin, TX", - ,linkedin_kaggle,2026-05-09 18:56:51,linkedin_ds_it_vacancies.csv,Full-time,,False
"Sr. System Development Engineer, Open Data Analytics Fundamentals team",Amazon Web Services (AWS),"Redmond, WA",121000.0 - 235200.0,linkedin_kaggle,2026-05-09 18:56:51,linkedin_ds_it_vacancies.csv,Full-time,Mid-Senior level,False
"Senior Solutions Architect - Analytics & AI, AGS-NAMER-US-COV-SPEC-SA-Data&AI-Analytics",Amazon Web Services (AWS),"Boston, MA",122900.0 - 239000.0,linkedin_kaggle,2026-05-09 18:56:51,linkedin_ds_it_vacancies.csv,Full-time,Mid-Senior level,False
"Sr Data Engineer , Customer Engagement Technology Generative AI",Amazon,"Seattle, WA",123700.0 - 240500.0,linkedin_kaggle,2026-05-09 18:56:51,linkedin_ds_it_vacancies.csv,Full-time,Mid-Senior level,False
Lead Machine Learning Engineer,maven,Greater Chicago Area, - ,linkedin_kaggle,2026-05-09 18:56:51,linkedin_ds_it_vacancies.csv,Full-time,Mid-Senior level,False
Software Engineer - Risk Systems,maven,Greater Chicago Area, - ,linkedin_kaggle,2026-05-09 18:56:51,linkedin_ds_it_vacancies.csv,Full-time,Associate,False
Data Scientist,SSi People,"Waltham, MA", - ,linkedin_kaggle,2026-05-09 18:56:51,linkedin_ds_it_vacancies.csv,Contract,Associate,False
Software Engineer - Quantitative Research,maven,Greater Chicago Area, - ,linkedin_kaggle,2026-05-09 18:56:51,linkedin_ds_it_vacancies.csv,Full-time,Associate,False
Lead Machine Learning Researcher,maven,Greater Chicago Area, - ,linkedin_kaggle,2026-05-09 18:56:51,linkedin_ds_it_vacancies.csv,Full-time,,False
Senior Machine Learning Engineer,Quantiphi,United States, - ,linkedin_kaggle,2026-05-09 18:56:51,linkedin_ds_it_vacancies.csv,Full-time,Mid-Senior level,True
Data Engineering Analyst,Akkodis,"Denver, CO", - ,linkedin_kaggle,2026-05-09 18:56:51,linkedin_ds_it_vacancies.csv,Contract,Director,False
Lead Software Engineer,maven,Greater Chicago Area, - ,linkedin_kaggle,2026-05-09 18:56:51,linkedin_ds_it_vacancies.csv,Full-time,Mid-Senior level,False
Python/C++ Software Engineer,maven,"New York, NY", - ,linkedin_kaggle,2026-05-09 18:56:51,linkedin_ds_it_vacancies.csv,Full-time,Mid-Senior level,False
Machine Learning Engineer,eTeam,"San Jose, CA",85.0 - 85.0,linkedin_kaggle,2026-05-09 18:56:51,linkedin_ds_it_vacancies.csv,Contract,Mid-Senior level,False
Senior Software Engineer,"Elegant Enterprise-Wide Solutions, Inc.","Atlanta, GA", - ,linkedin_kaggle,2026-05-09 18:56:51,linkedin_ds_it_vacancies.csv,Contract,Mid-Senior level,False
Data Scientist,Takeda,"Boston, MA",108500.0 - 170500.0,linkedin_kaggle,2026-05-09 18:56:51,linkedin_ds_it_vacancies.csv,Full-time,Entry level,False
Lead Software Engineer,Martin Marietta,"Raleigh, NC", - ,linkedin_kaggle,2026-05-09 18:56:51,linkedin_ds_it_vacancies.csv,Full-time,Mid-Senior level,False
Data & Analytics Financial Consolidation,Genpact,United States, - ,linkedin_kaggle,2026-05-09 18:56:51,linkedin_ds_it_vacancies.csv,Full-time,Associate,True
Data Engineer Intern (Remote but needs to be in Eastern or Central Time zone),Covetrus,"Columbus, OH", - ,linkedin_kaggle,2026-05-09 18:56:51,linkedin_ds_it_vacancies.csv,Internship,Internship,True
"Lead / Sr. Software Engineer, React + Front End",Veracity Software Inc,"Austin, TX", - ,linkedin_kaggle,2026-05-09 18:56:51,linkedin_ds_it_vacancies.csv,Contract,Mid-Senior level,True
Senior Software Engineer,Vibrent Health,"Fairfax, VA", - ,linkedin_kaggle,2026-05-09 18:56:51,linkedin_ds_it_vacancies.csv,Full-time,Mid-Senior level,True
Software Engineer III,Chewy,"Boston, MA", - ,linkedin_kaggle,2026-05-09 18:56:51,linkedin_ds_it_vacancies.csv,Full-time,Mid-Senior level,False
Senior Data Engineer,Не указана,"Bellevue, WA",175000.0 - 225000.0,linkedin_kaggle,2026-05-09 18:56:51,linkedin_ds_it_vacancies.csv,Full-time,Mid-Senior level,False
Software Engineering I,LexisNexis Risk Solutions,"Alpharetta, GA", - ,linkedin_kaggle,2026-05-09 18:56:51,linkedin_ds_it_vacancies.csv,Full-time,Entry level,False
"Director, Software Engineering - Cloud Native",Inovalon,"Bowie, MD", - ,linkedin_kaggle,2026-05-09 18:56:51,linkedin_ds_it_vacancies.csv,Full-time,Director,True
Senior Software Engineer,Tokio Marine HCC,"East Hartford, CT", - ,linkedin_kaggle,2026-05-09 18:56:51,linkedin_ds_it_vacancies.csv,Full-time,Mid-Senior level,False
Software Engineer,Tailored Management,"Redmond, WA",78.0 - 82.0,linkedin_kaggle,2026-05-09 18:56:51,linkedin_ds_it_vacancies.csv,Contract,Mid-Senior level,False
Senior Data Scientist,Vertisystem,"Menlo Park, CA",70.0 - 95.0,linkedin_kaggle,2026-05-09 18:56:51,linkedin_ds_it_vacancies.csv,Contract,Mid-Senior level,False
Software Engineering Lead,LexisNexis Risk Solutions,"Boca Raton, FL", - ,linkedin_kaggle,2026-05-09 18:56:51,linkedin_ds_it_vacancies.csv,Full-time,Mid-Senior level,False
Lead Software Engineer,Wells Fargo,"Charlotte, NC", - ,linkedin_kaggle,2026-05-09 18:56:51,linkedin_ds_it_vacancies.csv,Full-time,Mid-Senior level,False
"Software Engineer, Back End– B2B",TwinSpires,"Louisville, KY", - ,linkedin_kaggle,2026-05-09 18:56:51,linkedin_ds_it_vacancies.csv,Full-time,Entry level,False
BI Data Analyst - AWS QuickSight,Dice,"Tempe, AZ", - ,linkedin_kaggle,2026-05-09 18:56:51,linkedin_ds_it_vacancies.csv,Full-time,Mid-Senior level,False
.NET Senior Software Engineer - Credit Card Operations,Wells Fargo,"Charlotte, NC", - ,linkedin_kaggle,2026-05-09 18:56:51,linkedin_ds_it_vacancies.csv,Full-time,Mid-Senior level,False
Social Media Business Intelligence Senior Manager,Verizon,"New York, NY",117000.0 - 217000.0,linkedin_kaggle,2026-05-09 18:56:51,linkedin_ds_it_vacancies.csv,Full-time,Mid-Senior level,False
Lead Software Engineer (.NET),Clarivate,"Ann Arbor, MI", - ,linkedin_kaggle,2026-05-09 18:56:51,linkedin_ds_it_vacancies.csv,Contract,Mid-Senior level,False
Senior Software Engineer,Pegasystems,"Waltham, MA", - ,linkedin_kaggle,2026-05-09 18:56:51,linkedin_ds_it_vacancies.csv,Full-time,Mid-Senior level,False
Software Engineer - Agent Backend Infrastructure,Lacework,"Seattle, WA",119000.0 - 160000.0,linkedin_kaggle,2026-05-09 18:56:51,linkedin_ds_it_vacancies.csv,Full-time,Entry level,False
Data Scientist,NORC at the University of Chicago,"Chicago, IL",88000.0 - 157000.0,linkedin_kaggle,2026-05-09 18:56:51,linkedin_ds_it_vacancies.csv,Full-time,Entry level,False
Software Engineer Expert (Java/Spring Boot),Allstate,"Altamonte Springs, FL",105500.0 - 178250.0,linkedin_kaggle,2026-05-09 18:56:51,linkedin_ds_it_vacancies.csv,Full-time,,False
Credit & Guaranty Analytics - Sr. Analyst,Aon,"Chicago, IL",75000.0 - 120000.0,linkedin_kaggle,2026-05-09 18:56:51,linkedin_ds_it_vacancies.csv,Full-time,Associate,False
Manager of Media Analytics,Frontier Internet,"Dallas, TX", - ,linkedin_kaggle,2026-05-09 18:56:51,linkedin_ds_it_vacancies.csv,Full-time,,False
"Senior Data Analyst, Pricing",Paysafe,"Jacksonville, FL", - ,linkedin_kaggle,2026-05-09 18:56:51,linkedin_ds_it_vacancies.csv,Full-time,,False
"Senior Software Engineer, Data Services",Included Health,United States, - ,linkedin_kaggle,2026-05-09 18:56:51,linkedin_ds_it_vacancies.csv,Full-time,Mid-Senior level,True
Director of Software Engineering,Aspen Dental,"Chicago, IL", - ,linkedin_kaggle,2026-05-09 18:56:51,linkedin_ds_it_vacancies.csv,Full-time,Director,False
Software Engineer II,LexisNexis Risk Solutions,"Ohio, United States", - ,linkedin_kaggle,2026-05-09 18:56:51,linkedin_ds_it_vacancies.csv,Full-time,Entry level,False
Software Engineer III - C++ Performance (Ripple Effect),Ripple Effect Studios ,"Georgia, United States",125300.0 - 204700.0,linkedin_kaggle,2026-05-09 18:56:51,linkedin_ds_it_vacancies.csv,Full-time,,True
Software Engineer,DICE (EA Digital Illusions CE AB),"Massachusetts, United States",136000.0 - 233500.0,linkedin_kaggle,2026-05-09 18:56:51,linkedin_ds_it_vacancies.csv,Full-time,,False
Senior Software Engineer,Fifth Third Bank,"Chicago, IL", - ,linkedin_kaggle,2026-05-09 18:56:51,linkedin_ds_it_vacancies.csv,Full-time,Mid-Senior level,False
Senior/Lead/Principal Full-Stack Software Engineer - Backend,Salesforce,"Palo Alto, CA",102200.0 - 323400.0,linkedin_kaggle,2026-05-09 18:56:51,linkedin_ds_it_vacancies.csv,Full-time,,False
Lead IT Business Analyst - Marketing Data & Analytics,"Mattel, Inc.","El Segundo, CA",136000.0 - 165000.0,linkedin_kaggle,2026-05-09 18:56:51,linkedin_ds_it_vacancies.csv,Full-time,,False
Senior Data Scientist - Virtual,Alight Solutions,"Chicago, IL",102400.0 - 162600.0,linkedin_kaggle,2026-05-09 18:56:51,linkedin_ds_it_vacancies.csv,Full-time,,True
Senior Software Engineer (Ref #001135),Wells Fargo,"Charlotte, NC", - ,linkedin_kaggle,2026-05-09 18:56:51,linkedin_ds_it_vacancies.csv,Full-time,Mid-Senior level,False
Global Pricing & Business Intelligence Manager,Ahlstrom,"Kaukauna, WI", - ,linkedin_kaggle,2026-05-09 18:56:51,linkedin_ds_it_vacancies.csv,Full-time,Mid-Senior level,False
Lead Software Engineer,Schweitzer Engineering Laboratories (SEL),"Pullman, WA",100000.0 - 104000.0,linkedin_kaggle,2026-05-09 18:56:51,linkedin_ds_it_vacancies.csv,Full-time,,False
Senior Software Engineer - Back End,Favor Delivery,"Austin, TX", - ,linkedin_kaggle,2026-05-09 18:56:51,linkedin_ds_it_vacancies.csv,Full-time,Mid-Senior level,False
Health Analytics Engineer,Aon,"Atlanta, GA", - ,linkedin_kaggle,2026-05-09 18:56:51,linkedin_ds_it_vacancies.csv,Full-time,Associate,False
Lead Business Intelligence Analyst,Verizon,"Miami, FL",96000.0 - 178000.0,linkedin_kaggle,2026-05-09 18:56:51,linkedin_ds_it_vacancies.csv,Full-time,Associate,False
Senior Software Engineer - Video,Genius Sports,"New York, United States",155000.0 - 175000.0,linkedin_kaggle,2026-05-09 18:56:51,linkedin_ds_it_vacancies.csv,Full-time,Mid-Senior level,False
"Sr. Manager, DC Strategy & Supply Chain Analytics",Carters Inc.,"Braselton, GA", - ,linkedin_kaggle,2026-05-09 18:56:51,linkedin_ds_it_vacancies.csv,Full-time,Mid-Senior level,False
Software Engineer,hackajob,"McLean, VA", - ,linkedin_kaggle,2026-05-09 18:56:51,linkedin_ds_it_vacancies.csv,Full-time,Mid-Senior level,False
Senior Software Engineer,CarMax,"Richmond, VA", - ,linkedin_kaggle,2026-05-09 18:56:51,linkedin_ds_it_vacancies.csv,Full-time,Mid-Senior level,False
Sr. Advisory Data Engineer,Syniverse,United States, - ,linkedin_kaggle,2026-05-09 18:56:51,linkedin_ds_it_vacancies.csv,Full-time,Mid-Senior level,True
Clinical Data Scientist,Diasorin ,"Austin, TX", - ,linkedin_kaggle,2026-05-09 18:56:51,linkedin_ds_it_vacancies.csv,Full-time,Mid-Senior level,False
"Senior, Data Scientist",Walmart,"Bentonville, AR", - ,linkedin_kaggle,2026-05-09 18:56:51,linkedin_ds_it_vacancies.csv,Full-time,Mid-Senior level,False
"(USA) Senior, Software Engineer",Walmart,"Bentonville, AR", - ,linkedin_kaggle,2026-05-09 18:56:51,linkedin_ds_it_vacancies.csv,Full-time,Mid-Senior level,False
Data Scientist - Customer Service,Textron Aviation,"Wichita, KS", - ,linkedin_kaggle,2026-05-09 18:56:51,linkedin_ds_it_vacancies.csv,Full-time,Associate,False
Data Analyst,Chenega MIOS SBU,"Alexandria, VA", - ,linkedin_kaggle,2026-05-09 18:56:51,linkedin_ds_it_vacancies.csv,Full-time,Entry level,False
"Software Engineer-Senior, Corporate System HR & Payroll Applications",Marriott International,"Bethesda, MD", - ,linkedin_kaggle,2026-05-09 18:56:51,linkedin_ds_it_vacancies.csv,Full-time,Mid-Senior level,False
"Lead Software Engineer, TIDAL Artist Platform",TIDAL,"New York, NY", - ,linkedin_kaggle,2026-05-09 18:56:51,linkedin_ds_it_vacancies.csv,Full-time,Mid-Senior level,True
Backend Software Engineer,Hadrian,"Los Angeles, CA",150000.0 - 275000.0,linkedin_kaggle,2026-05-09 18:56:51,linkedin_ds_it_vacancies.csv,Full-time,Entry level,False
Software Engineer Intern,Capella University,"Herndon, VA", - ,linkedin_kaggle,2026-05-09 18:56:51,linkedin_ds_it_vacancies.csv,Full-time,,False
Senior Software Engineer,"Matson, Inc.","Oakland, CA",101600.0 - 138200.0,linkedin_kaggle,2026-05-09 18:56:51,linkedin_ds_it_vacancies.csv,Full-time,Mid-Senior level,False
"Senior Software Engineer (Mobile), Bitkey",Block,"San Francisco, CA", - ,linkedin_kaggle,2026-05-09 18:56:51,linkedin_ds_it_vacancies.csv,Full-time,Associate,True
"Principal Software Engineer, Cash Commerce",Cash App,"San Francisco, CA", - ,linkedin_kaggle,2026-05-09 18:56:51,linkedin_ds_it_vacancies.csv,Full-time,Associate,True
Sr Data Analyst,Northwestern Mutual,"Franklin, WI",75180.0 - 139620.0,linkedin_kaggle,2026-05-09 18:56:51,linkedin_ds_it_vacancies.csv,Full-time,Mid-Senior level,False
Senior Software Engineer with Python and backend,Не указана,"New York, NY", - ,linkedin_kaggle,2026-05-09 18:56:51,linkedin_ds_it_vacancies.csv,Full-time,Mid-Senior level,False
"Senior Software Engineer Web, Credit Card (Contract)",SoFi,"San Francisco, CA",88.0 - 110.0,linkedin_kaggle,2026-05-09 18:56:51,linkedin_ds_it_vacancies.csv,Full-time,,False
"Manager, People Analytics",Chobani,United States,97600.0 - 146400.0,linkedin_kaggle,2026-05-09 18:56:51,linkedin_ds_it_vacancies.csv,Full-time,Mid-Senior level,True
Data Engineering Lead,SAE International,"Warrendale, PA", - ,linkedin_kaggle,2026-05-09 18:56:51,linkedin_ds_it_vacancies.csv,Full-time,Mid-Senior level,False
"Senior Software Engineer, Cash Commerce",Block,"San Francisco, CA", - ,linkedin_kaggle,2026-05-09 18:56:51,linkedin_ds_it_vacancies.csv,Full-time,Associate,True
"Sr Director, Business Intelligence",Blue Yonder,"Scottsdale, AZ",168000.0 - 194000.0,linkedin_kaggle,2026-05-09 18:56:51,linkedin_ds_it_vacancies.csv,Full-time,,True
"Software Engineer, Full Stack, 3+ Years of Experience",Snap Inc.,"Los Angeles, CA",129000.0 - 228000.0,linkedin_kaggle,2026-05-09 18:56:51,linkedin_ds_it_vacancies.csv,Full-time,Mid-Senior level,False
Software Engineer II,"Softworld, a Kelly Company","Hunt Valley, MD", - ,linkedin_kaggle,2026-05-09 18:56:51,linkedin_ds_it_vacancies.csv,Contract,Entry level,False
Senior Data Analyst,SAE International,"Warrendale, PA", - ,linkedin_kaggle,2026-05-09 18:56:51,linkedin_ds_it_vacancies.csv,Full-time,Mid-Senior level,False
Business Intelligence Unit - Assistant Vice President,Deutsche Bank,"New York, NY",100000.0 - 142250.0,linkedin_kaggle,2026-05-09 18:56:51,linkedin_ds_it_vacancies.csv,Full-time,Mid-Senior level,False
Sr Manager & Product Owner - Business Insights Delivery: International Business Intelligence,Travelers,"Hartford, CT", - ,linkedin_kaggle,2026-05-09 18:56:51,linkedin_ds_it_vacancies.csv,Full-time,Internship,False
"Senior Software Engineer, VP - Microsoft Power Platform (Jersey City, NJ)",Goldman Sachs,"Jersey City, NJ", - ,linkedin_kaggle,2026-05-09 18:56:51,linkedin_ds_it_vacancies.csv,Full-time,Mid-Senior level,False
"Software Engineer, Consumer Experience (Frontend)",Gemini,United States, - ,linkedin_kaggle,2026-05-09 18:56:51,linkedin_ds_it_vacancies.csv,Full-time,Entry level,True
"Associate or Analyst, Data Engineering",BlackRock,"San Francisco, CA", - ,linkedin_kaggle,2026-05-09 18:56:51,linkedin_ds_it_vacancies.csv,Full-time,,False
New Grad Back-End Software Engineer,Canoo,"Oklahoma City, OK", - ,linkedin_kaggle,2026-05-09 18:56:51,linkedin_ds_it_vacancies.csv,Full-time,Mid-Senior level,False
Software Engineer in Test (Cypress),Compunnel Inc.,"Durham, NC", - ,linkedin_kaggle,2026-05-09 18:56:51,linkedin_ds_it_vacancies.csv,Full-time,Mid-Senior level,False
Data Analyst,Health Care Service Corporation,"Richardson, TX", - ,linkedin_kaggle,2026-05-09 18:56:51,linkedin_ds_it_vacancies.csv,Full-time,,False
Data Analyst- Business Intelligence,Unified Women's Healthcare,"Florida, United States", - ,linkedin_kaggle,2026-05-09 18:56:51,linkedin_ds_it_vacancies.csv,Full-time,,True
"Senior Analyst , Digital Analytics",Ford Motor Company,United States, - ,linkedin_kaggle,2026-05-09 18:56:51,linkedin_ds_it_vacancies.csv,Full-time,,True
Data Scientist,Unified Women's Healthcare,"Florida, United States", - ,linkedin_kaggle,2026-05-09 18:56:51,linkedin_ds_it_vacancies.csv,Full-time,,True
Python Developer,The Judge Group,"Jersey City, NJ", - ,linkedin_kaggle,2026-05-09 18:56:51,linkedin_ds_it_vacancies.csv,Contract,Executive,False
Senior Staff Software Engineer - Autonomy Data: MP Data Engine,Aurora,"Mountain View, CA",189000.0 - 302000.0,linkedin_kaggle,2026-05-09 18:56:51,linkedin_ds_it_vacancies.csv,Full-time,Mid-Senior level,False
"Sr. Software Engineer, Search Relevance",Moveworks,"Mountain View, CA",120000.0 - 249000.0,linkedin_kaggle,2026-05-09 18:56:51,linkedin_ds_it_vacancies.csv,Full-time,Mid-Senior level,False
"Senior Software Engineer, Test #3748",GRAIL,"Menlo Park, CA", - ,linkedin_kaggle,2026-05-09 18:56:51,linkedin_ds_it_vacancies.csv,Full-time,Mid-Senior level,False
Sr. Software Engineer,Berkley Environmental (a Berkley Company),"Atlanta, GA", - ,linkedin_kaggle,2026-05-09 18:56:51,linkedin_ds_it_vacancies.csv,Full-time,Mid-Senior level,False
Business Intelligence Branch Chief (Hybrid Option),California Department of Health Care Services,"Sacramento, CA",10734.0 - 13048.0,linkedin_kaggle,2026-05-09 18:56:51,linkedin_ds_it_vacancies.csv,Full-time,Mid-Senior level,False
Data Engineer Intern,Getinge,"Wayne, NJ", - ,linkedin_kaggle,2026-05-09 18:56:51,linkedin_ds_it_vacancies.csv,Full-time,Mid-Senior level,False
People Analytics Manager,Ontra,United States,89000.0 - 125000.0,linkedin_kaggle,2026-05-09 18:56:51,linkedin_ds_it_vacancies.csv,Full-time,Mid-Senior level,True
Cloud Software Engineer,Ford Motor Company,United States, - ,linkedin_kaggle,2026-05-09 18:56:51,linkedin_ds_it_vacancies.csv,Full-time,,True
"Software Engineer, Brand Platform",LTK,United States, - ,linkedin_kaggle,2026-05-09 18:56:51,linkedin_ds_it_vacancies.csv,Full-time,Mid-Senior level,True
Senior Machine Learning Engineer,SAE International,"Warrendale, PA", - ,linkedin_kaggle,2026-05-09 18:56:51,linkedin_ds_it_vacancies.csv,Full-time,Mid-Senior level,False
"Software Engineer, Back-End",Grammarly,"North Carolina, United States",124000.0 - 321000.0,linkedin_kaggle,2026-05-09 18:56:51,linkedin_ds_it_vacancies.csv,Full-time,Entry level,False
Software Engineer Intern,"Strategic Education, Inc","Minneapolis, MN",17.94 - 25.0,linkedin_kaggle,2026-05-09 18:56:51,linkedin_ds_it_vacancies.csv,Full-time,,False
Sr. Data Engineering Manager,Ford Motor Company,"Dearborn, MI", - ,linkedin_kaggle,2026-05-09 18:56:51,linkedin_ds_it_vacancies.csv,Full-time,,False
Software Engineer - Supply Chain,Ford Motor Company,United States, - ,linkedin_kaggle,2026-05-09 18:56:51,linkedin_ds_it_vacancies.csv,Full-time,,True
Principal Software Engineer,Ultra Electronics Group,"Chantilly, VA", - ,linkedin_kaggle,2026-05-09 18:56:51,linkedin_ds_it_vacancies.csv,Full-time,Mid-Senior level,False
Software Engineer,Ford Motor Company,"Dearborn, MI", - ,linkedin_kaggle,2026-05-09 18:56:51,linkedin_ds_it_vacancies.csv,Full-time,,False
Sr. Software Engineer,OpenGov Inc.,"Seattle, WA", - ,linkedin_kaggle,2026-05-09 18:56:51,linkedin_ds_it_vacancies.csv,Full-time,Mid-Senior level,False
Entry Level Data Analyst,CCS Global Tech,"San Diego, CA", - ,linkedin_kaggle,2026-05-09 18:56:51,linkedin_ds_it_vacancies.csv,Full-time,Entry level,False
"Software Engineer, Front-End",Grammarly,"Pennsylvania, United States",124000.0 - 321000.0,linkedin_kaggle,2026-05-09 18:56:51,linkedin_ds_it_vacancies.csv,Full-time,Entry level,False
Senior Software Engineer,Arrow Search Partners,"New York, NY", - ,linkedin_kaggle,2026-05-09 18:56:51,linkedin_ds_it_vacancies.csv,Full-time,Mid-Senior level,True
"Manager, Software Engineering - Alerting Evaluation (Remote)",New Relic,"Salt Lake City, UT", - ,linkedin_kaggle,2026-05-09 18:56:51,linkedin_ds_it_vacancies.csv,Full-time,Mid-Senior level,True
"Software Engineer(Python, Apache Spark) Software Dev & Engineering",Comcast,"Philadelphia, PA", - ,linkedin_kaggle,2026-05-09 18:56:51,linkedin_ds_it_vacancies.csv,Full-time,Associate,False
Sr Chassis/OS Software Engineer,Recogni,United States, - ,linkedin_kaggle,2026-05-09 18:56:51,linkedin_ds_it_vacancies.csv,Full-time,Mid-Senior level,True
People Strategy & Analytics Manager,Academic Partnerships,United States, - ,linkedin_kaggle,2026-05-09 18:56:51,linkedin_ds_it_vacancies.csv,Full-time,Mid-Senior level,True
Data Engineer,United States Olympic & Paralympic Committee,"Colorado Springs, CO", - ,linkedin_kaggle,2026-05-09 18:56:51,linkedin_ds_it_vacancies.csv,Full-time,Mid-Senior level,False
Business Data Analyst III :24-01044,"Akraya, Inc.","San Diego, CA", - ,linkedin_kaggle,2026-05-09 18:56:51,linkedin_ds_it_vacancies.csv,Full-time,Mid-Senior level,False
Sr Practice Principal - Data/Analytics/AI,DXC Technology,"Virginia, United States",137000.0 - 254400.0,linkedin_kaggle,2026-05-09 18:56:51,linkedin_ds_it_vacancies.csv,Full-time,Director,True
Senior Full Stack Software Engineer,Synectics Inc.,"Wichita, KS", - ,linkedin_kaggle,2026-05-09 18:56:51,linkedin_ds_it_vacancies.csv,Full-time,Mid-Senior level,False
React Software Engineer ,InRhythm,"New York, United States", - ,linkedin_kaggle,2026-05-09 18:56:51,linkedin_ds_it_vacancies.csv,Full-time,Mid-Senior level,False
Data Engineer III,GoodRx,"Seattle, WA", - ,linkedin_kaggle,2026-05-09 18:56:51,linkedin_ds_it_vacancies.csv,Full-time,Mid-Senior level,False
Software Engineer II,Uber,"Seattle, WA", - ,linkedin_kaggle,2026-05-09 18:56:51,linkedin_ds_it_vacancies.csv,Full-time,,False
"Account Manager, SaaS/Health Data/Analytics (Signal)",PulsePoint,"Newark, NJ",75000.0 - 85000.0,linkedin_kaggle,2026-05-09 18:56:51,linkedin_ds_it_vacancies.csv,Full-time,Mid-Senior level,False
ETL Business Intelligence (BI) Developer,Prelude Services,"Mechanicsburg, PA", - ,linkedin_kaggle,2026-05-09 18:56:51,linkedin_ds_it_vacancies.csv,Full-time,,False
Senior Software Engineer,Foundation Model Startup,San Francisco Bay Area,120000.0 - 200000.0,linkedin_kaggle,2026-05-09 18:56:51,linkedin_ds_it_vacancies.csv,Full-time,,True
Senior Software Engineer - Conversational AI / Chatbots,InRhythm,Dallas-Fort Worth Metroplex, - ,linkedin_kaggle,2026-05-09 18:56:51,linkedin_ds_it_vacancies.csv,Full-time,Mid-Senior level,False
Sales Director - AI powered Healthcare Predictive Analytics as a Service at AlgosRus.com!,Algosrus.com,United States, - ,linkedin_kaggle,2026-05-09 18:56:51,linkedin_ds_it_vacancies.csv,Full-time,,True
"Sr. Data Analyst, Programmatic Advertising",PulsePoint,"Newark, NJ", - ,linkedin_kaggle,2026-05-09 18:56:51,linkedin_ds_it_vacancies.csv,Full-time,Mid-Senior level,False
Data Analytics Intern,"RxSight, Inc.","Aliso Viejo, CA", - ,linkedin_kaggle,2026-05-09 18:56:51,linkedin_ds_it_vacancies.csv,Internship,Internship,False
Staff Software Engineer,Uber,"Seattle, WA",218000.0 - 242000.0,linkedin_kaggle,2026-05-09 18:56:51,linkedin_ds_it_vacancies.csv,Full-time,,False
Mission Software Engineer - Fury / CCA (C++/Rust),Anduril Industries,"Costa Mesa, CA",138000.0 - 207000.0,linkedin_kaggle,2026-05-09 18:56:51,linkedin_ds_it_vacancies.csv,Full-time,Entry level,False
Senior Software Engineer,Destiny (D/XYZ),United States, - ,linkedin_kaggle,2026-05-09 18:56:51,linkedin_ds_it_vacancies.csv,Full-time,,True
Lead Data Scientist,MetLife,United States, - ,linkedin_kaggle,2026-05-09 18:56:51,linkedin_ds_it_vacancies.csv,Full-time,,True
Staff Software Engineer,ServiceNow,"San Diego, CA", - ,linkedin_kaggle,2026-05-09 18:56:51,linkedin_ds_it_vacancies.csv,Full-time,Mid-Senior level,False
Senior Software Engineer,Equifax,"Alpharetta, GA", - ,linkedin_kaggle,2026-05-09 18:56:51,linkedin_ds_it_vacancies.csv,Full-time,Mid-Senior level,False
Senior Mission Software Engineer - Fury / CCA (Generalist),Anduril Industries,"Washington, DC",168000.0 - 252000.0,linkedin_kaggle,2026-05-09 18:56:51,linkedin_ds_it_vacancies.csv,Full-time,Mid-Senior level,False
Senior BI and Data Analyst,Novo Nordisk,"Plainsboro, NJ", - ,linkedin_kaggle,2026-05-09 18:56:51,linkedin_ds_it_vacancies.csv,Full-time,,False
Statistician and Data Scientist,"University of California, San Francisco","San Francisco, CA", - ,linkedin_kaggle,2026-05-09 18:56:51,linkedin_ds_it_vacancies.csv,Full-time,,False
Software Engineer - Manufacturing Surgical Robotics,Intuitive,"Sunnyvale, CA",118500.0 - 200600.0,linkedin_kaggle,2026-05-09 18:56:51,linkedin_ds_it_vacancies.csv,Full-time,Mid-Senior level,False
"Software Engineer, CLM Platform",Docusign,"Chicago, IL", - ,linkedin_kaggle,2026-05-09 18:56:51,linkedin_ds_it_vacancies.csv,Full-time,Entry level,False
"Data Engineer 2/3 - Hybrid - Des Moines, IA",Wellabe,"Des Moines, IA", - ,linkedin_kaggle,2026-05-09 18:56:51,linkedin_ds_it_vacancies.csv,Full-time,Mid-Senior level,False
Senior Software Engineer - Observability,ServiceNow,"Santa Clara, CA", - ,linkedin_kaggle,2026-05-09 18:56:51,linkedin_ds_it_vacancies.csv,Full-time,Mid-Senior level,False
Senior Software Engineer — Developer Experience,Snorkel AI,"Redwood City, CA", - ,linkedin_kaggle,2026-05-09 18:56:51,linkedin_ds_it_vacancies.csv,Full-time,Mid-Senior level,True
Senior Data Analyst,EnergyHub,United States, - ,linkedin_kaggle,2026-05-09 18:56:51,linkedin_ds_it_vacancies.csv,Full-time,Mid-Senior level,True
Data Scientist,Scripps Health,"San Diego, CA",46.88 - 70.33,linkedin_kaggle,2026-05-09 18:56:51,linkedin_ds_it_vacancies.csv,Full-time,Entry level,False
Software Engineer 2,Trimble Inc.,"Portland, OR", - ,linkedin_kaggle,2026-05-09 18:56:51,linkedin_ds_it_vacancies.csv,Full-time,Mid-Senior level,False
Senior Data Scientist,Dave,United States,138000.0 - 222000.0,linkedin_kaggle,2026-05-09 18:56:51,linkedin_ds_it_vacancies.csv,Full-time,Mid-Senior level,True
Data Scientist-FI Solutions,Vericast,"San Antonio, TX",90000.0 - 110000.0,linkedin_kaggle,2026-05-09 18:56:51,linkedin_ds_it_vacancies.csv,Full-time,Associate,True
Clinical data scientist,SSi People,"Waltham, MA",50.0 - 55.0,linkedin_kaggle,2026-05-09 18:56:51,linkedin_ds_it_vacancies.csv,Contract,Associate,False
Data Quality & Analytics AVP ,Bank of China USA,New York City Metropolitan Area, - ,linkedin_kaggle,2026-05-09 18:56:51,linkedin_ds_it_vacancies.csv,Full-time,Mid-Senior level,False
Junior Software Engineer - Cohort,Koddi,"Fort Worth, TX", - ,linkedin_kaggle,2026-05-09 18:56:51,linkedin_ds_it_vacancies.csv,Full-time,Entry level,False
Lead Software Engineer,Understanding Recruitment,United States,160000.0 - 200000.0,linkedin_kaggle,2026-05-09 18:56:51,linkedin_ds_it_vacancies.csv,Full-time,Mid-Senior level,True
Software Engineer,Vantage Consulting,"Plano, TX",90000.0 - 140000.0,linkedin_kaggle,2026-05-09 18:56:51,linkedin_ds_it_vacancies.csv,Full-time,Mid-Senior level,False
Python Developer - W2 ONLY ,SSi People,"Bridgewater, NJ", - ,linkedin_kaggle,2026-05-09 18:56:51,linkedin_ds_it_vacancies.csv,Contract,Associate,True
Senior Software Engineer,Crew Capital,New York City Metropolitan Area, - ,linkedin_kaggle,2026-05-09 18:56:51,linkedin_ds_it_vacancies.csv,Full-time,,False
"Principal Software Engineer, Product Platform",Dropbox,"Oregon, United States", - ,linkedin_kaggle,2026-05-09 18:56:51,linkedin_ds_it_vacancies.csv,Full-time,,True
Python Developer,Innova Solutions,"Jersey City, NJ",60.0 - 70.0,linkedin_kaggle,2026-05-09 18:56:51,linkedin_ds_it_vacancies.csv,Full-time,Entry level,False
Data Analyst – Banking ,Genpact,"Tampa, FL",110000.0 - 120000.0,linkedin_kaggle,2026-05-09 18:56:51,linkedin_ds_it_vacancies.csv,Full-time,Mid-Senior level,False
Java Software Engineer,Open Systems Technologies,"New York, NY",150000.0 - 200000.0,linkedin_kaggle,2026-05-09 18:56:51,linkedin_ds_it_vacancies.csv,Full-time,Entry level,False
Senior Data Analyst for Growth,Tide Cleaners,"Cincinnati, OH",95000.0 - 105000.0,linkedin_kaggle,2026-05-09 18:56:51,linkedin_ds_it_vacancies.csv,Full-time,,False
Staff Software Engineer,Understanding Recruitment,United States,200000.0 - 220000.0,linkedin_kaggle,2026-05-09 18:56:51,linkedin_ds_it_vacancies.csv,Full-time,Mid-Senior level,True
Business Intelligence Cloud Connector ,My3Tech,United States, - ,linkedin_kaggle,2026-05-09 18:56:51,linkedin_ds_it_vacancies.csv,Full-time,Mid-Senior level,True
Business Intelligence Lead,Open Systems Technologies,"Wall, NJ",60.0 - 80.0,linkedin_kaggle,2026-05-09 18:56:51,linkedin_ds_it_vacancies.csv,Full-time,Mid-Senior level,False
Data Analyst,Open Systems Technologies,"New York, NY", - ,linkedin_kaggle,2026-05-09 18:56:51,linkedin_ds_it_vacancies.csv,Contract,Entry level,False
Full Stack Software Engineer,Open Systems Technologies,"New York, NY",150000.0 - 200000.0,linkedin_kaggle,2026-05-09 18:56:51,linkedin_ds_it_vacancies.csv,Full-time,Entry level,False
Databricks Cloud Data Engineer,Open Systems Technologies,"Richmond, VA",85.0 - 90.0,linkedin_kaggle,2026-05-09 18:56:51,linkedin_ds_it_vacancies.csv,Contract,Entry level,True
Software Engineer-Frontend,McGriff,"Charlotte, NC", - ,linkedin_kaggle,2026-05-09 18:56:51,linkedin_ds_it_vacancies.csv,Full-time,Entry level,False
Cloud Analytics - Software Development Engineer,Intel Corporation,"Phoenix, AZ",109744.0 - 164610.0,linkedin_kaggle,2026-05-09 18:56:51,linkedin_ds_it_vacancies.csv,Full-time,Entry level,False
Senior Software Engineer - Data Analytics,Open Systems Technologies,"Jersey City, NJ",140000.0 - 150000.0,linkedin_kaggle,2026-05-09 18:56:51,linkedin_ds_it_vacancies.csv,Full-time,Mid-Senior level,False
Software Engineer,Frontall USA,"Rochester, NY", - ,linkedin_kaggle,2026-05-09 18:56:51,linkedin_ds_it_vacancies.csv,Full-time,,False
Lead Data Engineer,Saxon AI,United States, - ,linkedin_kaggle,2026-05-09 18:56:51,linkedin_ds_it_vacancies.csv,Contract,,True
Blockchain Data Scientist,Integra FEC,"Austin, TX", - ,linkedin_kaggle,2026-05-09 18:56:51,linkedin_ds_it_vacancies.csv,Full-time,,False
Business Intelligence Analyst,Amazon Web Services (AWS),"New York, United States",79600.0 - 185000.0,linkedin_kaggle,2026-05-09 18:56:51,linkedin_ds_it_vacancies.csv,Full-time,,False
Controls/ Data Analytics Engineer (Senior - Advisor),Halliburton,"Houston, TX", - ,linkedin_kaggle,2026-05-09 18:56:51,linkedin_ds_it_vacancies.csv,Full-time,Mid-Senior level,False
"Senior Data Engineer , Community Operations",Amazon,"Bellevue, WA",123700.0 - 240500.0,linkedin_kaggle,2026-05-09 18:56:51,linkedin_ds_it_vacancies.csv,Full-time,Mid-Senior level,False
Generative AI - Data Scientist,ChabezTech LLC,"Los Angeles, CA", - ,linkedin_kaggle,2026-05-09 18:56:51,linkedin_ds_it_vacancies.csv,Contract,Mid-Senior level,False
Market Risk Analytics- Stress Testing,Artech L.L.C.,New York City Metropolitan Area,120.0 - 130.0,linkedin_kaggle,2026-05-09 18:56:51,linkedin_ds_it_vacancies.csv,Contract,Mid-Senior level,False
[FINANCE] Business Analytics,will bank,United States, - ,linkedin_kaggle,2026-05-09 18:56:51,linkedin_ds_it_vacancies.csv,Full-time,Entry level,True
Senior Machine Learning Engineer,Square One Resources,"California, United States",190000.0 - 210000.0,linkedin_kaggle,2026-05-09 18:56:51,linkedin_ds_it_vacancies.csv,Full-time,Mid-Senior level,True
Senior Data Scientist,Norstella,United States,160000.0 - 200000.0,linkedin_kaggle,2026-05-09 18:56:51,linkedin_ds_it_vacancies.csv,Full-time,Mid-Senior level,True
Data Analytics Developer,Oil and Gas Job Search Ltd,"Houston, TX", - ,linkedin_kaggle,2026-05-09 18:56:51,linkedin_ds_it_vacancies.csv,Full-time,Entry level,False
"2024 Summer Intern - Data Analytics - Dallas, TX",DHL Express,"Dallas, TX", - ,linkedin_kaggle,2026-05-09 18:56:51,linkedin_ds_it_vacancies.csv,Full-time,Internship,False
Lead Data Engineer (FinOps),Capital One,"New York, NY", - ,linkedin_kaggle,2026-05-09 18:56:51,linkedin_ds_it_vacancies.csv,Full-time,Mid-Senior level,False
Software Engineering Manager,Leonardo DRS,"Menomonee Falls, WI", - ,linkedin_kaggle,2026-05-09 18:56:51,linkedin_ds_it_vacancies.csv,Full-time,Mid-Senior level,False
"Lead Software Engineer, Front End",Capital One,"New York, NY", - ,linkedin_kaggle,2026-05-09 18:56:51,linkedin_ds_it_vacancies.csv,Full-time,Mid-Senior level,False
"Senior Software Engineer, Full Stack (Spring Boot, JavaScript, AWS)",Capital One,"Philadelphia, PA", - ,linkedin_kaggle,2026-05-09 18:56:51,linkedin_ds_it_vacancies.csv,Full-time,Mid-Senior level,False
Sr. Analyst of Fraud and Compliance Analytics,Ally,"Detroit, MI", - ,linkedin_kaggle,2026-05-09 18:56:51,linkedin_ds_it_vacancies.csv,Full-time,Mid-Senior level,False
Director of Portfolio Analytics - CAT Modeling (#54997),DW Simpson Global Actuarial & Analytics Recruitment,"Chicago, IL", - ,linkedin_kaggle,2026-05-09 18:56:51,linkedin_ds_it_vacancies.csv,Full-time,Mid-Senior level,False
Senior Lead Software Engineer - Full Stack,Capital One,"Richmond, VA", - ,linkedin_kaggle,2026-05-09 18:56:51,linkedin_ds_it_vacancies.csv,Full-time,Mid-Senior level,False
Business Intelligence Analyst I,Principal Financial Group,"Des Moines, IA",51000.0 - 121200.0,linkedin_kaggle,2026-05-09 18:56:51,linkedin_ds_it_vacancies.csv,Full-time,Mid-Senior level,True
"VP, Market Risk Analytics Manager","Madison-Davis, LLC",Greater Chicago Area,150000.0 - 170000.0,linkedin_kaggle,2026-05-09 18:56:51,linkedin_ds_it_vacancies.csv,Full-time,Mid-Senior level,False
Software Engineer I,SMS group USA,"Pittsburgh, PA", - ,linkedin_kaggle,2026-05-09 18:56:51,linkedin_ds_it_vacancies.csv,Internship,Entry level,False
Data Scientist,Adobe,"San Jose, CA",107900.0 - 192300.0,linkedin_kaggle,2026-05-09 18:56:51,linkedin_ds_it_vacancies.csv,Full-time,Entry level,False
Data Engineer,Dropbox,United States, - ,linkedin_kaggle,2026-05-09 18:56:51,linkedin_ds_it_vacancies.csv,Full-time,,True
Business Intelligence Analyst,Copyright Clearance Center (CCC),United States,85000.0 - 110000.0,linkedin_kaggle,2026-05-09 18:56:51,linkedin_ds_it_vacancies.csv,Full-time,Associate,True
Software Engineer II,Swisslog,"Cincinnati, OH", - ,linkedin_kaggle,2026-05-09 18:56:51,linkedin_ds_it_vacancies.csv,Full-time,Entry level,False
Software Engineer - Fraud,FanDuel,"Atlanta, GA", - ,linkedin_kaggle,2026-05-09 18:56:51,linkedin_ds_it_vacancies.csv,Full-time,Entry level,False
Junior AI/ML Engineer- 1939207,AMS Staffing Inc.,United States,100000.0 - 108000.0,linkedin_kaggle,2026-05-09 18:56:51,linkedin_ds_it_vacancies.csv,Full-time,Mid-Senior level,True
Data Analyst 1,Aditi Consulting,"Plano, TX", - ,linkedin_kaggle,2026-05-09 18:56:51,linkedin_ds_it_vacancies.csv,Full-time,Mid-Senior level,False
"Sales Analytics & Strategy, Sr. Manager",SpotOn,"Chicago, IL", - ,linkedin_kaggle,2026-05-09 18:56:51,linkedin_ds_it_vacancies.csv,Full-time,Mid-Senior level,True
Senior Software Engineer - SpotOn Payments (Go/React),SpotOn,"Austin, TX",145000.0 - 190000.0,linkedin_kaggle,2026-05-09 18:56:51,linkedin_ds_it_vacancies.csv,Full-time,Mid-Senior level,True
"Full Stack Software Engineer Intern, Developer Infrastructure- Offcycle",ByteDance,"San Jose, CA",45.0 - 45.0,linkedin_kaggle,2026-05-09 18:56:51,linkedin_ds_it_vacancies.csv,Internship,Entry level,False
"Data Analyst, Marketing",Crum & Forster,"Glastonbury, CT",68000.0 - 113300.0,linkedin_kaggle,2026-05-09 18:56:51,linkedin_ds_it_vacancies.csv,Full-time,Entry level,False
"Data Analyst, Operations",Crum & Forster,"Glastonbury, CT",68000.0 - 113300.0,linkedin_kaggle,2026-05-09 18:56:51,linkedin_ds_it_vacancies.csv,Full-time,Entry level,False
Data Analyst - Office of Institutional Research & Analysis,Washington University in St. Louis,"St Louis, MO",64700.0 - 110500.0,linkedin_kaggle,2026-05-09 18:56:51,linkedin_ds_it_vacancies.csv,Full-time,Entry level,False
Software Engineer,"Comscore, Inc.",United States, - ,linkedin_kaggle,2026-05-09 18:56:51,linkedin_ds_it_vacancies.csv,Full-time,,True
Data Scientist,Sumeru Inc,United States, - ,linkedin_kaggle,2026-05-09 18:56:51,linkedin_ds_it_vacancies.csv,Contract,,True
ACH Data Analyst,Global Payments Inc.,"Oklahoma City, OK", - ,linkedin_kaggle,2026-05-09 18:56:51,linkedin_ds_it_vacancies.csv,Full-time,Entry level,True
"Software Engineer, Data Engine",Fullstory,United States, - ,linkedin_kaggle,2026-05-09 18:56:51,linkedin_ds_it_vacancies.csv,Full-time,,True
Data Scientist I,Seattle Children's,"Washington, United States", - ,linkedin_kaggle,2026-05-09 18:56:51,linkedin_ds_it_vacancies.csv,Full-time,Entry level,False
Software Engineering Manager,Teradyne,"North Reading, MA", - ,linkedin_kaggle,2026-05-09 18:56:51,linkedin_ds_it_vacancies.csv,Full-time,Mid-Senior level,False
"Senior Data Scientist, Research",Google,"San Bruno, CA",150000.0 - 223000.0,linkedin_kaggle,2026-05-09 18:56:51,linkedin_ds_it_vacancies.csv,Full-time,Mid-Senior level,False
Data Scientist,BizCoder AI,United States, - ,linkedin_kaggle,2026-05-09 18:56:51,linkedin_ds_it_vacancies.csv,Full-time,,True
"Manager, Analytics & Insights",Phreesia,United States, - ,linkedin_kaggle,2026-05-09 18:56:51,linkedin_ds_it_vacancies.csv,Full-time,Mid-Senior level,True
"Software Engineer III, Platforms Infrastructure Engineering",Google,"Sunnyvale, CA",136000.0 - 200000.0,linkedin_kaggle,2026-05-09 18:56:51,linkedin_ds_it_vacancies.csv,Full-time,,False
Director of Product Strategy &amp; Analytics,INSPYR Solutions,"Atlanta, GA",180000.0 - 200000.0,linkedin_kaggle,2026-05-09 18:56:51,linkedin_ds_it_vacancies.csv,Full-time,Director,False
"Senior Software Engineer, Embedded Systems/Firmware, Pixel",Google,"Mountain View, CA",161000.0 - 239000.0,linkedin_kaggle,2026-05-09 18:56:51,linkedin_ds_it_vacancies.csv,Full-time,Mid-Senior level,False
"Senior Software Engineer, Infrastructure, Google Cloud Data Management",Google,"Kirkland, WA",161000.0 - 239000.0,linkedin_kaggle,2026-05-09 18:56:51,linkedin_ds_it_vacancies.csv,Full-time,Mid-Senior level,False
"Software Engineer III, Infrastructure, Google Cloud Platforms",Google,"Seattle, WA",136000.0 - 200000.0,linkedin_kaggle,2026-05-09 18:56:51,linkedin_ds_it_vacancies.csv,Full-time,,False
Senior ML Engineer,Notable,"San Mateo, CA", - ,linkedin_kaggle,2026-05-09 18:56:51,linkedin_ds_it_vacancies.csv,Full-time,Mid-Senior level,True
"Senior Software Engineer, Google Ads",Google,"New York, NY",161000.0 - 239000.0,linkedin_kaggle,2026-05-09 18:56:51,linkedin_ds_it_vacancies.csv,Full-time,Mid-Senior level,False
"Senior Product Manager, Machine Learning Frameworks, Google Cloud",Google,"Mountain View, CA",168000.0 - 252000.0,linkedin_kaggle,2026-05-09 18:56:51,linkedin_ds_it_vacancies.csv,Full-time,Mid-Senior level,False
Software Engineer Lead,MUFG,"Tampa, FL",146000.0 - 165000.0,linkedin_kaggle,2026-05-09 18:56:51,linkedin_ds_it_vacancies.csv,Full-time,Mid-Senior level,False
Data Analyst (AVP Position),MUFG,"Tampa, FL",100000.0 - 125000.0,linkedin_kaggle,2026-05-09 18:56:51,linkedin_ds_it_vacancies.csv,Full-time,Entry level,False
"Senior Staff Software Engineer, Workload Identity Management",Google,"Sunnyvale, CA",237000.0 - 337000.0,linkedin_kaggle,2026-05-09 18:56:51,linkedin_ds_it_vacancies.csv,Full-time,Mid-Senior level,False
"Software Engineering Manager, Machine Learning, Large Language Models",Google,"Mountain View, CA",189000.0 - 284000.0,linkedin_kaggle,2026-05-09 18:56:51,linkedin_ds_it_vacancies.csv,Full-time,,False
Backend Software Engineer - Infrastructure,Palantir Technologies,"California, United States",125000.0 - 200000.0,linkedin_kaggle,2026-05-09 18:56:51,linkedin_ds_it_vacancies.csv,Full-time,,True
Data Scientist,RTeams,United States, - ,linkedin_kaggle,2026-05-09 18:56:51,linkedin_ds_it_vacancies.csv,Full-time,,True
"Business Intelligence Engineer, ACES Analytics",Amazon,"Bellevue, WA", - ,linkedin_kaggle,2026-05-09 18:56:51,linkedin_ds_it_vacancies.csv,Full-time,,False
"Senior Business Intelligence Engineer, ML-Horizon",Amazon,"Dallas, TX", - ,linkedin_kaggle,2026-05-09 18:56:51,linkedin_ds_it_vacancies.csv,Full-time,Mid-Senior level,False
NGTS VTTC Software Engineer Developer Jr. - 18702,"Mission Technologies, a division of HII","Nellis AFB, NV", - ,linkedin_kaggle,2026-05-09 18:56:51,linkedin_ds_it_vacancies.csv,Full-time,Mid-Senior level,False
Software Engineer,Vive Financial,"Fayetteville, AR", - ,linkedin_kaggle,2026-05-09 18:56:51,linkedin_ds_it_vacancies.csv,Full-time,Entry level,True
Senior Machine Learning Engineer,ChabezTech LLC,"California, United States", - ,linkedin_kaggle,2026-05-09 18:56:51,linkedin_ds_it_vacancies.csv,Contract,Mid-Senior level,False
Business Data Analyst,Infogain,"Springdale, AR",40.0 - 45.0,linkedin_kaggle,2026-05-09 18:56:51,linkedin_ds_it_vacancies.csv,Contract,Entry level,False
Senior Software Engineer,Barrington James,United States,50.0 - 100.0,linkedin_kaggle,2026-05-09 18:56:51,linkedin_ds_it_vacancies.csv,Contract,Mid-Senior level,True
Data Analyst/Workstation Support,Revolution Technologies,"Columbia, SC", - ,linkedin_kaggle,2026-05-09 18:56:51,linkedin_ds_it_vacancies.csv,Full-time,Associate,False
Senior Data Engineer,NeerInfo Solutions,United States, - ,linkedin_kaggle,2026-05-09 18:56:51,linkedin_ds_it_vacancies.csv,Contract,Mid-Senior level,True
Data Analyst,AbbVie,"Mettawa, IL", - ,linkedin_kaggle,2026-05-09 18:56:51,linkedin_ds_it_vacancies.csv,Full-time,Entry level,False
Software Engineer,Campbell,"Baltimore, MD", - ,linkedin_kaggle,2026-05-09 18:56:51,linkedin_ds_it_vacancies.csv,Full-time,,False
Senior Software Engineer,Nyla Technology Solutions,"Hanscom Air Force Base, MA", - ,linkedin_kaggle,2026-05-09 18:56:51,linkedin_ds_it_vacancies.csv,Full-time,Mid-Senior level,False
AI - Machine Learning Architect with Azure ,Mindlance,Washington DC-Baltimore Area,80.0 - 90.0,linkedin_kaggle,2026-05-09 18:56:51,linkedin_ds_it_vacancies.csv,Contract,Mid-Senior level,False
Senior Data Scientist ,BioMADE,"Emeryville, CA",130000.0 - 180000.0,linkedin_kaggle,2026-05-09 18:56:51,linkedin_ds_it_vacancies.csv,Full-time,Mid-Senior level,False
Business Data Analyst,Rose International,"San Diego, CA",55.0 - 65.0,linkedin_kaggle,2026-05-09 18:56:51,linkedin_ds_it_vacancies.csv,Temporary,Mid-Senior level,False
Principal Software Engineer,AT&T,"Dallas, TX",160000.0 - 254300.0,linkedin_kaggle,2026-05-09 18:56:51,linkedin_ds_it_vacancies.csv,Full-time,,False
Senior Business Intelligence Analyst,PDI Technologies,United States, - ,linkedin_kaggle,2026-05-09 18:56:51,linkedin_ds_it_vacancies.csv,Full-time,Mid-Senior level,True
Professional Software Engineer,AT&T,"Atlanta, GA",130000.0 - 210100.0,linkedin_kaggle,2026-05-09 18:56:51,linkedin_ds_it_vacancies.csv,Full-time,,False
Principal Software Engineer,Lighthouse,United States,155000.0 - 175000.0,linkedin_kaggle,2026-05-09 18:56:51,linkedin_ds_it_vacancies.csv,Full-time,Mid-Senior level,True
High Frequency Trading | Senior Software Engineer,Selby Jennings,"Austin, TX",300000.0 - 487000.0,linkedin_kaggle,2026-05-09 18:56:51,linkedin_ds_it_vacancies.csv,Full-time,Mid-Senior level,False
Senior Software Engineer,SS&C Technologies,"Waltham, MA", - ,linkedin_kaggle,2026-05-09 18:56:51,linkedin_ds_it_vacancies.csv,Full-time,Mid-Senior level,False
Professional- Big Data Software Engineer,AT&T,"Middletown, NJ",132000.0 - 196100.0,linkedin_kaggle,2026-05-09 18:56:51,linkedin_ds_it_vacancies.csv,Full-time,,False
Senior Data Analyst,AT&T,"Dallas, TX",140000.0 - 190900.0,linkedin_kaggle,2026-05-09 18:56:51,linkedin_ds_it_vacancies.csv,Full-time,,False
LLM Data Scientist,SS&C Technologies,"Boston, MA", - ,linkedin_kaggle,2026-05-09 18:56:51,linkedin_ds_it_vacancies.csv,Full-time,Entry level,False
Pricing Analytics Manager,Uline,"Milwaukee, WI", - ,linkedin_kaggle,2026-05-09 18:56:51,linkedin_ds_it_vacancies.csv,Full-time,,False
Software Engineer - Ada,Actalent,"San Jose, CA", - ,linkedin_kaggle,2026-05-09 18:56:51,linkedin_ds_it_vacancies.csv,Full-time,Entry level,True
Online Data Analyst,TELUS International,"Bennington, VT", - ,linkedin_kaggle,2026-05-09 18:56:51,linkedin_ds_it_vacancies.csv,Part-time,Entry level,True
Multi-Strat Hedge Fund | Senior Software Engineer,Selby Jennings,"New York, NY",500000.0 - 800000.0,linkedin_kaggle,2026-05-09 18:56:51,linkedin_ds_it_vacancies.csv,Full-time,Mid-Senior level,False
Master Data Analyst,GlobalSource IT,Greater Minneapolis-St. Paul Area, - ,linkedin_kaggle,2026-05-09 18:56:51,linkedin_ds_it_vacancies.csv,Contract,Associate,False
Data Analyst with Security Clearance,ClearanceJobs,"Quantico, VA", - ,linkedin_kaggle,2026-05-09 18:56:51,linkedin_ds_it_vacancies.csv,Full-time,Entry level,False
HFT Trading Firm | Senior Software Engineer,Selby Jennings,Greater Chicago Area,300000.0 - 487000.0,linkedin_kaggle,2026-05-09 18:56:51,linkedin_ds_it_vacancies.csv,Full-time,Mid-Senior level,False
Senior Software Engineer,Tata Technologies,"Auburn Hills, MI", - ,linkedin_kaggle,2026-05-09 18:56:51,linkedin_ds_it_vacancies.csv,Full-time,Mid-Senior level,False
Software Engineer in Test,Vallum Associates,"Atlanta, GA", - ,linkedin_kaggle,2026-05-09 18:56:51,linkedin_ds_it_vacancies.csv,Contract,Mid-Senior level,False
Senior Software Engineer (Site Reliability Engineer),Alarm.com,"Boston, MA", - ,linkedin_kaggle,2026-05-09 18:56:51,linkedin_ds_it_vacancies.csv,Full-time,Mid-Senior level,False
Embedded Software Engineer (Middleware),Actalent,"Seattle, WA",75.0 - 85.0,linkedin_kaggle,2026-05-09 18:56:51,linkedin_ds_it_vacancies.csv,Contract,Entry level,True
Manager of Inventory Accounting & Analytics,W.B. Mason Company Inc.,"Brockton, MA", - ,linkedin_kaggle,2026-05-09 18:56:51,linkedin_ds_it_vacancies.csv,Full-time,Mid-Senior level,False
Data Engineer,Compunnel Inc.,"Merrimack County, NH", - ,linkedin_kaggle,2026-05-09 18:56:51,linkedin_ds_it_vacancies.csv,Contract,Mid-Senior level,False
DevOps Software Engineer with Security Clearance,ClearanceJobs,"Annapolis Junction, MD", - ,linkedin_kaggle,2026-05-09 18:56:51,linkedin_ds_it_vacancies.csv,Full-time,Entry level,False
"Data Engineer, Senior with Security Clearance",ClearanceJobs,"Fort Belvoir, VA",84600.0 - 193000.0,linkedin_kaggle,2026-05-09 18:56:51,linkedin_ds_it_vacancies.csv,Part-time,Mid-Senior level,False
Sr Principal Cyber Software Engineer (EC),Dice,"Annapolis Junction, MD", - ,linkedin_kaggle,2026-05-09 18:56:51,linkedin_ds_it_vacancies.csv,Full-time,Mid-Senior level,False
Data Engineer General,Apex Systems,"Dearborn, MI", - ,linkedin_kaggle,2026-05-09 18:56:51,linkedin_ds_it_vacancies.csv,Full-time,Mid-Senior level,False
Sr Data Engineer,Apex Systems,"San Antonio, TX", - ,linkedin_kaggle,2026-05-09 18:56:51,linkedin_ds_it_vacancies.csv,Full-time,Mid-Senior level,False
"Senior Software Engineer, Machine Learning",ICE,"Atlanta, GA", - ,linkedin_kaggle,2026-05-09 18:56:51,linkedin_ds_it_vacancies.csv,Full-time,,False
Senior Software Engineer,Apex Systems,"Omaha, NE", - ,linkedin_kaggle,2026-05-09 18:56:51,linkedin_ds_it_vacancies.csv,Full-time,Mid-Senior level,True
BI Analyst,Dice,United States, - ,linkedin_kaggle,2026-05-09 18:56:51,linkedin_ds_it_vacancies.csv,Full-time,Mid-Senior level,True
Python Developer with AWS,Dice,"Plano, TX", - ,linkedin_kaggle,2026-05-09 18:56:51,linkedin_ds_it_vacancies.csv,Full-time,Entry level,False
Northrop Grumman (DoD SkillBridge) - Cyber Software Engineer - Cincinnati OH,Dice,"Cincinnati, OH", - ,linkedin_kaggle,2026-05-09 18:56:51,linkedin_ds_it_vacancies.csv,Full-time,,False
Junior Data Analytics Engineer,ICE,"Atlanta, GA", - ,linkedin_kaggle,2026-05-09 18:56:51,linkedin_ds_it_vacancies.csv,Full-time,,False
Senior Software Engineer / C# and .NET / South Jersey,Motion Recruitment,"Burlington, NJ", - ,linkedin_kaggle,2026-05-09 18:56:51,linkedin_ds_it_vacancies.csv,Full-time,Mid-Senior level,False
"Senior Staff Machine Learning Engineer, Applied Science",Dice,"San Francisco, CA", - ,linkedin_kaggle,2026-05-09 18:56:51,linkedin_ds_it_vacancies.csv,Full-time,Mid-Senior level,True
Senior Data Engineer,Dice,"Boston, MA", - ,linkedin_kaggle,2026-05-09 18:56:51,linkedin_ds_it_vacancies.csv,Full-time,Mid-Senior level,False
Software Engineer .NET (Banking),Dice,"New York, NY", - ,linkedin_kaggle,2026-05-09 18:56:51,linkedin_ds_it_vacancies.csv,Full-time,Entry level,False
"REMOTE / Senior Software Engineer / C#, .NET, Vue.JS",Motion Recruitment,"Oklahoma City, OK", - ,linkedin_kaggle,2026-05-09 18:56:51,linkedin_ds_it_vacancies.csv,Full-time,Mid-Senior level,True
"Android Software Engineer, Core and Monetization",Dice,"San Francisco, CA", - ,linkedin_kaggle,2026-05-09 18:56:51,linkedin_ds_it_vacancies.csv,Full-time,Entry level,True
"SRE / Software Engineer (Kubernetes, AWS)",Dice,United States, - ,linkedin_kaggle,2026-05-09 18:56:51,linkedin_ds_it_vacancies.csv,Full-time,Entry level,True
"Job Opening for ""Technical Lead- Data Engineering"" #Fulltime Role# Boston, MA Local Candidates Only",Dice,"Boston, MA", - ,linkedin_kaggle,2026-05-09 18:56:51,linkedin_ds_it_vacancies.csv,Full-time,Entry level,False
"Manager, Data Analytics",Sightline Payments,United States,140000.0 - 160000.0,linkedin_kaggle,2026-05-09 18:56:51,linkedin_ds_it_vacancies.csv,Full-time,Mid-Senior level,True
Senior Software Engineer,Dice,"Austin, TX",93400.0 - 149200.0,linkedin_kaggle,2026-05-09 18:56:51,linkedin_ds_it_vacancies.csv,Full-time,Mid-Senior level,False
"Staff Data Scientist, Ecosystem",Dice,"San Francisco, CA", - ,linkedin_kaggle,2026-05-09 18:56:51,linkedin_ds_it_vacancies.csv,Full-time,Entry level,False
Cloud Software Engineer,Dice,United States, - ,linkedin_kaggle,2026-05-09 18:56:51,linkedin_ds_it_vacancies.csv,Full-time,Entry level,True
Principal Software Engineer (Springboot / Fintech),Dice,"Matthews, NC",135000.0 - 205000.0,linkedin_kaggle,2026-05-09 18:56:51,linkedin_ds_it_vacancies.csv,Full-time,Mid-Senior level,False
Sr. Software Engineer,"KBR, Inc.","San Diego, CA",95950.0 - 143925.0,linkedin_kaggle,2026-05-09 18:56:51,linkedin_ds_it_vacancies.csv,Full-time,Mid-Senior level,False
Principal Software Engineer - Front End Developer,Dice,"Jersey City, NJ", - ,linkedin_kaggle,2026-05-09 18:56:51,linkedin_ds_it_vacancies.csv,Full-time,Mid-Senior level,False
Junior Full-Stack Software Engineer,"KBR, Inc.","Colorado Springs, CO",85155.0 - 127680.0,linkedin_kaggle,2026-05-09 18:56:51,linkedin_ds_it_vacancies.csv,Full-time,Entry level,False
Backend Java Senior Software Engineer Developer,Dice,"Boston, MA",69.0 - 70.0,linkedin_kaggle,2026-05-09 18:56:51,linkedin_ds_it_vacancies.csv,Full-time,Mid-Senior level,False
Java Software Engineer,Talent Groups,"Austin, TX", - ,linkedin_kaggle,2026-05-09 18:56:51,linkedin_ds_it_vacancies.csv,Full-time,Mid-Senior level,False
Property & Casualty Insurance - Senior Data Analyst,Verisk,"Jersey City, NJ", - ,linkedin_kaggle,2026-05-09 18:56:51,linkedin_ds_it_vacancies.csv,Full-time,Mid-Senior level,False
Senior Software Engineer / C# and .NET / Trading,Motion Recruitment,"Tampa, FL", - ,linkedin_kaggle,2026-05-09 18:56:51,linkedin_ds_it_vacancies.csv,Full-time,Mid-Senior level,True
Cross Asset Market Data Analyst,ICE,"Atlanta, GA", - ,linkedin_kaggle,2026-05-09 18:56:51,linkedin_ds_it_vacancies.csv,Full-time,,False
"Part-Time Faculty - MBA Program: Marketing, Management, Supply Chain and Data Analytics",Colorado State University Global,"Aurora, CO",32.0 - 37.0,linkedin_kaggle,2026-05-09 18:56:51,linkedin_ds_it_vacancies.csv,Part-time,,True
Staff Software Engineer - AI Security,Lakera,San Francisco Bay Area, - ,linkedin_kaggle,2026-05-09 18:56:51,linkedin_ds_it_vacancies.csv,Full-time,,False
Support Data Engineer,Motion Recruitment,"Tampa, FL", - ,linkedin_kaggle,2026-05-09 18:56:51,linkedin_ds_it_vacancies.csv,Contract,Mid-Senior level,False
Data Engineer,Denver Corporate Search | DCS,United States,100000.0 - 150000.0,linkedin_kaggle,2026-05-09 18:56:51,linkedin_ds_it_vacancies.csv,Contract,Mid-Senior level,True
Staff Data Engineer - People & Finance Tech (Remote),GEICO,"Chevy Chase, MD",110000.0 - 236500.0,linkedin_kaggle,2026-05-09 18:56:51,linkedin_ds_it_vacancies.csv,Full-time,Mid-Senior level,True
Business Data Analyst - Loans Transformation,Motion Recruitment,"New York, NY", - ,linkedin_kaggle,2026-05-09 18:56:51,linkedin_ds_it_vacancies.csv,Contract,Mid-Senior level,False
Senior Software Engineer,Connect-IT ,Greater Seattle Area, - ,linkedin_kaggle,2026-05-09 18:56:51,linkedin_ds_it_vacancies.csv,Full-time,Mid-Senior level,False
Software Engineer,Vuesol Technologies Inc,United States, - ,linkedin_kaggle,2026-05-09 18:56:51,linkedin_ds_it_vacancies.csv,Contract,Mid-Senior level,True
"Sr. Engineer, Software Engineer (ERisk Services - Flanders, NJ)",Nationwide,"New Jersey, United States", - ,linkedin_kaggle,2026-05-09 18:56:51,linkedin_ds_it_vacancies.csv,Full-time,Mid-Senior level,True
Validation Software Engineer - DDR5 Memory Systems,"Montage Technology, Inc","Johns Creek, GA",115000.0 - 180000.0,linkedin_kaggle,2026-05-09 18:56:51,linkedin_ds_it_vacancies.csv,Full-time,Mid-Senior level,False
Software Engineer,Robert Half,"Dublin, OH",40.0 - 42.0,linkedin_kaggle,2026-05-09 18:56:51,linkedin_ds_it_vacancies.csv,Contract,Entry level,False
SQL Developer,VALERE,Greater Minneapolis-St. Paul Area, - ,linkedin_kaggle,2026-05-09 18:56:51,linkedin_ds_it_vacancies.csv,Full-time,Mid-Senior level,False
Data Analyst/Project Manager,Mitchell Martin Inc.,"New York, United States", - ,linkedin_kaggle,2026-05-09 18:56:51,linkedin_ds_it_vacancies.csv,Contract,Mid-Senior level,False
Data Scientist I,Cotiviti,United States,93000.0 - 109000.0,linkedin_kaggle,2026-05-09 18:56:51,linkedin_ds_it_vacancies.csv,Full-time,Mid-Senior level,True
Senior Software Engineer,Robert Half,"San Jose, CA",68.0 - 71.0,linkedin_kaggle,2026-05-09 18:56:51,linkedin_ds_it_vacancies.csv,Contract,Mid-Senior level,False
Software Engineer,Ehub Global Inc,"Bedford, NH", - ,linkedin_kaggle,2026-05-09 18:56:51,linkedin_ds_it_vacancies.csv,Contract,Mid-Senior level,False
"Senior Software Engineer, Applications - HYBRID",BioSpace,"Hayward, CA", - ,linkedin_kaggle,2026-05-09 18:56:51,linkedin_ds_it_vacancies.csv,Full-time,Mid-Senior level,False
Data Analyst,Matrix Finance and Accounting,"Bellevue, WA",45.0 - 55.0,linkedin_kaggle,2026-05-09 18:56:51,linkedin_ds_it_vacancies.csv,Contract,Mid-Senior level,False
C# SQL Developer,Tech Mahindra,"Redmond, WA", - ,linkedin_kaggle,2026-05-09 18:56:51,linkedin_ds_it_vacancies.csv,Full-time,Mid-Senior level,False
"Senior Software Engineer, Test #3748",BioSpace,"Raleigh, NC", - ,linkedin_kaggle,2026-05-09 18:56:51,linkedin_ds_it_vacancies.csv,Full-time,Mid-Senior level,False
Senior Software Engineer - Data Platforms (US),Curinos,"New York, NY",110000.0 - 140000.0,linkedin_kaggle,2026-05-09 18:56:51,linkedin_ds_it_vacancies.csv,Full-time,Mid-Senior level,False
Tech Lead Software Engineer - TikTok LIVE,TikTok,"San Jose, CA",224000.0 - 410000.0,linkedin_kaggle,2026-05-09 18:56:51,linkedin_ds_it_vacancies.csv,Full-time,,False
Data Analyst,Altum Solutions,"Columbia, South Carolina Metropolitan Area", - ,linkedin_kaggle,2026-05-09 18:56:51,linkedin_ds_it_vacancies.csv,Contract,Mid-Senior level,False
Software Engineer in Test,Appzlogic ,United States, - ,linkedin_kaggle,2026-05-09 18:56:51,linkedin_ds_it_vacancies.csv,Full-time,Mid-Senior level,True
Lead Data Engineer,MS TECH PARTNERS,"Richardson, TX", - ,linkedin_kaggle,2026-05-09 18:56:51,linkedin_ds_it_vacancies.csv,Contract,,False
Engagement Manager - Analytics (Onsite),Cognizant,"Thousand Oaks, CA",130000.0 - 140000.0,linkedin_kaggle,2026-05-09 18:56:51,linkedin_ds_it_vacancies.csv,Full-time,Mid-Senior level,False
Data Scientist,Skywalk Global,"Des Moines, IA", - ,linkedin_kaggle,2026-05-09 18:56:51,linkedin_ds_it_vacancies.csv,Contract,Mid-Senior level,True
"Python Developer (Python 3.0 or above, Django, Flask, Angular/React/Vue/JavaScript, Python Libraries (Panda/NumPy/Sci-kit), SQL and PL/SQL)","Pyramid Consulting, Inc","Charlotte, NC",90000.0 - 130000.0,linkedin_kaggle,2026-05-09 18:56:51,linkedin_ds_it_vacancies.csv,Full-time,,False
"Hadoop Developer (Hadoop, Hive, HBase, RDBMS, SQL, ETL, Data Analytics, Data Mapping, Data Mining, SQL)","Pyramid Consulting, Inc","Charlotte, NC",90000.0 - 130000.0,linkedin_kaggle,2026-05-09 18:56:51,linkedin_ds_it_vacancies.csv,Full-time,,False
Business Intelligence Engineer,Affinity Search Partners,Nashville Metropolitan Area, - ,linkedin_kaggle,2026-05-09 18:56:51,linkedin_ds_it_vacancies.csv,Full-time,Associate,False
Data Scientists,Libsys Inc,United States, - ,linkedin_kaggle,2026-05-09 18:56:51,linkedin_ds_it_vacancies.csv,Contract,,True
Executive Director of Advanced Analytics (Clinical Technology),Fortrea,"Durham, NC",160000.0 - 280000.0,linkedin_kaggle,2026-05-09 18:56:51,linkedin_ds_it_vacancies.csv,Full-time,Director,False
Embedded Software Engineer,Info Way Solutions,"Raleigh, NC",60.0 - 75.0,linkedin_kaggle,2026-05-09 18:56:51,linkedin_ds_it_vacancies.csv,Contract,Mid-Senior level,False
Vice President of Software Engineering,"Spinnaker Search Group, LLC",Greater Philadelphia,220000.0 - 240000.0,linkedin_kaggle,2026-05-09 18:56:51,linkedin_ds_it_vacancies.csv,Full-time,Executive,False
Data Scientist Intern (Monetization Product and Technology-Strategy and Data Science-Global Data Science-Performance Ads ) - 2024 Off-Cycle (BS/MS),TikTok,"San Jose, CA",45.0 - 45.0,linkedin_kaggle,2026-05-09 18:56:51,linkedin_ds_it_vacancies.csv,Full-time,,False
Data Analyst,Cornerstone Building Brands,"Kearney, MO",85000.0 - 95000.0,linkedin_kaggle,2026-05-09 18:56:51,linkedin_ds_it_vacancies.csv,Full-time,Associate,True
"Machine Learning Engineer, Search Ads - USDS",TikTok,"Seattle, WA",119000.0 - 168150.0,linkedin_kaggle,2026-05-09 18:56:51,linkedin_ds_it_vacancies.csv,Full-time,,False
Software Engineering Manager,Knack,United States, - ,linkedin_kaggle,2026-05-09 18:56:51,linkedin_ds_it_vacancies.csv,Full-time,,True
Data Analyst,Amtex Systems Inc.,"Juno Beach, FL", - ,linkedin_kaggle,2026-05-09 18:56:51,linkedin_ds_it_vacancies.csv,Full-time,Mid-Senior level,False
Software Engineer,Rangam,United States,60.0 - 62.0,linkedin_kaggle,2026-05-09 18:56:51,linkedin_ds_it_vacancies.csv,Contract,Mid-Senior level,True
Senior Research Data Analyst-DBH,State of Missouri,"Jefferson City, MO", - ,linkedin_kaggle,2026-05-09 18:56:51,linkedin_ds_it_vacancies.csv,Full-time,Mid-Senior level,False
Motorsports Junior Software Engineer,General Motors,"Concord, NC", - ,linkedin_kaggle,2026-05-09 18:56:51,linkedin_ds_it_vacancies.csv,Full-time,,False
"Principal Software Engineer, Python",Pinnacle,"Pasadena, TX", - ,linkedin_kaggle,2026-05-09 18:56:51,linkedin_ds_it_vacancies.csv,Full-time,Mid-Senior level,False
Data Scientist I (Incrementality Measurement Analytics),Expedia Group,"Seattle, WA",86000.0 - 137500.0,linkedin_kaggle,2026-05-09 18:56:51,linkedin_ds_it_vacancies.csv,Full-time,Entry level,False
Sr. Staff Data Scientist,Blue Yonder,"Dallas, TX",150385.0 - 189615.0,linkedin_kaggle,2026-05-09 18:56:51,linkedin_ds_it_vacancies.csv,Full-time,,False
"Associate Director, Analytics & Insights ",SOLVE(D) | An IPG Health Company,"New York, United States",126000.0 - 170000.0,linkedin_kaggle,2026-05-09 18:56:51,linkedin_ds_it_vacancies.csv,Full-time,Mid-Senior level,False
KYC Data Analytics,Mizuho,"Jersey City, NJ",74000.0 - 125000.0,linkedin_kaggle,2026-05-09 18:56:51,linkedin_ds_it_vacancies.csv,Full-time,Entry level,False
Data Engineer,TechTriad,"Newark, NJ", - ,linkedin_kaggle,2026-05-09 18:56:51,linkedin_ds_it_vacancies.csv,Full-time,,False
"Senior Machine Learning Scientist, Marketing",Expedia Group,"Seattle, WA",173000.0 - 277000.0,linkedin_kaggle,2026-05-09 18:56:51,linkedin_ds_it_vacancies.csv,Full-time,Mid-Senior level,False
Actuarial Data Scientist III,Expedia Group,"Seattle, WA",137500.0 - 220000.0,linkedin_kaggle,2026-05-09 18:56:51,linkedin_ds_it_vacancies.csv,Full-time,Entry level,False
Data Analyst - Programmer (Department of Translational Medicine and Human Genetics),University of Pennsylvania,"Philadelphia, PA",51824.0 - 73581.0,linkedin_kaggle,2026-05-09 18:56:51,linkedin_ds_it_vacancies.csv,Full-time,Entry level,False
Software Engineer - ServiceNow,M&T Bank,"Buffalo, NY",93581.1 - 155968.52,linkedin_kaggle,2026-05-09 18:56:51,linkedin_ds_it_vacancies.csv,Full-time,,False
Data Engineer (Data as a Service),Xplor Technologies,"Atlanta, GA",70000.0 - 90000.0,linkedin_kaggle,2026-05-09 18:56:51,linkedin_ds_it_vacancies.csv,Full-time,Mid-Senior level,True
R&D Lead Data Scientist,Sherwin-Williams,"Cleveland, OH",103301.0 - 133336.0,linkedin_kaggle,2026-05-09 18:56:51,linkedin_ds_it_vacancies.csv,Full-time,Mid-Senior level,True
Wealth Management-New York-Associate-Software Engineering,Goldman Sachs,"New York, NY", - ,linkedin_kaggle,2026-05-09 18:56:51,linkedin_ds_it_vacancies.csv,Full-time,Associate,False
Tableau Data Analyst - PowerBI and SharePoint,"BAE Systems, Inc.","Sterling, VA",92290.0 - 156860.0,linkedin_kaggle,2026-05-09 18:56:51,linkedin_ds_it_vacancies.csv,Part-time,Entry level,False
Wealth Management-Dallas-Associate-Software Engineering,Goldman Sachs,"Dallas, TX", - ,linkedin_kaggle,2026-05-09 18:56:51,linkedin_ds_it_vacancies.csv,Full-time,Associate,False
Sr Software Engineer,CDK Global,"Austin, TX",115000.0 - 140000.0,linkedin_kaggle,2026-05-09 18:56:51,linkedin_ds_it_vacancies.csv,Full-time,,False
Engineer Associate – Data Scientist – AI/ML Technology,"BAE Systems, Inc.","Fairborn, OH", - ,linkedin_kaggle,2026-05-09 18:56:51,linkedin_ds_it_vacancies.csv,Full-time,Entry level,False
GCP Data Engineer- Need on W2 or 1099,Naztec International Group,United States, - ,linkedin_kaggle,2026-05-09 18:56:51,linkedin_ds_it_vacancies.csv,Contract,Mid-Senior level,True
Software Engineering Tools DevOps Administrator - (cloud environments - TS/SC clearance),"BAE Systems, Inc.","Nashua, NH", - ,linkedin_kaggle,2026-05-09 18:56:51,linkedin_ds_it_vacancies.csv,Full-time,Entry level,False
Principal Software Engineer (On-Site),"BAE Systems, Inc.","Merrimack, NH", - ,linkedin_kaggle,2026-05-09 18:56:51,linkedin_ds_it_vacancies.csv,Full-time,Mid-Senior level,False
Back-End Software Engineer - GCP,Ford Motor Company,United States, - ,linkedin_kaggle,2026-05-09 18:56:51,linkedin_ds_it_vacancies.csv,Full-time,,True
"Senior Software Engineer (C#/.NET), Services",Rockstar Games,"Carlsbad, CA",121400.0 - 161800.0,linkedin_kaggle,2026-05-09 18:56:51,linkedin_ds_it_vacancies.csv,Full-time,Mid-Senior level,False
Graphics Software Engineer,Qualcomm,"San Diego, CA",97000.0 - 145000.0,linkedin_kaggle,2026-05-09 18:56:51,linkedin_ds_it_vacancies.csv,Full-time,,False
Director BI/Data Analytics,Nicklaus Children's Health System,"Miami, FL", - ,linkedin_kaggle,2026-05-09 18:56:51,linkedin_ds_it_vacancies.csv,Full-time,,False
Cloud Software Engineer,Space Dynamics Laboratory,"North Logan, UT", - ,linkedin_kaggle,2026-05-09 18:56:51,linkedin_ds_it_vacancies.csv,Full-time,Entry level,False
Analytics Engineer,Radius Group,United States,75.0 - 90.0,linkedin_kaggle,2026-05-09 18:56:51,linkedin_ds_it_vacancies.csv,Full-time,,True
Associate Data Engineer,Denodo,"New York, NY", - ,linkedin_kaggle,2026-05-09 18:56:51,linkedin_ds_it_vacancies.csv,Full-time,Mid-Senior level,False
Manager Resources and Analytics,Constellis,United States, - ,linkedin_kaggle,2026-05-09 18:56:51,linkedin_ds_it_vacancies.csv,Full-time,Mid-Senior level,False
Data Engineer - Remote,Orbit Recruitment Group ,"New York, NY",130000.0 - 180000.0,linkedin_kaggle,2026-05-09 18:56:51,linkedin_ds_it_vacancies.csv,Full-time,Mid-Senior level,True
Interactive NLP Software Engineer,Cisco,"Raleigh, NC",136300.0 - 200700.0,linkedin_kaggle,2026-05-09 18:56:51,linkedin_ds_it_vacancies.csv,Full-time,,True
Machine Learning Engineer,micro1,"Mountain View, CA", - ,linkedin_kaggle,2026-05-09 18:56:51,linkedin_ds_it_vacancies.csv,Full-time,Mid-Senior level,False
Lead Data Engineer,New York Technology Partners,"Fremont, CA", - ,linkedin_kaggle,2026-05-09 18:56:51,linkedin_ds_it_vacancies.csv,Contract,Mid-Senior level,True
Machine Learning Engineer - Remote,Orbit Recruitment Group ,"Los Angeles County, CA",150000.0 - 190000.0,linkedin_kaggle,2026-05-09 18:56:51,linkedin_ds_it_vacancies.csv,Full-time,Mid-Senior level,True
Python Developer / Software Engineer,BSL Consulting,New York City Metropolitan Area, - ,linkedin_kaggle,2026-05-09 18:56:51,linkedin_ds_it_vacancies.csv,Full-time,Mid-Senior level,False
Chemist Machine Learning,Alsym Energy,"Woburn, MA", - ,linkedin_kaggle,2026-05-09 18:56:51,linkedin_ds_it_vacancies.csv,Full-time,Mid-Senior level,False
Senior Business Intelligence Director,Confidential,"Matawan, NJ", - ,linkedin_kaggle,2026-05-09 18:56:51,linkedin_ds_it_vacancies.csv,Full-time,Director,False
100% Remote - Data Scientist - Transformers,Prodware Solutions,"Johnston, IA", - ,linkedin_kaggle,2026-05-09 18:56:51,linkedin_ds_it_vacancies.csv,Contract,Mid-Senior level,True
Azure Synapse Data Engineer,NLB Services,United States,120000.0 - 140000.0,linkedin_kaggle,2026-05-09 18:56:51,linkedin_ds_it_vacancies.csv,Full-time,,True
Qlik Sense Software Engineer,Motion Recruitment,"Pleasanton, CA", - ,linkedin_kaggle,2026-05-09 18:56:51,linkedin_ds_it_vacancies.csv,Contract,Mid-Senior level,False
Senior Software Engineer - ECM / FileNet,Rangam,"New York, United States",70.0 - 80.0,linkedin_kaggle,2026-05-09 18:56:51,linkedin_ds_it_vacancies.csv,Contract,Mid-Senior level,False
Senior Software Engineer - Backend,Telegraph,United States,140000.0 - 160000.0,linkedin_kaggle,2026-05-09 18:56:51,linkedin_ds_it_vacancies.csv,Full-time,Mid-Senior level,True
Software Engineer,Alchemy,"New York, United States", - ,linkedin_kaggle,2026-05-09 18:56:51,linkedin_ds_it_vacancies.csv,Full-time,Mid-Senior level,False
Data Scientist - Transformers - 100% Remote,Prodware Solutions,United States, - ,linkedin_kaggle,2026-05-09 18:56:51,linkedin_ds_it_vacancies.csv,Contract,Mid-Senior level,True
Data Scientist,Telegraph,United States,140000.0 - 160000.0,linkedin_kaggle,2026-05-09 18:56:51,linkedin_ds_it_vacancies.csv,Full-time,Mid-Senior level,True
Manager-Talent Acquisition Operations and Analytics,PODS,"Clearwater, FL", - ,linkedin_kaggle,2026-05-09 18:56:51,linkedin_ds_it_vacancies.csv,Full-time,Mid-Senior level,False
Data Engineer,"American Unit, Inc","Tallahassee, FL", - ,linkedin_kaggle,2026-05-09 18:56:51,linkedin_ds_it_vacancies.csv,Contract,Mid-Senior level,False
Lead Data Scientist,Hexaware Technologies,United States, - ,linkedin_kaggle,2026-05-09 18:56:51,linkedin_ds_it_vacancies.csv,Full-time,Mid-Senior level,True
Data Engineering Manager ,Diligente Technologies,United States, - ,linkedin_kaggle,2026-05-09 18:56:51,linkedin_ds_it_vacancies.csv,Full-time,Director,True
Data Scientist,University of Kentucky,"Lexington, KY",56596.0 - 93358.0,linkedin_kaggle,2026-05-09 18:56:51,linkedin_ds_it_vacancies.csv,Full-time,Mid-Senior level,False
Software Engineer,Comcentia,"Seattle, WA",40.0 - 50.0,linkedin_kaggle,2026-05-09 18:56:51,linkedin_ds_it_vacancies.csv,Full-time,Associate,True
Data Engineer,Hireblox,"Thousand Oaks, CA", - ,linkedin_kaggle,2026-05-09 18:56:51,linkedin_ds_it_vacancies.csv,Contract,,False
"VP, Private Equity Portfolio Performance Analytics",Coda Search│Staffing,"Los Angeles, CA",200000.0 - 250000.0,linkedin_kaggle,2026-05-09 18:56:51,linkedin_ds_it_vacancies.csv,Full-time,Director,False
Data Analyst,Motion Recruitment,"Audubon, PA", - ,linkedin_kaggle,2026-05-09 18:56:51,linkedin_ds_it_vacancies.csv,Contract,Entry level,True
Senior Machine Learning Engineer,Harnham,United States,180000.0 - 200000.0,linkedin_kaggle,2026-05-09 18:56:51,linkedin_ds_it_vacancies.csv,Full-time,Mid-Senior level,True
AWS Data Engineer,Cyma Systems Inc,"Boston, MA", - ,linkedin_kaggle,2026-05-09 18:56:51,linkedin_ds_it_vacancies.csv,Contract,,True
Senior Software Engineer,Incident IQ,Atlanta Metropolitan Area, - ,linkedin_kaggle,2026-05-09 18:56:51,linkedin_ds_it_vacancies.csv,Full-time,Mid-Senior level,False
Business Intelligence Developer,Canopus IT Solutions LLC,"Nashville, TN", - ,linkedin_kaggle,2026-05-09 18:56:51,linkedin_ds_it_vacancies.csv,Contract,,False
Python Developer,Digitive,Canada, - ,linkedin_kaggle,2026-05-09 18:56:51,linkedin_ds_it_vacancies.csv,Contract,Mid-Senior level,True
Data Engineer,"firstPRO, Inc","Boston, MA", - ,linkedin_kaggle,2026-05-09 18:56:51,linkedin_ds_it_vacancies.csv,Full-time,Mid-Senior level,False
Cloud Application Software Engineer,GraceMark Solutions,"Palo Alto, CA", - ,linkedin_kaggle,2026-05-09 18:56:51,linkedin_ds_it_vacancies.csv,Contract,Mid-Senior level,False
Support Data Engineer,Rose International,"Tampa, FL",60.0 - 70.0,linkedin_kaggle,2026-05-09 18:56:51,linkedin_ds_it_vacancies.csv,Temporary,Mid-Senior level,False
Senior Data Engineer,A-Line Staffing Solutions,United States,60.0 - 75.0,linkedin_kaggle,2026-05-09 18:56:51,linkedin_ds_it_vacancies.csv,Contract,Mid-Senior level,True
Lead Software Engineer,Valorem Reply,Greater Chicago Area, - ,linkedin_kaggle,2026-05-09 18:56:51,linkedin_ds_it_vacancies.csv,Full-time,Mid-Senior level,True
Python Developer,Talent Groups,"New York, United States", - ,linkedin_kaggle,2026-05-09 18:56:51,linkedin_ds_it_vacancies.csv,Full-time,Mid-Senior level,False
Business Intelligence Analyst,CCS Global Tech,"Los Angeles, CA",50.0 - 55.0,linkedin_kaggle,2026-05-09 18:56:51,linkedin_ds_it_vacancies.csv,Contract,Mid-Senior level,False
Senior Software Engineer / Python / DeFi,Crypto Recruiters,United States,165000.0 - 190000.0,linkedin_kaggle,2026-05-09 18:56:51,linkedin_ds_it_vacancies.csv,Full-time,Mid-Senior level,True
Senior Software Engineer,Magnit,"Santa Clara, CA",65.0 - 80.0,linkedin_kaggle,2026-05-09 18:56:51,linkedin_ds_it_vacancies.csv,Contract,Mid-Senior level,True
Sr. Software Engineer- COBOL,Integra Connect,United States,81559.0 - 102000.0,linkedin_kaggle,2026-05-09 18:56:51,linkedin_ds_it_vacancies.csv,Full-time,Mid-Senior level,True
"Senior Manager, E-Commerce Business Intelligence - Calvin Klein",Calvin Klein,"New York, NY",125000.0 - 155000.0,linkedin_kaggle,2026-05-09 18:56:51,linkedin_ds_it_vacancies.csv,Full-time,Mid-Senior level,False
"Business Intelligence Intern, Inventory Planning",FULLBEAUTY Brands,"New York, NY", - ,linkedin_kaggle,2026-05-09 18:56:51,linkedin_ds_it_vacancies.csv,Internship,Internship,False
Sr. Data Analyst,Beyondsoft,United States, - ,linkedin_kaggle,2026-05-09 18:56:51,linkedin_ds_it_vacancies.csv,Full-time,Mid-Senior level,True
Python Developer,Trustless Engineering Corp,United States, - ,linkedin_kaggle,2026-05-09 18:56:51,linkedin_ds_it_vacancies.csv,Contract,,True
Senior Software Engineer - Backend (US-Remote),MDpanel,United States,158000.0 - 208000.0,linkedin_kaggle,2026-05-09 18:56:51,linkedin_ds_it_vacancies.csv,Full-time,,True
Financial Analyst - Revenue Analytics (Entry Level),Solis Mammography,United States, - ,linkedin_kaggle,2026-05-09 18:56:51,linkedin_ds_it_vacancies.csv,Full-time,Entry level,True
Display Software Engineer,"Sira Consulting, an Inc 5000 company","Redmond, WA",110000.0 - 110000.0,linkedin_kaggle,2026-05-09 18:56:51,linkedin_ds_it_vacancies.csv,Full-time,Associate,False
"Infrastructure - Software Engineer, CSS - Seattle",City Storage Systems,"Seattle, WA", - ,linkedin_kaggle,2026-05-09 18:56:51,linkedin_ds_it_vacancies.csv,Full-time,Entry level,False
Loans Transformation Data Analyst,Rose International,"New York, NY",80.0 - 90.0,linkedin_kaggle,2026-05-09 18:56:51,linkedin_ds_it_vacancies.csv,Temporary,Mid-Senior level,False
Embedded Software Engineer ,Natsoft,"San Diego, CA", - ,linkedin_kaggle,2026-05-09 18:56:51,linkedin_ds_it_vacancies.csv,Full-time,Mid-Senior level,False
Data Scientist,Paragon IT Professionals,"Des Moines, IA", - ,linkedin_kaggle,2026-05-09 18:56:51,linkedin_ds_it_vacancies.csv,Contract,Mid-Senior level,True
Data Engineer,Zolon Tech Inc.,"Cupertino, CA",60.0 - 65.0,linkedin_kaggle,2026-05-09 18:56:51,linkedin_ds_it_vacancies.csv,Temporary,Associate,False
Sr. Data Scientist - Strategic Projects,Ovative Group,"New York, NY",79000.0 - 132000.0,linkedin_kaggle,2026-05-09 18:56:51,linkedin_ds_it_vacancies.csv,Full-time,Mid-Senior level,False
2024 Launch Program: Junior Software Engineer Intern,Red Ventures,"Fort Mill, SC", - ,linkedin_kaggle,2026-05-09 18:56:51,linkedin_ds_it_vacancies.csv,Internship,Mid-Senior level,False
Software Engineer,eBay,"San Jose, CA",149200.0 - 234850.0,linkedin_kaggle,2026-05-09 18:56:51,linkedin_ds_it_vacancies.csv,Full-time,Mid-Senior level,True
Senior Software Engineer - Web,AVI Foodsystems,"Warren, OH",85000.0 - 115000.0,linkedin_kaggle,2026-05-09 18:56:51,linkedin_ds_it_vacancies.csv,Full-time,Mid-Senior level,False
Data Scientist,Novo Nordisk,"Princeton, NJ", - ,linkedin_kaggle,2026-05-09 18:56:51,linkedin_ds_it_vacancies.csv,Full-time,,False
iOS Software Engineer,Fetch,"Birmingham, AL", - ,linkedin_kaggle,2026-05-09 18:56:51,linkedin_ds_it_vacancies.csv,Full-time,Entry level,False
Senior Data Scientist,ZoomInfo,United States, - ,linkedin_kaggle,2026-05-09 18:56:51,linkedin_ds_it_vacancies.csv,Full-time,Mid-Senior level,True
Sr. Staff Software Engineer (DevSecOps),The Hartford,Charlotte Metro,126160.0 - 189240.0,linkedin_kaggle,2026-05-09 18:56:51,linkedin_ds_it_vacancies.csv,Full-time,Mid-Senior level,False
Principal Software Engineer - Provisioning & Authorization,ZoomInfo,"Bethesda, MD",175000.0 - 210000.0,linkedin_kaggle,2026-05-09 18:56:51,linkedin_ds_it_vacancies.csv,Full-time,Associate,False
Senior ETL Data Engineer,100K Job Hunt,"Washington, DC", - ,linkedin_kaggle,2026-05-09 18:56:51,linkedin_ds_it_vacancies.csv,Full-time,,False
Senior Machine Learning Engineer,GeneDx,United States,153000.0 - 191300.0,linkedin_kaggle,2026-05-09 18:56:51,linkedin_ds_it_vacancies.csv,Full-time,Mid-Senior level,True
Senior Software Engineer,FiscalNote,United States, - ,linkedin_kaggle,2026-05-09 18:56:51,linkedin_ds_it_vacancies.csv,Full-time,Mid-Senior level,True
Software Engineer,A2C,"Philadelphia, PA", - ,linkedin_kaggle,2026-05-09 18:56:51,linkedin_ds_it_vacancies.csv,Contract,Associate,False
"Senior Software Engineer, Peacock, Direct-to-Consumer",Peacock,"New York, NY", - ,linkedin_kaggle,2026-05-09 18:56:51,linkedin_ds_it_vacancies.csv,Full-time,Associate,False
Java Software Engineer,TDA,"Dallas, TX", - ,linkedin_kaggle,2026-05-09 18:56:51,linkedin_ds_it_vacancies.csv,Full-time,Mid-Senior level,False
Sr. Staff Data Analyst - Marketing Analytics,Achieve,"Arizona, United States",160000.0 - 175000.0,linkedin_kaggle,2026-05-09 18:56:51,linkedin_ds_it_vacancies.csv,Full-time,Mid-Senior level,True
Analytics Engineer (L4/5) - Pricing and Forecasting,Netflix,"Los Gatos, CA",170000.0 - 720000.0,linkedin_kaggle,2026-05-09 18:56:51,linkedin_ds_it_vacancies.csv,Full-time,,False
Lead Data Engineer,NBCUniversal,"Universal City, CA",130000.0 - 170000.0,linkedin_kaggle,2026-05-09 18:56:51,linkedin_ds_it_vacancies.csv,Full-time,Mid-Senior level,False
CDE Data Engineer,NBCUniversal,"Englewood Cliffs, NJ",100000.0 - 135000.0,linkedin_kaggle,2026-05-09 18:56:51,linkedin_ds_it_vacancies.csv,Full-time,Associate,False
Director eCommerce Insights & Analytics,The Connors Group,"Mahwah, NJ", - ,linkedin_kaggle,2026-05-09 18:56:51,linkedin_ds_it_vacancies.csv,Full-time,Director,False
Analytics Developer,Stream Data Centers,United States, - ,linkedin_kaggle,2026-05-09 18:56:51,linkedin_ds_it_vacancies.csv,Full-time,Entry level,True
Software Engineer,KYYBA Inc,Detroit Metropolitan Area, - ,linkedin_kaggle,2026-05-09 18:56:51,linkedin_ds_it_vacancies.csv,Contract,,False
Lead Data Engineer,Gray Matter Analytics,United States, - ,linkedin_kaggle,2026-05-09 18:56:51,linkedin_ds_it_vacancies.csv,Full-time,Mid-Senior level,True
"Director, Video Quality Analytics",NBCUniversal,"New York, NY", - ,linkedin_kaggle,2026-05-09 18:56:51,linkedin_ds_it_vacancies.csv,Full-time,Director,False
Data Engineer III,"MedImpact Healthcare Systems, Inc.",United States, - ,linkedin_kaggle,2026-05-09 18:56:51,linkedin_ds_it_vacancies.csv,Full-time,Mid-Senior level,True
"Sr Manager, Compensation and Analytics",Universal Orlando Resort,"Orlando, FL", - ,linkedin_kaggle,2026-05-09 18:56:51,linkedin_ds_it_vacancies.csv,Full-time,Mid-Senior level,False
"Consultant, AI & Analytics",Lighthouse,United States,99000.0 - 155000.0,linkedin_kaggle,2026-05-09 18:56:51,linkedin_ds_it_vacancies.csv,Full-time,Mid-Senior level,True
Data Scientist,Brand Advance // SSP,United States, - ,linkedin_kaggle,2026-05-09 18:56:51,linkedin_ds_it_vacancies.csv,Part-time,Associate,True
Java Software Engineer,Beacon Hill Staffing Group,"Indianapolis, IN", - ,linkedin_kaggle,2026-05-09 18:56:51,linkedin_ds_it_vacancies.csv,Full-time,Entry level,False
Systems or Software Engineers - 100% Remote - (SSE.R.RIC.2),Talentify.io,United States, - ,linkedin_kaggle,2026-05-09 18:56:51,linkedin_ds_it_vacancies.csv,Full-time,Entry level,True
Software Engineer III,GitHub,United States,90700.0 - 240500.0,linkedin_kaggle,2026-05-09 18:56:51,linkedin_ds_it_vacancies.csv,Full-time,,True
"Senior Software Engineer (AI, Personalization & Progress)",WHOOP,"Boston, MA", - ,linkedin_kaggle,2026-05-09 18:56:51,linkedin_ds_it_vacancies.csv,Full-time,Mid-Senior level,False
"Sr Manager, Software Engineering",Alkami Technology,"Plano, TX", - ,linkedin_kaggle,2026-05-09 18:56:51,linkedin_ds_it_vacancies.csv,Full-time,Mid-Senior level,True
Junior Data Analyst,Coders Data,United States, - ,linkedin_kaggle,2026-05-09 18:56:51,linkedin_ds_it_vacancies.csv,Full-time,Entry level,True
"Embedded Software Engineer (Associate, Experienced Or Lead)",Boeing,"Kirtland, NM", - ,linkedin_kaggle,2026-05-09 18:56:51,linkedin_ds_it_vacancies.csv,Full-time,,False
"Principal Software Engineer, Knowledge and AI",Dataminr,United States, - ,linkedin_kaggle,2026-05-09 18:56:51,linkedin_ds_it_vacancies.csv,Full-time,Mid-Senior level,True
"Senior Data Scientist, LLM",Nuna Inc.,"San Francisco, CA",216000.0 - 249000.0,linkedin_kaggle,2026-05-09 18:56:51,linkedin_ds_it_vacancies.csv,Full-time,Mid-Senior level,False
Sr. Snowflake Azure Data Engineer,Apex Systems,"Minneapolis, MN", - ,linkedin_kaggle,2026-05-09 18:56:51,linkedin_ds_it_vacancies.csv,Full-time,Mid-Senior level,True
Applied Machine Learning Engineer (East Coast),Anomalo,United States,210000.0 - 250000.0,linkedin_kaggle,2026-05-09 18:56:51,linkedin_ds_it_vacancies.csv,Full-time,Entry level,True
Senior Full Stack Software Engineer,Anomalo,United States,150000.0 - 240000.0,linkedin_kaggle,2026-05-09 18:56:51,linkedin_ds_it_vacancies.csv,Full-time,Mid-Senior level,True
Embedded Software Engineer,Galactic Minds INC,"San Diego, CA", - ,linkedin_kaggle,2026-05-09 18:56:51,linkedin_ds_it_vacancies.csv,Contract,Mid-Senior level,False
Senior Software Engineer II (Linux Performance) - Remote,Akamai Technologies,United States,134466.0 - 214782.0,linkedin_kaggle,2026-05-09 18:56:51,linkedin_ds_it_vacancies.csv,Full-time,,True
Data Engineer,"DMI (Digital Management, LLC)","Maryland, United States", - ,linkedin_kaggle,2026-05-09 18:56:51,linkedin_ds_it_vacancies.csv,Full-time,Entry level,False
"Principal Software Engineer, Automation",Cambridge Mobile Telematics,Greater Boston, - ,linkedin_kaggle,2026-05-09 18:56:51,linkedin_ds_it_vacancies.csv,Full-time,Mid-Senior level,False
Systems or Software Engineers - 100% Remote - (SSE.R.BOS.2),Talentify.io,United States, - ,linkedin_kaggle,2026-05-09 18:56:51,linkedin_ds_it_vacancies.csv,Full-time,Entry level,True
Software Engineer in Test,Mach7 Technologies,United States, - ,linkedin_kaggle,2026-05-09 18:56:51,linkedin_ds_it_vacancies.csv,Full-time,Mid-Senior level,True
Analytics Manager,NetSPI,"Minneapolis, MN", - ,linkedin_kaggle,2026-05-09 18:56:51,linkedin_ds_it_vacancies.csv,Full-time,Mid-Senior level,False
Data Scientists with Google Cloud Platform exp (10 years),Dice,United States, - ,linkedin_kaggle,2026-05-09 18:56:51,linkedin_ds_it_vacancies.csv,Full-time,Entry level,True
Staff UI Software Engineer,Zscaler,"California, United States",178500.0 - 210000.0,linkedin_kaggle,2026-05-09 18:56:51,linkedin_ds_it_vacancies.csv,Full-time,Entry level,True
Embedded Software Engineer,E-Solutions,"San Jose, CA", - ,linkedin_kaggle,2026-05-09 18:56:51,linkedin_ds_it_vacancies.csv,Contract,Mid-Senior level,False
Director of Software Engineering,Total Quality Logistics,"Cincinnati, OH", - ,linkedin_kaggle,2026-05-09 18:56:51,linkedin_ds_it_vacancies.csv,Full-time,Director,False
Senior SAP Data Analyst (No corp to Corp),Bayforce,Greater Chicago Area, - ,linkedin_kaggle,2026-05-09 18:56:51,linkedin_ds_it_vacancies.csv,Contract,Mid-Senior level,False
"Analyst, Supply Chain Analytics",Ferrara,"Chicago, IL", - ,linkedin_kaggle,2026-05-09 18:56:51,linkedin_ds_it_vacancies.csv,Full-time,Mid-Senior level,False
Machine Learning Engineer Intern,General Atomics,"Poway, CA",44590.0 - 66295.0,linkedin_kaggle,2026-05-09 18:56:51,linkedin_ds_it_vacancies.csv,Internship,Internship,False
Lead Software Engineer (001651),Wells Fargo,"Charlotte, NC", - ,linkedin_kaggle,2026-05-09 18:56:51,linkedin_ds_it_vacancies.csv,Full-time,Mid-Senior level,False
"Senior Software Engineer (Full Stack, Personalization & Progress)",WHOOP,"Boston, MA", - ,linkedin_kaggle,2026-05-09 18:56:51,linkedin_ds_it_vacancies.csv,Full-time,Mid-Senior level,False
Lead Specialty Software Engineer,Wells Fargo,"New York, NY",120400.0 - 287600.0,linkedin_kaggle,2026-05-09 18:56:51,linkedin_ds_it_vacancies.csv,Full-time,Mid-Senior level,False
Senior Software Engineer,Warner Bros. Discovery,"Richardson, TX", - ,linkedin_kaggle,2026-05-09 18:56:51,linkedin_ds_it_vacancies.csv,Full-time,Mid-Senior level,False
Data Analyst / Technical Writer 3 - Top Secret Clearance,AMERICAN SYSTEMS,"Fredericksburg, VA", - ,linkedin_kaggle,2026-05-09 18:56:51,linkedin_ds_it_vacancies.csv,Full-time,Mid-Senior level,False
Lead Automation Software Engineer,Wells Fargo,"Westlake, TX", - ,linkedin_kaggle,2026-05-09 18:56:51,linkedin_ds_it_vacancies.csv,Full-time,Mid-Senior level,False
IT Data Engineer,Delta Air Lines,"Atlanta, GA", - ,linkedin_kaggle,2026-05-09 18:56:51,linkedin_ds_it_vacancies.csv,Full-time,Entry level,False
SAP Analytics Cloud (SAC) Consultant,Dice,United States, - ,linkedin_kaggle,2026-05-09 18:56:51,linkedin_ds_it_vacancies.csv,Full-time,Mid-Senior level,True
Software Engineer I,"AvidXchange, Inc.","Charlotte, NC", - ,linkedin_kaggle,2026-05-09 18:56:51,linkedin_ds_it_vacancies.csv,Full-time,Entry level,False
Senior Software Engineer - PHP,ModMed,"Boca Raton, FL", - ,linkedin_kaggle,2026-05-09 18:56:51,linkedin_ds_it_vacancies.csv,Full-time,Mid-Senior level,False
Loan Transformation Data Analyst ,Confidential,"Tampa, FL",70.0 - 80.0,linkedin_kaggle,2026-05-09 18:56:51,linkedin_ds_it_vacancies.csv,Contract,Mid-Senior level,False
"Strategy and Analytics, Telemedicine",Forward,"San Francisco, CA",75000.0 - 220000.0,linkedin_kaggle,2026-05-09 18:56:51,linkedin_ds_it_vacancies.csv,Full-time,Entry level,False
"Institutional Marketing Lead, Pricing & Analytics ",Barrington James,"Warren, NJ",75.0 - 90.0,linkedin_kaggle,2026-05-09 18:56:51,linkedin_ds_it_vacancies.csv,Contract,Mid-Senior level,False
Sr. ML Engineer at Stealth AI Startup,Allen Institute for AI (AI2),"Seattle, WA", - ,linkedin_kaggle,2026-05-09 18:56:51,linkedin_ds_it_vacancies.csv,Full-time,Mid-Senior level,False
Embedded Software Engineer,GE Aerospace,"West Chester, OH", - ,linkedin_kaggle,2026-05-09 18:56:51,linkedin_ds_it_vacancies.csv,Full-time,Entry level,False
Python Developer,Radiansys Inc.,"San Jose, CA",60.0 - 65.0,linkedin_kaggle,2026-05-09 18:56:51,linkedin_ds_it_vacancies.csv,Contract,Mid-Senior level,True
Software Engineer/Principal Software Engineer - Active DoD Secret Clearance Required,Northrop Grumman,"Melbourne, FL",75300.0 - 139000.0,linkedin_kaggle,2026-05-09 18:56:51,linkedin_ds_it_vacancies.csv,Full-time,Associate,False
Data Analyst,Gravity IT Resources,"Juno Beach, FL",30.0 - 40.0,linkedin_kaggle,2026-05-09 18:56:51,linkedin_ds_it_vacancies.csv,Contract,Mid-Senior level,False
Software Engineer / Principal Software Engineer,Northrop Grumman,"Melbourne, FL",75300.0 - 139000.0,linkedin_kaggle,2026-05-09 18:56:51,linkedin_ds_it_vacancies.csv,Full-time,Associate,False
Senior Full-Stack Software Engineer,Compunnel Inc.,United States,90.0 - 100.0,linkedin_kaggle,2026-05-09 18:56:51,linkedin_ds_it_vacancies.csv,Contract,Associate,True
iOS Software Engineer Intern (Creative Tools) - 2024 Summer (BS/MS),TikTok,"San Jose, CA",45.0 - 45.0,linkedin_kaggle,2026-05-09 18:56:51,linkedin_ds_it_vacancies.csv,Full-time,,False
"Senior Software Engineer, Cash Commerce",Cash App,"San Francisco, CA", - ,linkedin_kaggle,2026-05-09 18:56:51,linkedin_ds_it_vacancies.csv,Full-time,Associate,True
Cybersecurity Software Engineer,General Dynamics Mission Systems,"Manassas, VA",99812.0 - 110729.0,linkedin_kaggle,2026-05-09 18:56:51,linkedin_ds_it_vacancies.csv,Full-time,Entry level,False
"Principal, Software Engineer",Walmart,"Sunnyvale, CA", - ,linkedin_kaggle,2026-05-09 18:56:51,linkedin_ds_it_vacancies.csv,Full-time,Mid-Senior level,False
Senior Data Analyst,Veeam Software,"Alpharetta, GA",101200.0 - 144500.0,linkedin_kaggle,2026-05-09 18:56:51,linkedin_ds_it_vacancies.csv,Contract,Mid-Senior level,True
Data Engineer,Pivotal Life Sciences,"San Francisco, CA",165000.0 - 206000.0,linkedin_kaggle,2026-05-09 18:56:51,linkedin_ds_it_vacancies.csv,Full-time,Associate,False
"Senior Software Engineer (iOS), Bitkey",Block,"San Francisco, CA", - ,linkedin_kaggle,2026-05-09 18:56:51,linkedin_ds_it_vacancies.csv,Full-time,Associate,True
Senior AI Data Scientist,Pivotal Life Sciences,San Francisco Bay Area, - ,linkedin_kaggle,2026-05-09 18:56:51,linkedin_ds_it_vacancies.csv,Full-time,Mid-Senior level,False
Software Engineer (Remote),Constellation,"Houston, TX",94500.0 - 105000.0,linkedin_kaggle,2026-05-09 18:56:51,linkedin_ds_it_vacancies.csv,Full-time,Entry level,True
Staff Software Engineer - Simulation Tools,Wisk,United States,148288.0 - 170446.0,linkedin_kaggle,2026-05-09 18:56:51,linkedin_ds_it_vacancies.csv,Full-time,Mid-Senior level,True
Senior Data Engineer- Python,Visa,"Austin, TX",113000.0 - 159550.0,linkedin_kaggle,2026-05-09 18:56:51,linkedin_ds_it_vacancies.csv,Full-time,Mid-Senior level,False
"Backend & Applied ML Engineer (Eagan, MN or Frisco, TX)",Thomson Reuters,"Eagan, MN", - ,linkedin_kaggle,2026-05-09 18:56:51,linkedin_ds_it_vacancies.csv,Full-time,Entry level,False
"Machine Learning Engineer, Banking & Square Financial Services",Square,"San Francisco, CA", - ,linkedin_kaggle,2026-05-09 18:56:51,linkedin_ds_it_vacancies.csv,Full-time,Associate,False
Staff Software Engineer - Interactive Computing,Veritas Search Group,United States, - ,linkedin_kaggle,2026-05-09 18:56:51,linkedin_ds_it_vacancies.csv,Full-time,Mid-Senior level,True
Sr. Software Engineer- Full-Stack,Visa,"Austin, TX",102300.0 - 144550.0,linkedin_kaggle,2026-05-09 18:56:51,linkedin_ds_it_vacancies.csv,Full-time,Mid-Senior level,False
"Director of Finance and Data Analytics, Penn Signature Services","Penn Medicine, University of Pennsylvania Health System","Philadelphia, PA", - ,linkedin_kaggle,2026-05-09 18:56:51,linkedin_ds_it_vacancies.csv,Full-time,Director,False
Financial Data Analyst,Cyber Guardian Threat Solutions LLC,"Arlington, VA",90000.0 - 100000.0,linkedin_kaggle,2026-05-09 18:56:51,linkedin_ds_it_vacancies.csv,Full-time,,False
Software Engineer,General Dynamics Mission Systems,"Fairfax, VA",86471.6 - 95929.4,linkedin_kaggle,2026-05-09 18:56:51,linkedin_ds_it_vacancies.csv,Full-time,Entry level,True
"Vice President, Modelling Data Scientist | Senior Data Scientist I",BlackRock,"New York, NY", - ,linkedin_kaggle,2026-05-09 18:56:51,linkedin_ds_it_vacancies.csv,Full-time,,False
Product Analytics Manager,Extra Space Storage,"Salt Lake City, UT", - ,linkedin_kaggle,2026-05-09 18:56:51,linkedin_ds_it_vacancies.csv,Full-time,Mid-Senior level,False
Workforce Analytics Manager - Remote,"GXO Logistics, Inc.","High Point, NC", - ,linkedin_kaggle,2026-05-09 18:56:51,linkedin_ds_it_vacancies.csv,Full-time,Mid-Senior level,True
Cloud software Engineer,GraceMark Solutions,"Los Altos, CA", - ,linkedin_kaggle,2026-05-09 18:56:51,linkedin_ds_it_vacancies.csv,Contract,Associate,False
Staff Data Engineer,Visa,"Foster City, CA",170955.0 - 231400.0,linkedin_kaggle,2026-05-09 18:56:51,linkedin_ds_it_vacancies.csv,Full-time,,False
Information Technology Data Analyst II - Professional Development,CHRISTUS Health,"Irving, TX", - ,linkedin_kaggle,2026-05-09 18:56:51,linkedin_ds_it_vacancies.csv,Full-time,,False
Staff Software Engineer,General Motors,"Austin, TX",135800.0 - 285300.0,linkedin_kaggle,2026-05-09 18:56:51,linkedin_ds_it_vacancies.csv,Full-time,,False
Data Engineer II,IntePros,"Bellevue, WA", - ,linkedin_kaggle,2026-05-09 18:56:51,linkedin_ds_it_vacancies.csv,Full-time,Entry level,False
Staff Software Engineer - Customer Account Management,General Motors,"Mountain Center, CA",135800.0 - 285300.0,linkedin_kaggle,2026-05-09 18:56:51,linkedin_ds_it_vacancies.csv,Full-time,,False
Senior Decision Analytics Manager,Visa,"Atlanta, GA",125500.0 - 200900.0,linkedin_kaggle,2026-05-09 18:56:51,linkedin_ds_it_vacancies.csv,Full-time,,False
Software Engineer - New Grad,Thomson Reuters,"Eagan, MN", - ,linkedin_kaggle,2026-05-09 18:56:51,linkedin_ds_it_vacancies.csv,Full-time,Entry level,False
"Junior Software Engineer, AI",Conveyor,United States, - ,linkedin_kaggle,2026-05-09 18:56:51,linkedin_ds_it_vacancies.csv,Full-time,,True
Sr Software Engineer - Salesforce and React,H-E-B,"Austin, TX", - ,linkedin_kaggle,2026-05-09 18:56:51,linkedin_ds_it_vacancies.csv,Full-time,Mid-Senior level,False
Staff Software Engineer,Echo Global Logistics,United States, - ,linkedin_kaggle,2026-05-09 18:56:51,linkedin_ds_it_vacancies.csv,Full-time,Mid-Senior level,True
"Data Analyst, Research Solutions",Truveta,Greater Seattle Area,94000.0 - 156000.0,linkedin_kaggle,2026-05-09 18:56:51,linkedin_ds_it_vacancies.csv,Full-time,Mid-Senior level,True
Staff Software Engineer - Customer Identity,General Motors,Greater Macon,135800.0 - 285300.0,linkedin_kaggle,2026-05-09 18:56:51,linkedin_ds_it_vacancies.csv,Full-time,,False
Principal Software Engineer - .NET/Azure (Hybrid)  $175K+,Austin Fraser,"Austin, Texas Metropolitan Area", - ,linkedin_kaggle,2026-05-09 18:56:51,linkedin_ds_it_vacancies.csv,Full-time,Mid-Senior level,False
SR BI DATA ANALYST,Lakeview,"Coral Gables, FL", - ,linkedin_kaggle,2026-05-09 18:56:51,linkedin_ds_it_vacancies.csv,Full-time,Mid-Senior level,False
Sr. Software Engineer,General Motors,"Warren, MI", - ,linkedin_kaggle,2026-05-09 18:56:51,linkedin_ds_it_vacancies.csv,Full-time,,False
Sr Director - Consulting & Analytics - Nationals segment,Visa,"Ashburn, VA",173400.0 - 271050.0,linkedin_kaggle,2026-05-09 18:56:51,linkedin_ds_it_vacancies.csv,Full-time,Director,False
Telecommunications Software Engineer,Protingent,"Falls Church, VA", - ,linkedin_kaggle,2026-05-09 18:56:51,linkedin_ds_it_vacancies.csv,Full-time,Entry level,False
"Senior Software Engineer, Forecasting",The Trade Desk,"San Jose, CA",123900.0 - 227200.0,linkedin_kaggle,2026-05-09 18:56:51,linkedin_ds_it_vacancies.csv,Full-time,Mid-Senior level,False
Data Engineer,Stifel Financial Corp.,"St Louis, MO", - ,linkedin_kaggle,2026-05-09 18:56:51,linkedin_ds_it_vacancies.csv,Full-time,Entry level,False
Software Engineer,Goliath Partners,New York City Metropolitan Area,275000.0 - 425000.0,linkedin_kaggle,2026-05-09 18:56:51,linkedin_ds_it_vacancies.csv,Full-time,Mid-Senior level,False
Software Engineering – Kubernetes Platform (Openshift / Anthos) (8+ Years),Cisco,"San Jose, CA",116400.0 - 222200.0,linkedin_kaggle,2026-05-09 18:56:51,linkedin_ds_it_vacancies.csv,Full-time,,False
Senior Software Engineer,Radley James,"New York, NY", - ,linkedin_kaggle,2026-05-09 18:56:51,linkedin_ds_it_vacancies.csv,Full-time,Mid-Senior level,False
Senior Data Scientist (Perf. Mgmt & Org. Strategy) (Hybrid Schedule),SoCalGas,Los Angeles Metropolitan Area,109500.0 - 164300.0,linkedin_kaggle,2026-05-09 18:56:51,linkedin_ds_it_vacancies.csv,Full-time,,False
"Senior Software Engineer, Data Engineering - ThousandEyes",Cisco,"San Francisco, CA",150900.0 - 222200.0,linkedin_kaggle,2026-05-09 18:56:51,linkedin_ds_it_vacancies.csv,Full-time,,False
Digital Engineer III (Azure Data Engineer),Navy Federal Credit Union,"Pensacola, FL",97500.0 - 173675.0,linkedin_kaggle,2026-05-09 18:56:51,linkedin_ds_it_vacancies.csv,Other,Entry level,False
Data Scientist,Navy Federal Credit Union,"Vienna, VA",78800.0 - 151075.0,linkedin_kaggle,2026-05-09 18:56:51,linkedin_ds_it_vacancies.csv,Other,Entry level,False
Supply Chain Senior Data Scientist,Conagra Brands,"Omaha, NE", - ,linkedin_kaggle,2026-05-09 18:56:51,linkedin_ds_it_vacancies.csv,Full-time,Mid-Senior level,False
Data Engineer I,STIIIZY,"Los Angeles, CA",105000.0 - 115000.0,linkedin_kaggle,2026-05-09 18:56:51,linkedin_ds_it_vacancies.csv,Full-time,Mid-Senior level,False
Senior Software Engineer,Goliath Partners,New York City Metropolitan Area,200000.0 - 350000.0,linkedin_kaggle,2026-05-09 18:56:51,linkedin_ds_it_vacancies.csv,Full-time,Mid-Senior level,False
ETS Engineer IV - Data Engineer (AI/ML/NLP),Navy Federal Credit Union,"Vienna, VA",127900.0 - 199900.0,linkedin_kaggle,2026-05-09 18:56:51,linkedin_ds_it_vacancies.csv,Other,Entry level,False
"Data Analyst - Consumer Analytics - Hybrid in Dallas,  TX","Softworld, a Kelly Company","Dallas, TX",54.38 - 76.89,linkedin_kaggle,2026-05-09 18:56:51,linkedin_ds_it_vacancies.csv,Contract,Mid-Senior level,False
Analytics Engagement Specialist III,Alaska Native Tribal Health Consortium (ANTHC),"Anchorage, AK", - ,linkedin_kaggle,2026-05-09 18:56:51,linkedin_ds_it_vacancies.csv,Part-time,Mid-Senior level,False
Applied Machine Learning Research Scientist,Coactive AI,"San Jose, CA",190000.0 - 250000.0,linkedin_kaggle,2026-05-09 18:56:51,linkedin_ds_it_vacancies.csv,Full-time,Mid-Senior level,False
"Manager, Trust and Safety Analytics",Etsy,"Brooklyn, NY", - ,linkedin_kaggle,2026-05-09 18:56:51,linkedin_ds_it_vacancies.csv,Full-time,Mid-Senior level,False
Data Analytics,ML OUTSOURCING SERVICES PRIVATE LIMITED,"Chandler, AZ",57.0 - 63.0,linkedin_kaggle,2026-05-09 18:56:51,linkedin_ds_it_vacancies.csv,Contract,Mid-Senior level,False
Analytics Grants Specialist,Alaska Native Tribal Health Consortium (ANTHC),"Anchorage, AK", - ,linkedin_kaggle,2026-05-09 18:56:51,linkedin_ds_it_vacancies.csv,Part-time,Entry level,False
Software Engineer,Table4,"Atlanta, GA", - ,linkedin_kaggle,2026-05-09 18:56:51,linkedin_ds_it_vacancies.csv,Full-time,,False
Software Engineer 3,Kinetix,"Alpharetta, GA", - ,linkedin_kaggle,2026-05-09 18:56:51,linkedin_ds_it_vacancies.csv,Full-time,,False
Generative AI/Machine Learning for Drug Design Co-op,Blueprint Medicines,"Cambridge, MA", - ,linkedin_kaggle,2026-05-09 18:56:51,linkedin_ds_it_vacancies.csv,Full-time,,False
Front End Software Engineer Intern,"iHerb, LLC",United States,24.75 - 50.63,linkedin_kaggle,2026-05-09 18:56:51,linkedin_ds_it_vacancies.csv,Internship,Mid-Senior level,True
Associate Data Scientist - Recent Bio/Chem Grads,AbbVie,"North Chicago, IL", - ,linkedin_kaggle,2026-05-09 18:56:51,linkedin_ds_it_vacancies.csv,Full-time,Entry level,False
"Manager, Field Planning & Analytics",AbbVie,"Mettawa, IL", - ,linkedin_kaggle,2026-05-09 18:56:51,linkedin_ds_it_vacancies.csv,Full-time,Mid-Senior level,False
Research Data Analyst,"University of California, San Francisco","San Francisco, CA", - ,linkedin_kaggle,2026-05-09 18:56:51,linkedin_ds_it_vacancies.csv,Full-time,,False
Software Engineer Senior,HTC Global Services,"Dearborn, MI", - ,linkedin_kaggle,2026-05-09 18:56:51,linkedin_ds_it_vacancies.csv,Full-time,Mid-Senior level,False
Business Intelligence Engineer III,Prolacta Bioscience,"Duarte, CA",130000.0 - 150000.0,linkedin_kaggle,2026-05-09 18:56:51,linkedin_ds_it_vacancies.csv,Full-time,Mid-Senior level,False
"Intern, Machine Learning",SoFi,"San Francisco, CA",40.0 - 50.0,linkedin_kaggle,2026-05-09 18:56:51,linkedin_ds_it_vacancies.csv,Internship,Internship,False
Senior Software Engineer,Caterpillar Inc.,"Illinois, United States", - ,linkedin_kaggle,2026-05-09 18:56:51,linkedin_ds_it_vacancies.csv,Full-time,,False
AWS Data Engineer,CGI,"Fairfax, VA",84000.0 - 161600.0,linkedin_kaggle,2026-05-09 18:56:51,linkedin_ds_it_vacancies.csv,Full-time,Entry level,False
"Sr. Engineer II, Software Engineering BE",Oak Street Health,"Chicago, IL", - ,linkedin_kaggle,2026-05-09 18:56:51,linkedin_ds_it_vacancies.csv,Full-time,Mid-Senior level,False
R&D Computer Engineering & Autonomous Systems - Algorithmic and Machine Learning Engineer for Intrusion Detection Systems (Early/Mid-Career) - Onsite,Sandia National Laboratories,"Albuquerque, NM", - ,linkedin_kaggle,2026-05-09 18:56:51,linkedin_ds_it_vacancies.csv,Full-time,,False
Epic Business Intelligence Developer II,Texas Health Resources,"Arlington, TX", - ,linkedin_kaggle,2026-05-09 18:56:51,linkedin_ds_it_vacancies.csv,Full-time,,False
Full Stack Senior Software Engineer - Close,FloQast,United States,150000.0 - 210000.0,linkedin_kaggle,2026-05-09 18:56:51,linkedin_ds_it_vacancies.csv,Full-time,Mid-Senior level,True
"Senior Software Engineer, New Product Development (Remote)",Axon,"Seattle, WA",120000.0 - 210000.0,linkedin_kaggle,2026-05-09 18:56:51,linkedin_ds_it_vacancies.csv,Full-time,Mid-Senior level,True
"Software Engineer II, Front End (React)",Fanatics,United States, - ,linkedin_kaggle,2026-05-09 18:56:51,linkedin_ds_it_vacancies.csv,Full-time,Entry level,True
Lead Software Engineer - Java / Microservices / Cloud,Wells Fargo,"West Des Moines, IA", - ,linkedin_kaggle,2026-05-09 18:56:51,linkedin_ds_it_vacancies.csv,Full-time,Mid-Senior level,False
"Senior Software Engineer, Driver Marketplace",Veho,United States, - ,linkedin_kaggle,2026-05-09 18:56:51,linkedin_ds_it_vacancies.csv,Full-time,Mid-Senior level,True
Senior Marketing Data Engineer,LexisNexis Risk Solutions,"Miamisburg, OH", - ,linkedin_kaggle,2026-05-09 18:56:51,linkedin_ds_it_vacancies.csv,Full-time,Mid-Senior level,False
Sr. Director of Product — Platform & Analytics,Pluralsight,United States, - ,linkedin_kaggle,2026-05-09 18:56:51,linkedin_ds_it_vacancies.csv,Full-time,Director,True
"Senior Software Engineer, Payments",MongoDB,"New York, NY", - ,linkedin_kaggle,2026-05-09 18:56:51,linkedin_ds_it_vacancies.csv,Full-time,Mid-Senior level,False
"Python developer - Hybrid Onsite (Dallas TX, Tampa FL, Jersey city NJ)",Dice,"Dallas, TX", - ,linkedin_kaggle,2026-05-09 18:56:51,linkedin_ds_it_vacancies.csv,Full-time,Entry level,True
Senior Software Engineer (Ref #001260),Wells Fargo,"Charlotte, NC", - ,linkedin_kaggle,2026-05-09 18:56:51,linkedin_ds_it_vacancies.csv,Full-time,Mid-Senior level,False
Lead Cloud Online Data Engineer,U.S. Bank,"Brookfield, WI",129455.0 - 167530.0,linkedin_kaggle,2026-05-09 18:56:51,linkedin_ds_it_vacancies.csv,Full-time,Mid-Senior level,False
"Post Doctoral Research Associate - Machine Learning, AI, and Rural Medicine",UI Health,"Chicago, IL", - ,linkedin_kaggle,2026-05-09 18:56:51,linkedin_ds_it_vacancies.csv,Full-time,Associate,False
Data & Analytics Organizational Change Management Analyst II,Brooks Running,"Seattle, WA",108403.0 - 162605.0,linkedin_kaggle,2026-05-09 18:56:51,linkedin_ds_it_vacancies.csv,Full-time,Mid-Senior level,False
Software Engineer,Cotiviti,United States,77500.0 - 124000.0,linkedin_kaggle,2026-05-09 18:56:51,linkedin_ds_it_vacancies.csv,Full-time,Entry level,True
VP Mgr-Data Engineering,Moody's Corporation,"Charlotte, NC",162200.0 - 235100.0,linkedin_kaggle,2026-05-09 18:56:51,linkedin_ds_it_vacancies.csv,Full-time,,False
Senior Software Engineer,"Vizient, Inc","Irving, TX",139464.0 - 168800.0,linkedin_kaggle,2026-05-09 18:56:51,linkedin_ds_it_vacancies.csv,Full-time,Mid-Senior level,False
Senior Principal Data Scientist,Northrop Grumman,"Huntsville, AL",139700.0 - 209500.0,linkedin_kaggle,2026-05-09 18:56:51,linkedin_ds_it_vacancies.csv,Full-time,Mid-Senior level,False
"Software Engineer, AI",Retool,"San Francisco, CA", - ,linkedin_kaggle,2026-05-09 18:56:51,linkedin_ds_it_vacancies.csv,Full-time,Entry level,False
"Software Engineer, Data Streaming",TikTok,"Seattle, WA",137750.0 - 237500.0,linkedin_kaggle,2026-05-09 18:56:51,linkedin_ds_it_vacancies.csv,Full-time,,False
"Senior Software Engineer, Data Streaming",TikTok,"Seattle, WA",184300.0 - 337250.0,linkedin_kaggle,2026-05-09 18:56:51,linkedin_ds_it_vacancies.csv,Full-time,,False
Senior Business Intelligence Analyst,Expedia Group,"Austin, TX", - ,linkedin_kaggle,2026-05-09 18:56:51,linkedin_ds_it_vacancies.csv,Full-time,Mid-Senior level,False
Intern - Analytics,Blue Cross and Blue Shield of Minnesota,"Eagan, MN", - ,linkedin_kaggle,2026-05-09 18:56:51,linkedin_ds_it_vacancies.csv,Full-time,Internship,True
Software Engineer - Calibration Team,Meta,"Pittsburgh, PA",117000.0 - 173000.0,linkedin_kaggle,2026-05-09 18:56:51,linkedin_ds_it_vacancies.csv,Full-time,,False
Senior/Staff Software Engineer - Simulation Scenario Full Stack,Zoox,"Foster City, CA",203000.0 - 293000.0,linkedin_kaggle,2026-05-09 18:56:51,linkedin_ds_it_vacancies.csv,Full-time,Mid-Senior level,False
Analytics Engineer - Finance,Hadrian,"Los Angeles, CA",140000.0 - 195000.0,linkedin_kaggle,2026-05-09 18:56:51,linkedin_ds_it_vacancies.csv,Full-time,Entry level,False
Financial Data Analyst,Keurig Dr Pepper Inc.,"Frisco, TX", - ,linkedin_kaggle,2026-05-09 18:56:51,linkedin_ds_it_vacancies.csv,Full-time,,False
Sr Manager Data & Analytics,Staples,"Framingham, MA", - ,linkedin_kaggle,2026-05-09 18:56:51,linkedin_ds_it_vacancies.csv,Full-time,Mid-Senior level,False
"Director, Data Science & Advanced Analytics",Visa,"Austin, TX",161300.0 - 209700.0,linkedin_kaggle,2026-05-09 18:56:51,linkedin_ds_it_vacancies.csv,Full-time,Director,False
Software Engineer – UCS,Cisco,"San Jose, CA",112600.0 - 165900.0,linkedin_kaggle,2026-05-09 18:56:51,linkedin_ds_it_vacancies.csv,Full-time,,False
"Lead Software Engineer I(Frontend), CEA - Application Monitoring ThousandEyes",Cisco,"San Francisco, CA",164200.0 - 241700.0,linkedin_kaggle,2026-05-09 18:56:51,linkedin_ds_it_vacancies.csv,Full-time,,False
"Lead Software Engineer, Full Stack",SimplyApply,"Salisbury, MD", - ,linkedin_kaggle,2026-05-09 18:56:51,linkedin_ds_it_vacancies.csv,Internship,Mid-Senior level,False
Senior Software Engineer,Oracle,"Austin, Texas Metropolitan Area", - ,linkedin_kaggle,2026-05-09 18:56:51,linkedin_ds_it_vacancies.csv,Full-time,Mid-Senior level,False
Tech Intern - Software Engineering - Platform Development (TPX),Comcast,"Philadelphia, PA", - ,linkedin_kaggle,2026-05-09 18:56:51,linkedin_ds_it_vacancies.csv,Full-time,Internship,False
Sr Machine Learning Engineer,FreeWheel,"Reston, VA", - ,linkedin_kaggle,2026-05-09 18:56:51,linkedin_ds_it_vacancies.csv,Full-time,Mid-Senior level,False
Senior Software Engineer - Backend,Uber,"San Francisco, CA",185000.0 - 205500.0,linkedin_kaggle,2026-05-09 18:56:51,linkedin_ds_it_vacancies.csv,Full-time,Mid-Senior level,False
Staff Machine Learning Engineer,Teladoc Health,United States,140000.0 - 190000.0,linkedin_kaggle,2026-05-09 18:56:51,linkedin_ds_it_vacancies.csv,Full-time,Mid-Senior level,True
Senior Data Engineer,Fixify,United States, - ,linkedin_kaggle,2026-05-09 18:56:51,linkedin_ds_it_vacancies.csv,Full-time,Mid-Senior level,True
Distinguished Software Engineer Cryptography and Data Protection (REMOTE),Talentify.io,United States, - ,linkedin_kaggle,2026-05-09 18:56:51,linkedin_ds_it_vacancies.csv,Full-time,Executive,True
Sr EDI Software Engineer I (Remote),Talentify.io,United States, - ,linkedin_kaggle,2026-05-09 18:56:51,linkedin_ds_it_vacancies.csv,Full-time,Entry level,True
Software Engineering Lead,FedEx Dataworks,United States,10667.0 - 13333.0,linkedin_kaggle,2026-05-09 18:56:51,linkedin_ds_it_vacancies.csv,Full-time,Mid-Senior level,True
R&D Computer Science Software Engineer/Satellite Remote Systems (Experienced) - Onsite,Sandia National Laboratories,"Albuquerque, NM", - ,linkedin_kaggle,2026-05-09 18:56:51,linkedin_ds_it_vacancies.csv,Full-time,,False
Data Analyst IV (Remote),Talentify.io,United States, - ,linkedin_kaggle,2026-05-09 18:56:51,linkedin_ds_it_vacancies.csv,Full-time,Mid-Senior level,True
Senior Compensation & People Data Analyst,Rippling,"Austin, TX",110000.0 - 147000.0,linkedin_kaggle,2026-05-09 18:56:51,linkedin_ds_it_vacancies.csv,Full-time,Mid-Senior level,False
Data Engineering intern,Johnson & Johnson,"Irvine, CA", - ,linkedin_kaggle,2026-05-09 18:56:51,linkedin_ds_it_vacancies.csv,Full-time,,True
Senior Software Engineer - Data Connect,Adyen,"Chicago, IL", - ,linkedin_kaggle,2026-05-09 18:56:51,linkedin_ds_it_vacancies.csv,Full-time,Mid-Senior level,False
"(USA) Manager, Business Intelligence And Reporting",Walmart,"Bentonville, AR", - ,linkedin_kaggle,2026-05-09 18:56:51,linkedin_ds_it_vacancies.csv,Full-time,Mid-Senior level,False
"Software Engineer, Android",Meta,"San Francisco, CA",146994.0 - 208000.0,linkedin_kaggle,2026-05-09 18:56:51,linkedin_ds_it_vacancies.csv,Full-time,,False
"Software Engineer, iOS, 7+ Years of Experience",Snap Inc.,"New York, United States",172000.0 - 303000.0,linkedin_kaggle,2026-05-09 18:56:51,linkedin_ds_it_vacancies.csv,Full-time,Entry level,False
"Director, Data, Analytics, and Artificial Intelligence (AI)",ITHAKA,United States, - ,linkedin_kaggle,2026-05-09 18:56:51,linkedin_ds_it_vacancies.csv,Full-time,Director,True
"Software Engineer, iOS, 3+ Years of Experience",Snap Inc.,"New York, United States",129000.0 - 228000.0,linkedin_kaggle,2026-05-09 18:56:51,linkedin_ds_it_vacancies.csv,Full-time,Mid-Senior level,False
Senior Software Engineer (Server)- Poker,Zynga,"Austin, TX", - ,linkedin_kaggle,2026-05-09 18:56:51,linkedin_ds_it_vacancies.csv,Full-time,Mid-Senior level,False
Senior Software Engineer,The Trade Desk,"Irvine, CA",136300.0 - 249900.0,linkedin_kaggle,2026-05-09 18:56:51,linkedin_ds_it_vacancies.csv,Full-time,Mid-Senior level,False
"Manager DD&I, Data Analyst Clinical Operations",BioNTech SE,"Cambridge, MA", - ,linkedin_kaggle,2026-05-09 18:56:51,linkedin_ds_it_vacancies.csv,Full-time,Mid-Senior level,False
Software Engineer,MVP Health Care,"Schenectady, NY",56200.0 - 95748.0,linkedin_kaggle,2026-05-09 18:56:51,linkedin_ds_it_vacancies.csv,Full-time,Entry level,False
Lead Marketing Data Analyst,Plymouth Rock Assurance,"Woodbridge, NJ", - ,linkedin_kaggle,2026-05-09 18:56:51,linkedin_ds_it_vacancies.csv,Full-time,Mid-Senior level,False
Business Intelligence Supervisor,Plymouth Rock Assurance,"Woodbridge, NJ", - ,linkedin_kaggle,2026-05-09 18:56:51,linkedin_ds_it_vacancies.csv,Full-time,Mid-Senior level,False
Director of Partnership Distribution Analytics,Plymouth Rock Assurance,"Woodbridge, NJ", - ,linkedin_kaggle,2026-05-09 18:56:51,linkedin_ds_it_vacancies.csv,Full-time,Director,False
Lead Data Scientist,Plymouth Rock Assurance,"Woodbridge, NJ", - ,linkedin_kaggle,2026-05-09 18:56:51,linkedin_ds_it_vacancies.csv,Full-time,Mid-Senior level,False
Software Engineer - Hybrid - No C2C,A-Line Staffing Solutions,"Sparks Glencoe, MD", - ,linkedin_kaggle,2026-05-09 18:56:51,linkedin_ds_it_vacancies.csv,Contract,Mid-Senior level,False
IT Sr Data Engineer Delivery,Fulton Bank,"Lancaster, PA",94200.0 - 157000.0,linkedin_kaggle,2026-05-09 18:56:51,linkedin_ds_it_vacancies.csv,Full-time,Associate,True
Embedded Software Engineer,"Griffin Global Systems, Inc.",United States,110000.0 - 140000.0,linkedin_kaggle,2026-05-09 18:56:51,linkedin_ds_it_vacancies.csv,Full-time,Mid-Senior level,True
Back-End Software Engineer (Hybrid),MacroHire,"Miami, FL", - ,linkedin_kaggle,2026-05-09 18:56:51,linkedin_ds_it_vacancies.csv,Full-time,Mid-Senior level,False
Software Engineer in Test,Не указана,Washington DC-Baltimore Area, - ,linkedin_kaggle,2026-05-09 18:56:51,linkedin_ds_it_vacancies.csv,Full-time,,False
Master Data Analyst,Carnival Corporation,Miami-Fort Lauderdale Area, - ,linkedin_kaggle,2026-05-09 18:56:51,linkedin_ds_it_vacancies.csv,Full-time,Associate,False
Senior Data Scientist,Verizon,"Irving, TX", - ,linkedin_kaggle,2026-05-09 18:56:51,linkedin_ds_it_vacancies.csv,Full-time,Mid-Senior level,False
Software Engineer,CNA Search,Atlanta Metropolitan Area, - ,linkedin_kaggle,2026-05-09 18:56:51,linkedin_ds_it_vacancies.csv,Full-time,Mid-Senior level,False
Java Software Engineer,CNA Search,United States, - ,linkedin_kaggle,2026-05-09 18:56:51,linkedin_ds_it_vacancies.csv,Full-time,Mid-Senior level,True
Senior Data Scientist,L.E.K. Consulting,"Boston, MA",120000.0 - 145000.0,linkedin_kaggle,2026-05-09 18:56:51,linkedin_ds_it_vacancies.csv,Full-time,Mid-Senior level,False
Business Intelligence Developer,CNA Search,"Atlanta, GA", - ,linkedin_kaggle,2026-05-09 18:56:51,linkedin_ds_it_vacancies.csv,Full-time,Mid-Senior level,False
Data Engineer,CNA Search,"Atlanta, GA", - ,linkedin_kaggle,2026-05-09 18:56:51,linkedin_ds_it_vacancies.csv,Full-time,Mid-Senior level,False
Senior Software Engineer,CNA Search,Atlanta Metropolitan Area, - ,linkedin_kaggle,2026-05-09 18:56:51,linkedin_ds_it_vacancies.csv,Full-time,Mid-Senior level,False
Business Analyst (Salesforce Analytics),Synergy Interactive,"Chicago, IL", - ,linkedin_kaggle,2026-05-09 18:56:51,linkedin_ds_it_vacancies.csv,Contract,Mid-Senior level,True
Senior Software Engineer,Bertram Capital,"Broomfield, CO",150000.0 - 180000.0,linkedin_kaggle,2026-05-09 18:56:51,linkedin_ds_it_vacancies.csv,Full-time,,False
Sr Data Analyst,Solü Technology Partners,"Phoenix, AZ",90000.0 - 100000.0,linkedin_kaggle,2026-05-09 18:56:51,linkedin_ds_it_vacancies.csv,Contract,Mid-Senior level,False
Lead Data Analyst,Marathon Health,"Burlington, VT", - ,linkedin_kaggle,2026-05-09 18:56:51,linkedin_ds_it_vacancies.csv,Full-time,,True
Sr Manager Analytics and Compensation,Sidley Austin LLP,"Chicago, IL", - ,linkedin_kaggle,2026-05-09 18:56:51,linkedin_ds_it_vacancies.csv,Full-time,Mid-Senior level,False
Senior Data Engineer,The Judge Group,"Houston, TX", - ,linkedin_kaggle,2026-05-09 18:56:51,linkedin_ds_it_vacancies.csv,Contract,Executive,False
Senior Embedded Software Engineer (QT),Motion Recruitment,"Bedford, MA",150000.0 - 200000.0,linkedin_kaggle,2026-05-09 18:56:51,linkedin_ds_it_vacancies.csv,Full-time,Mid-Senior level,False
Python Developer,Radley James,"Chicago, IL",750000.0 - 750000.0,linkedin_kaggle,2026-05-09 18:56:51,linkedin_ds_it_vacancies.csv,Full-time,Mid-Senior level,False
"Data Analyst II (W2 Role, Only for locals to CA)",SPECTRAFORCE,"Rialto, CA", - ,linkedin_kaggle,2026-05-09 18:56:51,linkedin_ds_it_vacancies.csv,Contract,Associate,False
Machine Learning Team Lead - Artificial Intelligence,Bloomberg,"New York, NY",250000.0 - 350000.0,linkedin_kaggle,2026-05-09 18:56:51,linkedin_ds_it_vacancies.csv,Full-time,,False
Software Engineers,CCC Intelligent Solutions,"Chicago, IL", - ,linkedin_kaggle,2026-05-09 18:56:51,linkedin_ds_it_vacancies.csv,Full-time,Associate,True
Data Analytics and Underwriting Intern - Summer 2024,AssuredPartners,"Hunt Valley, MD", - ,linkedin_kaggle,2026-05-09 18:56:51,linkedin_ds_it_vacancies.csv,Internship,Internship,False
Data Engineer,GRANT PETERS ASSOCIATES,New York City Metropolitan Area,150000.0 - 200000.0,linkedin_kaggle,2026-05-09 18:56:51,linkedin_ds_it_vacancies.csv,Full-time,,False
Senior Software Engineer - Artificial Intelligence Group,Bloomberg,"New York, NY",160000.0 - 240000.0,linkedin_kaggle,2026-05-09 18:56:51,linkedin_ds_it_vacancies.csv,Full-time,,False
Data Analyst (Junior),Lexical Intelligence,Washington DC-Baltimore Area,60000.0 - 80000.0,linkedin_kaggle,2026-05-09 18:56:51,linkedin_ds_it_vacancies.csv,Full-time,,False
Online Data Analyst | Work From Home,TELUS International AI Data Solutions,"North Carolina, United States", - ,linkedin_kaggle,2026-05-09 18:56:51,linkedin_ds_it_vacancies.csv,Part-time,Entry level,True
Entry Level Software Engineer,Smoothstack,"Virginia, United States",60000.0 - 70000.0,linkedin_kaggle,2026-05-09 18:56:51,linkedin_ds_it_vacancies.csv,Full-time,Entry level,False
SQL Developer,Top Prospect Group,"Boston, MA",45.0 - 50.0,linkedin_kaggle,2026-05-09 18:56:51,linkedin_ds_it_vacancies.csv,Contract,Mid-Senior level,True
Data Analytics Consultant / / Analytics - Data Contractor,"Pyramid Consulting, Inc","Atlanta, GA",74.0 - 78.0,linkedin_kaggle,2026-05-09 18:56:51,linkedin_ds_it_vacancies.csv,Contract,,False
"Cyber Software Engineering, Senior Advisor",Peraton,"Laurel, MD", - ,linkedin_kaggle,2026-05-09 18:56:51,linkedin_ds_it_vacancies.csv,Full-time,,False
Senior Machine Learning Engineer,Barrington James,United States, - ,linkedin_kaggle,2026-05-09 18:56:51,linkedin_ds_it_vacancies.csv,Full-time,Mid-Senior level,True
Azure Lead Data Engineer,NAM Info Inc,United States, - ,linkedin_kaggle,2026-05-09 18:56:51,linkedin_ds_it_vacancies.csv,Contract,Mid-Senior level,True
Lead Embedded Software Engineer (C++/Qt),Motion Recruitment,"Bedford, MA",150000.0 - 180000.0,linkedin_kaggle,2026-05-09 18:56:51,linkedin_ds_it_vacancies.csv,Full-time,Mid-Senior level,False
Python Developer,BizCoder AI,United States, - ,linkedin_kaggle,2026-05-09 18:56:51,linkedin_ds_it_vacancies.csv,Full-time,,True
Business Intelligence Manager (Remote),Net at Work,"New York, United States",105000.0 - 115000.0,linkedin_kaggle,2026-05-09 18:56:51,linkedin_ds_it_vacancies.csv,Full-time,Mid-Senior level,True
Master Data Analyst,Revolution Technologies,"Creve Coeur, MO", - ,linkedin_kaggle,2026-05-09 18:56:51,linkedin_ds_it_vacancies.csv,Contract,Entry level,False
SAP Data Analyst,Bayforce,"Mundelein, IL", - ,linkedin_kaggle,2026-05-09 18:56:51,linkedin_ds_it_vacancies.csv,Contract,Mid-Senior level,False
Software Engineer - DEX,Cloudflare,United States, - ,linkedin_kaggle,2026-05-09 18:56:51,linkedin_ds_it_vacancies.csv,Full-time,Associate,True
"Principal Software Engineer, R2 Storage",Cloudflare,United States,203000.0 - 286000.0,linkedin_kaggle,2026-05-09 18:56:51,linkedin_ds_it_vacancies.csv,Full-time,Associate,True
Professional-Software Engineer,AT&T,"Dallas, TX",156071.0 - 210100.0,linkedin_kaggle,2026-05-09 18:56:51,linkedin_ds_it_vacancies.csv,Full-time,,False
"Software Engineer (Security Platform, Internal PKI)",Cloudflare,United States,168000.0 - 240000.0,linkedin_kaggle,2026-05-09 18:56:51,linkedin_ds_it_vacancies.csv,Full-time,Associate,True
Business Intelligence Lead,Electrolit USA,"Houston, TX", - ,linkedin_kaggle,2026-05-09 18:56:51,linkedin_ds_it_vacancies.csv,Full-time,,False
Junior Data Scientist,Integra FEC,"Austin, TX", - ,linkedin_kaggle,2026-05-09 18:56:51,linkedin_ds_it_vacancies.csv,Full-time,,False
Business Data Analyst - Loans,Motion Recruitment,"New York, NY", - ,linkedin_kaggle,2026-05-09 18:56:51,linkedin_ds_it_vacancies.csv,Contract,Mid-Senior level,False
"Sr Director, Global People Services & Analytics",Cloudflare,United States,270000.0 - 366000.0,linkedin_kaggle,2026-05-09 18:56:51,linkedin_ds_it_vacancies.csv,Full-time,Director,True
Software Engineer - Infrastructure Platforms,Cloudflare,United States,137000.0 - 180000.0,linkedin_kaggle,2026-05-09 18:56:51,linkedin_ds_it_vacancies.csv,Full-time,Associate,True
C++ Software Engineer (Quant Trading),NJF Global Holdings Ltd,"Chicago, IL",200000.0 - 300000.0,linkedin_kaggle,2026-05-09 18:56:51,linkedin_ds_it_vacancies.csv,Full-time,Mid-Senior level,False
"Software Engineer - Zero Trust Client (low-level OS, VPN, networking)",Cloudflare,United States,137000.0 - 198000.0,linkedin_kaggle,2026-05-09 18:56:51,linkedin_ds_it_vacancies.csv,Full-time,Associate,True
Lead Machine Learning Engineer,Confidential Jobs,United States, - ,linkedin_kaggle,2026-05-09 18:56:51,linkedin_ds_it_vacancies.csv,Full-time,Mid-Senior level,True
Senior Software Engineer,AT&T,"Dallas, TX",156389.0 - 231100.0,linkedin_kaggle,2026-05-09 18:56:51,linkedin_ds_it_vacancies.csv,Full-time,,False
IT Data Engineer,Inclusively,"Atlanta, GA", - ,linkedin_kaggle,2026-05-09 18:56:51,linkedin_ds_it_vacancies.csv,Full-time,Mid-Senior level,False
"Tech Lead Manager, Software Engineering - Product",Gather,United States, - ,linkedin_kaggle,2026-05-09 18:56:51,linkedin_ds_it_vacancies.csv,Full-time,Mid-Senior level,True
Cyber Security Software Engineer,Apex Systems,"Atlanta, GA", - ,linkedin_kaggle,2026-05-09 18:56:51,linkedin_ds_it_vacancies.csv,Full-time,Entry level,False
Data Engineer,Dice,"Cupertino, CA", - ,linkedin_kaggle,2026-05-09 18:56:51,linkedin_ds_it_vacancies.csv,Full-time,Entry level,False
Data Analyst,Aquarius Professional Staffing,"Indianapolis, IN", - ,linkedin_kaggle,2026-05-09 18:56:51,linkedin_ds_it_vacancies.csv,Contract,Mid-Senior level,False
Marketing Analytics Specialist,Henry Schein,United States, - ,linkedin_kaggle,2026-05-09 18:56:51,linkedin_ds_it_vacancies.csv,Full-time,Associate,True
Data Scientist,hackajob,"McLean, VA",180000.0 - 270000.0,linkedin_kaggle,2026-05-09 18:56:51,linkedin_ds_it_vacancies.csv,Full-time,Mid-Senior level,False
Data Engineer,Apex Systems,"Cincinnati, OH", - ,linkedin_kaggle,2026-05-09 18:56:51,linkedin_ds_it_vacancies.csv,Full-time,Entry level,False
Energy Policy & Data Analyst,Sunnova Energy,United States,95000.0 - 105000.0,linkedin_kaggle,2026-05-09 18:56:51,linkedin_ds_it_vacancies.csv,Full-time,Entry level,True
Data Scientist,Apex Systems,"The Woodlands, TX", - ,linkedin_kaggle,2026-05-09 18:56:51,linkedin_ds_it_vacancies.csv,Full-time,Entry level,False
Senior Embedded Software Engineer,Alarm.com,"San Diego, CA", - ,linkedin_kaggle,2026-05-09 18:56:51,linkedin_ds_it_vacancies.csv,Full-time,Mid-Senior level,False
"Senior Data Engineer, DataBricks","Self Esteem Brands, LLC","Woodbury, MN", - ,linkedin_kaggle,2026-05-09 18:56:51,linkedin_ds_it_vacancies.csv,Full-time,Mid-Senior level,False
Python Developer,Dice,"Phoenix, AZ", - ,linkedin_kaggle,2026-05-09 18:56:51,linkedin_ds_it_vacancies.csv,Full-time,Entry level,False
Software Engineer / Java / Remote,Motion Recruitment,"Columbus, OH", - ,linkedin_kaggle,2026-05-09 18:56:51,linkedin_ds_it_vacancies.csv,Full-time,Mid-Senior level,True
Machine Learning Engineer,hackajob,"McLean, VA",180000.0 - 270000.0,linkedin_kaggle,2026-05-09 18:56:51,linkedin_ds_it_vacancies.csv,Full-time,Mid-Senior level,False
IBM Tivoli Software Engineer,Dice,"Richardson, TX", - ,linkedin_kaggle,2026-05-09 18:56:51,linkedin_ds_it_vacancies.csv,Contract,Entry level,False
Staff Software Engineer / Golang,Motion Recruitment,"Philadelphia, PA", - ,linkedin_kaggle,2026-05-09 18:56:51,linkedin_ds_it_vacancies.csv,Full-time,Mid-Senior level,True
Data Analytics Manager,Inclusively,"Durham, NC", - ,linkedin_kaggle,2026-05-09 18:56:51,linkedin_ds_it_vacancies.csv,Full-time,Mid-Senior level,False
Staff Software Engineer | Blockchain Startup,Selby Jennings,United States,180000.0 - 190000.0,linkedin_kaggle,2026-05-09 18:56:51,linkedin_ds_it_vacancies.csv,Full-time,Mid-Senior level,True
Data Analyst: 24-00481,RSC Solutions,"Plano, TX", - ,linkedin_kaggle,2026-05-09 18:56:51,linkedin_ds_it_vacancies.csv,Full-time,Entry level,False
Business Data Analyst,Dice,"Portland, OR", - ,linkedin_kaggle,2026-05-09 18:56:51,linkedin_ds_it_vacancies.csv,Full-time,Mid-Senior level,False
Software Engineer (Full Stack),Dice,"Santa Monica, CA", - ,linkedin_kaggle,2026-05-09 18:56:51,linkedin_ds_it_vacancies.csv,Full-time,Entry level,False
Adobe Data Engineer || Remote,Dice,United States, - ,linkedin_kaggle,2026-05-09 18:56:51,linkedin_ds_it_vacancies.csv,Full-time,Entry level,True
"Data Scientist III, Innovation",WEX,"Portland, ME", - ,linkedin_kaggle,2026-05-09 18:56:51,linkedin_ds_it_vacancies.csv,Full-time,Entry level,False
"Python Developer : Phoenix, AZ (Only Locals) : Long-Term Contract",Dice,"Phoenix, AZ", - ,linkedin_kaggle,2026-05-09 18:56:51,linkedin_ds_it_vacancies.csv,Contract,Entry level,False
ML Engineer-Remote,Dice,United States, - ,linkedin_kaggle,2026-05-09 18:56:51,linkedin_ds_it_vacancies.csv,Contract,Entry level,True
"SAP Data Analyst, MN/Remote - Direct Client",Dice,"Maplewood, MN", - ,linkedin_kaggle,2026-05-09 18:56:51,linkedin_ds_it_vacancies.csv,Full-time,Entry level,False
Data Scientist,Dice,"Pensacola, FL", - ,linkedin_kaggle,2026-05-09 18:56:51,linkedin_ds_it_vacancies.csv,Full-time,Entry level,False
Business Intelligence Engineer,Motion Recruitment,"Salisbury, NC", - ,linkedin_kaggle,2026-05-09 18:56:51,linkedin_ds_it_vacancies.csv,Contract,Mid-Senior level,True
PL/SQL Developer (AWS/Java),Compunnel Inc.,"Boston, MA", - ,linkedin_kaggle,2026-05-09 18:56:51,linkedin_ds_it_vacancies.csv,Contract,Mid-Senior level,False
Director of Analytics,Fingerpaint Group,"Cedar Knolls, NJ", - ,linkedin_kaggle,2026-05-09 18:56:51,linkedin_ds_it_vacancies.csv,Full-time,Director,False
Elite Hedge Fund | Software Engineer,Selby Jennings,"New York, NY",200000.0 - 300000.0,linkedin_kaggle,2026-05-09 18:56:51,linkedin_ds_it_vacancies.csv,Full-time,Associate,False
Data Engineer / Power BI Developer,"Triumph Innovation, LLC",United States,50.0 - 90.0,linkedin_kaggle,2026-05-09 18:56:51,linkedin_ds_it_vacancies.csv,Contract,,True
Senior Software Engineer,hackajob,"New York, United States",120000.0 - 170000.0,linkedin_kaggle,2026-05-09 18:56:51,linkedin_ds_it_vacancies.csv,Full-time,Mid-Senior level,False
Adobe Customer Journey Analytics (CJA) Strategist ,CVS Health,United States,118000.0 - 267000.0,linkedin_kaggle,2026-05-09 18:56:51,linkedin_ds_it_vacancies.csv,Full-time,Mid-Senior level,True
Adobe Analytics Consultant,Matlen Silver,"Atlanta, GA", - ,linkedin_kaggle,2026-05-09 18:56:51,linkedin_ds_it_vacancies.csv,Contract,Mid-Senior level,False
Business Director of Advanced Analytics,hackajob,"Durham, NC", - ,linkedin_kaggle,2026-05-09 18:56:51,linkedin_ds_it_vacancies.csv,Full-time,Director,False
Lead Software Engineer,Anblicks,"Dallas, TX", - ,linkedin_kaggle,2026-05-09 18:56:51,linkedin_ds_it_vacancies.csv,Full-time,Mid-Senior level,False
Data Analyst or Data Product Manager (Native US Citizens Only),Info Way Solutions,"Austin, TX",55.0 - 60.0,linkedin_kaggle,2026-05-09 18:56:51,linkedin_ds_it_vacancies.csv,Contract,Mid-Senior level,False
Geospatial Software Engineer,Revolution Technologies,United States,91.0 - 95.0,linkedin_kaggle,2026-05-09 18:56:51,linkedin_ds_it_vacancies.csv,Contract,Associate,True
Data Engineer,Educated Solutions Corp,United States, - ,linkedin_kaggle,2026-05-09 18:56:51,linkedin_ds_it_vacancies.csv,Full-time,Associate,True
Lead Data Engineer,Harnham,"New York, NY",65.0 - 85.0,linkedin_kaggle,2026-05-09 18:56:51,linkedin_ds_it_vacancies.csv,Contract,Mid-Senior level,True
Senior Data Engineer,Harnham,United States,70.0 - 80.0,linkedin_kaggle,2026-05-09 18:56:51,linkedin_ds_it_vacancies.csv,Contract,Mid-Senior level,True
Business Intelligence Specialist,Red-D-Arc,United States, - ,linkedin_kaggle,2026-05-09 18:56:51,linkedin_ds_it_vacancies.csv,Full-time,,True
Lead Software Engineer,"Bluebeam, Inc.",United States, - ,linkedin_kaggle,2026-05-09 18:56:51,linkedin_ds_it_vacancies.csv,Full-time,Mid-Senior level,True
Lead Power BI Analyst,McKesson,"Irving, TX",131100.0 - 218500.0,linkedin_kaggle,2026-05-09 18:56:51,linkedin_ds_it_vacancies.csv,Full-time,Mid-Senior level,False
Meteorological Data Scientist,Atmospheric G2,"Manchester, NH", - ,linkedin_kaggle,2026-05-09 18:56:51,linkedin_ds_it_vacancies.csv,Full-time,,False
Software Engineer in Test,NLB Services,"Atlanta, GA",45.0 - 50.0,linkedin_kaggle,2026-05-09 18:56:51,linkedin_ds_it_vacancies.csv,Contract,,False
Senior Machine Learning Engineer,Commit: AI Career Agents for Developers,United States, - ,linkedin_kaggle,2026-05-09 18:56:51,linkedin_ds_it_vacancies.csv,Full-time,Mid-Senior level,True
Senior Software Engineer,PRI Technology,"Holmdel, NJ",80.0 - 90.0,linkedin_kaggle,2026-05-09 18:56:51,linkedin_ds_it_vacancies.csv,Contract,Mid-Senior level,False
Data Analyst,Vertisystem,"Pennsylvania, United States",40.0 - 42.0,linkedin_kaggle,2026-05-09 18:56:51,linkedin_ds_it_vacancies.csv,Contract,Mid-Senior level,True
Data Scientist,One to One Health,"Chattanooga, TN", - ,linkedin_kaggle,2026-05-09 18:56:51,linkedin_ds_it_vacancies.csv,Full-time,,False
Senior Software Engineer,Selby Jennings,"New York, United States",500000.0 - 1000000.0,linkedin_kaggle,2026-05-09 18:56:51,linkedin_ds_it_vacancies.csv,Full-time,Mid-Senior level,False
Senior Java Software Engineer,PRI Technology,"Danbury, CT",80.0 - 90.0,linkedin_kaggle,2026-05-09 18:56:51,linkedin_ds_it_vacancies.csv,Contract,Mid-Senior level,False
Data Analyst,Infojini Inc,"Greenville, SC", - ,linkedin_kaggle,2026-05-09 18:56:51,linkedin_ds_it_vacancies.csv,Contract,Associate,False
Pharmacy Software Engineer,"Two Point Conversions, Inc.",United States,80000.0 - 85000.0,linkedin_kaggle,2026-05-09 18:56:51,linkedin_ds_it_vacancies.csv,Full-time,,True
"Data Scientist, Product Analytics",Etsy,"Brooklyn, NY", - ,linkedin_kaggle,2026-05-09 18:56:51,linkedin_ds_it_vacancies.csv,Full-time,Entry level,False
Junior Software Engineer,Не указана,United States, - ,linkedin_kaggle,2026-05-09 18:56:51,linkedin_ds_it_vacancies.csv,Full-time,,True
Senior Control Software Engineer,"HTI Cybernetics, Inc.","Sterling Heights, MI", - ,linkedin_kaggle,2026-05-09 18:56:51,linkedin_ds_it_vacancies.csv,Full-time,Mid-Senior level,False
Senior Analytics Engineer,Torticity,"Boca Raton, FL", - ,linkedin_kaggle,2026-05-09 18:56:51,linkedin_ds_it_vacancies.csv,Full-time,Mid-Senior level,True
Senior Business Intelligence Engineer,KW Specialty Insurance Company,United States, - ,linkedin_kaggle,2026-05-09 18:56:51,linkedin_ds_it_vacancies.csv,Full-time,,True
Data Engineering Lead (Permanent Direct Hire),Bayforce,"New York, United States",160000.0 - 188700.0,linkedin_kaggle,2026-05-09 18:56:51,linkedin_ds_it_vacancies.csv,Full-time,Mid-Senior level,False
Credit Bureau Management Technology Lead Software Engineer,Wells Fargo,"Charlotte, NC", - ,linkedin_kaggle,2026-05-09 18:56:51,linkedin_ds_it_vacancies.csv,Full-time,Mid-Senior level,False
Senior Software Engineer (#001483),Wells Fargo,"Chandler, AZ", - ,linkedin_kaggle,2026-05-09 18:56:51,linkedin_ds_it_vacancies.csv,Full-time,Mid-Senior level,False
Marketing Business Intelligence Manager,Verizon,"Basking Ridge, NJ", - ,linkedin_kaggle,2026-05-09 18:56:51,linkedin_ds_it_vacancies.csv,Full-time,Mid-Senior level,False
Business Intelligence Analys,IAT Insurance Group,"Raleigh, NC", - ,linkedin_kaggle,2026-05-09 18:56:51,linkedin_ds_it_vacancies.csv,Full-time,Entry level,False
Database Software Engineer,Rangam,United States,40.0 - 42.0,linkedin_kaggle,2026-05-09 18:56:51,linkedin_ds_it_vacancies.csv,Contract,Mid-Senior level,True
Principal Data Scientist,Verizon,"Ashburn, VA", - ,linkedin_kaggle,2026-05-09 18:56:51,linkedin_ds_it_vacancies.csv,Full-time,Mid-Senior level,False
Senior Healthcare Data Analyst,Medica,United States,67100.0 - 115100.0,linkedin_kaggle,2026-05-09 18:56:51,linkedin_ds_it_vacancies.csv,Full-time,Mid-Senior level,True
"Staff Software Engineer, Database Infrastructure",Box,"Redwood City, CA",217000.0 - 271500.0,linkedin_kaggle,2026-05-09 18:56:51,linkedin_ds_it_vacancies.csv,Full-time,,False
Senior Software Engineer,Motion Recruitment,"Nashua, NH", - ,linkedin_kaggle,2026-05-09 18:56:51,linkedin_ds_it_vacancies.csv,Full-time,Mid-Senior level,False
Data Scientist,Apt,"Birmingham, AL",100.0 - 115.0,linkedin_kaggle,2026-05-09 18:56:51,linkedin_ds_it_vacancies.csv,Full-time,Mid-Senior level,False
Military Fellowship - Data Scientist,Verizon,"Basking Ridge, NJ", - ,linkedin_kaggle,2026-05-09 18:56:51,linkedin_ds_it_vacancies.csv,Full-time,Associate,False
Senior Software Engineer,Invisinet Technologies,"Houston, TX", - ,linkedin_kaggle,2026-05-09 18:56:51,linkedin_ds_it_vacancies.csv,Full-time,,True
Full Stack Software Engineer,BetterHelp,"Mountain View, CA",110000.0 - 160000.0,linkedin_kaggle,2026-05-09 18:56:51,linkedin_ds_it_vacancies.csv,Full-time,Entry level,True
Data Analyst | Power BI (Remote),Trace3,"Irvine, CA",106300.0 - 143800.0,linkedin_kaggle,2026-05-09 18:56:51,linkedin_ds_it_vacancies.csv,Full-time,Mid-Senior level,True
Data Analyst (contract),Wells Fargo,"Charlotte, NC", - ,linkedin_kaggle,2026-05-09 18:56:51,linkedin_ds_it_vacancies.csv,Contract,Mid-Senior level,False
Senior Partnership Analytics Analyst,Credit Karma,"Charlotte, NC", - ,linkedin_kaggle,2026-05-09 18:56:51,linkedin_ds_it_vacancies.csv,Full-time,Mid-Senior level,False
Principal Software Engineer,BigRio,"Boston, MA", - ,linkedin_kaggle,2026-05-09 18:56:51,linkedin_ds_it_vacancies.csv,Contract,Mid-Senior level,True
W2 only Oracle Business Intelligence Cloud Connector,SVAM International Inc.,"Phoenix, AZ", - ,linkedin_kaggle,2026-05-09 18:56:51,linkedin_ds_it_vacancies.csv,Contract,Mid-Senior level,True
Data Analyst,PrimePay,"West Chester, PA",60000.0 - 80000.0,linkedin_kaggle,2026-05-09 18:56:51,linkedin_ds_it_vacancies.csv,Full-time,Entry level,True
Senior iOS Software Engineer - Growth,"Reddit, Inc.",United States,190800.0 - 267100.0,linkedin_kaggle,2026-05-09 18:56:51,linkedin_ds_it_vacancies.csv,Internship,Mid-Senior level,True
Senior Software Engineer,Roadtrip Nation,United States,102600.0 - 125000.0,linkedin_kaggle,2026-05-09 18:56:51,linkedin_ds_it_vacancies.csv,Full-time,Mid-Senior level,True
Data Engineer,Bayforce,"New York, United States", - ,linkedin_kaggle,2026-05-09 18:56:51,linkedin_ds_it_vacancies.csv,Full-time,Mid-Senior level,False
Senior Principal Software Engineer ,KellyMitchell Group,United States, - ,linkedin_kaggle,2026-05-09 18:56:51,linkedin_ds_it_vacancies.csv,Contract,Mid-Senior level,True
Machine Learning Software Engineer,Flexton Inc.,"Bentonville, AR", - ,linkedin_kaggle,2026-05-09 18:56:51,linkedin_ds_it_vacancies.csv,Contract,Mid-Senior level,False
"Software Engineer II, Ruby",Procore Technologies,"Austin, TX", - ,linkedin_kaggle,2026-05-09 18:56:51,linkedin_ds_it_vacancies.csv,Full-time,Entry level,False
"Staff Software Engineer, Backend (Ruby)",Procore Technologies,"Austin, TX",158680.0 - 218185.0,linkedin_kaggle,2026-05-09 18:56:51,linkedin_ds_it_vacancies.csv,Full-time,Entry level,False
Junior AI/ML Software Engineer,ECS,United States, - ,linkedin_kaggle,2026-05-09 18:56:51,linkedin_ds_it_vacancies.csv,Full-time,Mid-Senior level,True
"Software Engineer - DevOps, Global Banking",UBS,"New York, NY", - ,linkedin_kaggle,2026-05-09 18:56:51,linkedin_ds_it_vacancies.csv,Full-time,,False
Staff Software Engineer,Procore Technologies,"Austin, TX",158680.0 - 218185.0,linkedin_kaggle,2026-05-09 18:56:51,linkedin_ds_it_vacancies.csv,Full-time,Mid-Senior level,False
"Senior Software Engineer, Backend",Procore Technologies,"Austin, TX",134800.0 - 185350.0,linkedin_kaggle,2026-05-09 18:56:51,linkedin_ds_it_vacancies.csv,Full-time,Mid-Senior level,False
Sr Data Engineer,General Mills,"Minneapolis, MN",129147.0 - 174600.0,linkedin_kaggle,2026-05-09 18:56:51,linkedin_ds_it_vacancies.csv,Full-time,Mid-Senior level,False
Senior Manager of Software Engineering,Morningstar,"Chicago, IL", - ,linkedin_kaggle,2026-05-09 18:56:51,linkedin_ds_it_vacancies.csv,Full-time,Mid-Senior level,False
"Staff Software Engineer, Full-Stack (Ruby)",Procore Technologies,"Austin, TX", - ,linkedin_kaggle,2026-05-09 18:56:51,linkedin_ds_it_vacancies.csv,Full-time,Mid-Senior level,False
Software Engineer,Broadcom,"Palo Alto, CA", - ,linkedin_kaggle,2026-05-09 18:56:51,linkedin_ds_it_vacancies.csv,Full-time,Mid-Senior level,False
Business Intelligence Analyst,Reliance Matrix,"Philadelphia, PA", - ,linkedin_kaggle,2026-05-09 18:56:51,linkedin_ds_it_vacancies.csv,Full-time,,False
"Senior Software Engineer, Machine Learning",Arcus,"New York, NY", - ,linkedin_kaggle,2026-05-09 18:56:51,linkedin_ds_it_vacancies.csv,Full-time,,False
"Staff Software Engineer (Mobile), Bitkey",Block,"San Francisco, CA", - ,linkedin_kaggle,2026-05-09 18:56:51,linkedin_ds_it_vacancies.csv,Full-time,Associate,True
Software Engineer / DevOps (Security) - Hybrid/Remote,Liberty Mutual Insurance,"Boston, MA",81700.0 - 152400.0,linkedin_kaggle,2026-05-09 18:56:51,linkedin_ds_it_vacancies.csv,Full-time,Mid-Senior level,False
Lead Software Engineer - Finance (Hybrid),The Job Network,"Reston, VA", - ,linkedin_kaggle,2026-05-09 18:56:51,linkedin_ds_it_vacancies.csv,Full-time,,False
Data Analyst,Cisco Meraki,United States, - ,linkedin_kaggle,2026-05-09 18:56:51,linkedin_ds_it_vacancies.csv,Full-time,Entry level,True
Principal Embedded Software Engineer,"Softworld, a Kelly Company","California City, CA",190.0 - 200.0,linkedin_kaggle,2026-05-09 18:56:51,linkedin_ds_it_vacancies.csv,Full-time,Mid-Senior level,False
Data Analyst,orangepeople,"Orlando, FL",84.0 - 89.0,linkedin_kaggle,2026-05-09 18:56:51,linkedin_ds_it_vacancies.csv,Contract,Mid-Senior level,False
"Cobol with SQL, Pl/SQL Developer with Energy/ Utility background",Cognizant,"Albuquerque, NM", - ,linkedin_kaggle,2026-05-09 18:56:51,linkedin_ds_it_vacancies.csv,Full-time,,False
Machine Learning Engineer I,MRI Software,Greater Cleveland, - ,linkedin_kaggle,2026-05-09 18:56:51,linkedin_ds_it_vacancies.csv,Full-time,Entry level,False
"Lead R&D Software Engineer, Software/Hardware Integration",The University of Texas at Austin,"Austin, TX",104000.0 - 174000.0,linkedin_kaggle,2026-05-09 18:56:51,linkedin_ds_it_vacancies.csv,Full-time,,False
Senior Business Analytics & Reporting Analyst--Operations,M&T Bank,"Buffalo, NY",60890.34 - 101483.9,linkedin_kaggle,2026-05-09 18:56:51,linkedin_ds_it_vacancies.csv,Full-time,,False
Senior Business Analytics & Reporting Analyst--Technology,M&T Bank,"Buffalo, NY",60890.34 - 101483.9,linkedin_kaggle,2026-05-09 18:56:51,linkedin_ds_it_vacancies.csv,Full-time,,False
Senior Financial Software Engineer - Workday (Hybrid),The Job Network,"Reston, VA", - ,linkedin_kaggle,2026-05-09 18:56:51,linkedin_ds_it_vacancies.csv,Full-time,,False
Data Analyst II - Staff Credentialing,CHRISTUS Health,"Irving, TX", - ,linkedin_kaggle,2026-05-09 18:56:51,linkedin_ds_it_vacancies.csv,Full-time,,False
Data Engineer,AAA Auto Club Enterprises,"Costa Mesa, CA", - ,linkedin_kaggle,2026-05-09 18:56:51,linkedin_ds_it_vacancies.csv,Full-time,Entry level,False
Data Scientist,Gensler,"Washington, DC", - ,linkedin_kaggle,2026-05-09 18:56:51,linkedin_ds_it_vacancies.csv,Full-time,,False
Senior QE Automation Engineer - Commercial Software Engineering,General Motors,"Roswell, GA", - ,linkedin_kaggle,2026-05-09 18:56:51,linkedin_ds_it_vacancies.csv,Full-time,,False
"Senior Manager Risk Practice, Credit Risk - Visa Consulting and Analytics",Visa,"Atlanta, GA",125500.0 - 192750.0,linkedin_kaggle,2026-05-09 18:56:51,linkedin_ds_it_vacancies.csv,Full-time,Mid-Senior level,False
Sr Software Engineer,Compunnel Inc.,"Hillsboro, OR", - ,linkedin_kaggle,2026-05-09 18:56:51,linkedin_ds_it_vacancies.csv,Contract,Mid-Senior level,False
Senior Business Intelligence Developer,Solugenix,"Los Angeles, CA",64.0 - 68.0,linkedin_kaggle,2026-05-09 18:56:51,linkedin_ds_it_vacancies.csv,Contract,Mid-Senior level,False
"Staff Engineer, Machine Learning",Madhive,"Indiana, United States", - ,linkedin_kaggle,2026-05-09 18:56:51,linkedin_ds_it_vacancies.csv,Full-time,Mid-Senior level,False
Senior Software Engineer-GCP,Ford Motor Company,United States, - ,linkedin_kaggle,2026-05-09 18:56:51,linkedin_ds_it_vacancies.csv,Full-time,,True
"Senior Software Engineer, PHP",Huntress,"Only, TN",150000.0 - 180000.0,linkedin_kaggle,2026-05-09 18:56:51,linkedin_ds_it_vacancies.csv,Full-time,Mid-Senior level,True
Senior Security Software Engineer,Ford Motor Company,"Dearborn, MI", - ,linkedin_kaggle,2026-05-09 18:56:51,linkedin_ds_it_vacancies.csv,Full-time,,False
Senior Data Analyst,Huntress,United States,120000.0 - 140000.0,linkedin_kaggle,2026-05-09 18:56:51,linkedin_ds_it_vacancies.csv,Full-time,Mid-Senior level,True
Software Engineer I (.Net full stack),Travelers,"Hartford, CT",94900.0 - 156600.0,linkedin_kaggle,2026-05-09 18:56:51,linkedin_ds_it_vacancies.csv,Full-time,,False
Data Scientist,International Paper,"Memphis, TN",116600.0 - 122500.0,linkedin_kaggle,2026-05-09 18:56:51,linkedin_ds_it_vacancies.csv,Full-time,,False
Salesforce Software Engineer,"IDR, Inc.","Memphis, TN", - ,linkedin_kaggle,2026-05-09 18:56:51,linkedin_ds_it_vacancies.csv,Full-time,Mid-Senior level,True
"Data Scientist, Marketing",Turo,"San Francisco, CA", - ,linkedin_kaggle,2026-05-09 18:56:51,linkedin_ds_it_vacancies.csv,Full-time,Entry level,False
Business Analytics Manager,DHL Supply Chain,"Whiteland, IN", - ,linkedin_kaggle,2026-05-09 18:56:51,linkedin_ds_it_vacancies.csv,Full-time,Mid-Senior level,False
Senior Manager AML Analytics and Insights,TD,"Mount Laurel, NJ",122304.0 - 199680.0,linkedin_kaggle,2026-05-09 18:56:51,linkedin_ds_it_vacancies.csv,Full-time,Mid-Senior level,True
Full Stack Software Engineer - API Platform,Ford Motor Company,United States, - ,linkedin_kaggle,2026-05-09 18:56:51,linkedin_ds_it_vacancies.csv,Full-time,,True
Senior Manager AML Advanced Analytics,TD,"Mount Laurel, NJ",122304.0 - 199680.0,linkedin_kaggle,2026-05-09 18:56:51,linkedin_ds_it_vacancies.csv,Full-time,Mid-Senior level,True
Senior Product Software Engineer | C# | Azure,Wolters Kluwer,"Coppell, TX", - ,linkedin_kaggle,2026-05-09 18:56:51,linkedin_ds_it_vacancies.csv,Full-time,Mid-Senior level,True
Software Engineer 3,"IDR, Inc.","Lenexa, KS", - ,linkedin_kaggle,2026-05-09 18:56:51,linkedin_ds_it_vacancies.csv,Full-time,Mid-Senior level,True
Embedded Software Engineer,Scorebird,"Nashville, TN", - ,linkedin_kaggle,2026-05-09 18:56:51,linkedin_ds_it_vacancies.csv,Full-time,,False
Financial Business Intelligence Developer,POWER Engineers,"Boise, ID",70000.0 - 120000.0,linkedin_kaggle,2026-05-09 18:56:51,linkedin_ds_it_vacancies.csv,Full-time,Mid-Senior level,True
Software Engineer BIDM,"IDR, Inc.","Memphis, TN", - ,linkedin_kaggle,2026-05-09 18:56:51,linkedin_ds_it_vacancies.csv,Full-time,Mid-Senior level,True
Data Engineering Lead,Не указана,"New York, NY",160000.0 - 188000.0,linkedin_kaggle,2026-05-09 18:56:51,linkedin_ds_it_vacancies.csv,Full-time,Mid-Senior level,False
Manager Space and Assortment Analytics,Advantage Solutions,"St Louis, MO",46000.0 - 54000.0,linkedin_kaggle,2026-05-09 18:56:51,linkedin_ds_it_vacancies.csv,Full-time,Mid-Senior level,False
Principal Data Scientist (Credit Risk & Decision Science),Navy Federal Credit Union,"Vienna, VA",127900.0 - 199900.0,linkedin_kaggle,2026-05-09 18:56:51,linkedin_ds_it_vacancies.csv,Other,Entry level,False
"Staff Software Engineer, ML Serving Platform",Pinterest,United States, - ,linkedin_kaggle,2026-05-09 18:56:51,linkedin_ds_it_vacancies.csv,Full-time,Mid-Senior level,True
IT-Entwicklung für  Zukunft der Erneuerbaren Energie - Speicher & Wasserstoff,acteno energy GmbH,Heidelberg,,arbeitnow.com,2026-05-09 17:52:43,arbeitnow_vacancies.csv,,,
Steuerberater/in,Steuerberater Koslowski,Bergisch Gladbach,,arbeitnow.com,2026-05-09 17:52:43,arbeitnow_vacancies.csv,,,
Customer Success Manager (m/w/d) für Steuerkanzleien,Desch Digital GmbH,Hamburg,,arbeitnow.com,2026-05-09 17:52:43,arbeitnow_vacancies.csv,,,
Full-Stack Software Engineer / Backend & Frontend - Bootstrapped SaaS Startup (m/w/d) remote in EU,DatAds,Cologne,,arbeitnow.com,2026-05-09 17:52:43,arbeitnow_vacancies.csv,,,
Social Media Manager / Content Creator (m/w/d),Kampagnenwerk Marketing GmbH,Frankfurt am Main,,arbeitnow.com,2026-05-09 17:52:43,arbeitnow_vacancies.csv,,,
Tech-Lead (m/w/d) | KI & Softwareentwicklung,Agentur Philipp GmbH,Dingolfing,,arbeitnow.com,2026-05-09 17:52:43,arbeitnow_vacancies.csv,,,
Grafikdesigner für technische B2B Kommunikation und Watertech Marketing,Interius Solutions GmbH,Schweinfurt,,arbeitnow.com,2026-05-09 17:52:43,arbeitnow_vacancies.csv,,,
LinkedIn & E-Mail Marketing Manager für B2B Watertech Content,Interius Solutions GmbH,Schweinfurt,,arbeitnow.com,2026-05-09 17:52:43,arbeitnow_vacancies.csv,,,
"KI-gestützter Online Marketing Manager (m/w/d) - META Ads, KI-Automatisierung",LK Recruiting GmbH,Braunschweig,,arbeitnow.com,2026-05-09 17:52:43,arbeitnow_vacancies.csv,,,
Freelance Marketing Manager / Social Media Manager (m/w/d),NaturGEG Vital GmbH,Konstanz,,arbeitnow.com,2026-05-09 17:52:43,arbeitnow_vacancies.csv,,,
(Senior) Online Marketing Manager (m/w/d),LK Recruiting GmbH,Braunschweig,,arbeitnow.com,2026-05-09 17:52:43,arbeitnow_vacancies.csv,,,
ART DIRECTOR / SENIOR ART DIRECTOR (M/W/D),DYADIC GmbH,Fürth,,arbeitnow.com,2026-05-09 17:52:43,arbeitnow_vacancies.csv,,,
Personalmanager Schwerpunkt Disposition (m/w/d),EHG Elb Handwerk GmbH,Hamburg,,arbeitnow.com,2026-05-09 17:52:43,arbeitnow_vacancies.csv,,,
Senior Full-Stack Kotlin Engineer (m/f/d) - Station Management & Inventory,Flix,"Berlin, Berlin, Germany",,arbeitnow.com,2026-05-09 17:52:43,arbeitnow_vacancies.csv,,,
Senior Product Manager,Gradle Technologies,Germany,,arbeitnow.com,2026-05-09 17:52:43,arbeitnow_vacancies.csv,,,
Senior Cloud Software Engineer (TypeScript & AWS) (m/w/d),vOffice Software,Hamburg,,arbeitnow.com,2026-05-09 17:52:43,arbeitnow_vacancies.csv,,,
"Risk Controller Regulatory Reporting (COREP, CRR)",coni+partner AG,Munich,,arbeitnow.com,2026-05-09 17:52:43,arbeitnow_vacancies.csv,,,
Operations Manager / Fulfillment Manager (m/w/d) Lager & Versand | 20 Stunden | perspektivisch Vollzeit,Powershop4U GmbH,Schwarzach am Main,,arbeitnow.com,2026-05-09 17:52:43,arbeitnow_vacancies.csv,,,
Fachinformatiker Systemintegration / Systemadministrator (m/w/d),IT Fabrik Systemhaus GmbH u. Co.KG,Wittlich,,arbeitnow.com,2026-05-09 17:52:43,arbeitnow_vacancies.csv,,,
Werkstudent Social Commerce Manager - TikTok Shop ( m/w/d),Sportstech Brands Holding GmbH,Berlin,,arbeitnow.com,2026-05-09 17:52:43,arbeitnow_vacancies.csv,,,
Teamlead IT-Service & Innovation (m/w/d),Hochschul-IT-Services.nrw,Düsseldorf,,arbeitnow.com,2026-05-09 17:52:43,arbeitnow_vacancies.csv,,,
Junior Business Automation Manager (m/w/d) – Schwerpunkt KI & Prozessoptimierung,Sportstech Brands Holding GmbH,Berlin,,arbeitnow.com,2026-05-09 17:52:43,arbeitnow_vacancies.csv,,,
Account Manager (m/w/d) Managed Services - KRITIS,EWERK GROUP,Leipzig,,arbeitnow.com,2026-05-09 17:52:43,arbeitnow_vacancies.csv,,,
UI Designer (m/w/d),COBE,Munich,,arbeitnow.com,2026-05-09 17:52:43,arbeitnow_vacancies.csv,,,
Mitarbeiter für die Stammdatenpflege (m/w/d),reboVet Veterinär-Fachgroßhandel GmbH und Co. KG,Bocholt,,arbeitnow.com,2026-05-09 17:52:43,arbeitnow_vacancies.csv,,,
Auszubildende Fachinformatiker Systemintegration (m/w/d),IT Fabrik Systemhaus GmbH u. Co.KG,Bitburg,,arbeitnow.com,2026-05-09 17:52:43,arbeitnow_vacancies.csv,,,
KI-Entwickler & Innovation Specialist (m/w/d),IT Fabrik Systemhaus GmbH u. Co.KG,Bitburg,,arbeitnow.com,2026-05-09 17:52:43,arbeitnow_vacancies.csv,,,
Cluster Revenue Manager (m/w/d),Event Hotels,Cologne,,arbeitnow.com,2026-05-09 17:52:43,arbeitnow_vacancies.csv,,,
Founder's Associate Intern,Doctario GmbH,Munich,,arbeitnow.com,2026-05-09 17:52:43,arbeitnow_vacancies.csv,,,
DevOps-Engineer (m/w/d),IT42morrow IFT GmbH,Brandenburg,,arbeitnow.com,2026-05-09 17:52:43,arbeitnow_vacancies.csv,,,
Fullstack-Entwickler Java (m/w/d),IT42morrow IFT GmbH,Frankfurt am Main,,arbeitnow.com,2026-05-09 17:52:43,arbeitnow_vacancies.csv,,,
Staff Mobile Engineer (all genders),Urban Sports Club,"Berlin, Berlin, Deutschland",,arbeitnow.com,2026-05-09 17:52:43,arbeitnow_vacancies.csv,,,
Senior Recruiter (m/f/d) – FlixTrain,Flix,"Berlin, Berlin, Germany",,arbeitnow.com,2026-05-09 17:52:43,arbeitnow_vacancies.csv,,,
"Senior Software Engineer (TypeScript, NestJS/Node.js) (m/f/x)",Atolls,"Berlin, Berlin, Germany",,arbeitnow.com,2026-05-09 17:52:43,arbeitnow_vacancies.csv,,,
Marketing Manager (w/m/d) Brand & Content,Skalar,Munich,,arbeitnow.com,2026-05-09 17:52:43,arbeitnow_vacancies.csv,,,
Senior UX/UI Designer (d/w/m),Rulemapping Group GmbH,Berlin,,arbeitnow.com,2026-05-09 17:52:43,arbeitnow_vacancies.csv,,,
Academy Manager (d/w/m),Rulemapping Group GmbH,Berlin,,arbeitnow.com,2026-05-09 17:52:43,arbeitnow_vacancies.csv,,,
Automation Engineer (all levels) (d/w/m),Rulemapping Group GmbH,Berlin,,arbeitnow.com,2026-05-09 17:52:43,arbeitnow_vacancies.csv,,,
(Senior) B2B Strategy Consultant (m/w/d),inboundfriends,Düsseldorf,,arbeitnow.com,2026-05-09 17:52:43,arbeitnow_vacancies.csv,,,
(Junior) HR Manager (m/w/d) - Schwerpunkt Recruiting,MY Humancapital GmbH,Munich,,arbeitnow.com,2026-05-09 17:52:43,arbeitnow_vacancies.csv,,,
System Engineer Requirements & Systemarchitektur (m/w/d),MY Humancapital GmbH,Munich,,arbeitnow.com,2026-05-09 17:52:43,arbeitnow_vacancies.csv,,,
Projektassistenz (m/w/d) - Projektkoordination,MY Humancapital GmbH,Munich,,arbeitnow.com,2026-05-09 17:52:43,arbeitnow_vacancies.csv,,,
Technischer Objektverwalter (m/w/d),MY Humancapital GmbH,Stuttgart,,arbeitnow.com,2026-05-09 17:52:43,arbeitnow_vacancies.csv,,,
Technischer Property Manager (m/w/d),MY Humancapital GmbH,Munich,,arbeitnow.com,2026-05-09 17:52:43,arbeitnow_vacancies.csv,,,
Objektverwalter Facility Management (m/w/d),MY Humancapital GmbH,Munich,,arbeitnow.com,2026-05-09 17:52:43,arbeitnow_vacancies.csv,,,
Referent Projektfinanzen (m/w/d),MY Humancapital GmbH,Munich,,arbeitnow.com,2026-05-09 17:52:43,arbeitnow_vacancies.csv,,,
Projektcontroller (m/w/d),MY Humancapital GmbH,Munich,,arbeitnow.com,2026-05-09 17:52:43,arbeitnow_vacancies.csv,,,
Software Tester Testautomatisierung (m/w/d),MY Humancapital GmbH,Munich,,arbeitnow.com,2026-05-09 17:52:43,arbeitnow_vacancies.csv,,,
Software Tester - Simulation & Training (m/w/d),MY Humancapital GmbH,Munich,,arbeitnow.com,2026-05-09 17:52:43,arbeitnow_vacancies.csv,,,
Messtechniker / Kalibriertechniker (m/w/d),MY Humancapital GmbH,Munich,,arbeitnow.com,2026-05-09 17:52:43,arbeitnow_vacancies.csv,,,
Spezialist (m/w/d) - Drittmittelprüfung,MY Humancapital GmbH,Munich,,arbeitnow.com,2026-05-09 17:52:43,arbeitnow_vacancies.csv,,,
Projektmanager (m/w/d) Sanierung,MY Humancapital GmbH,Munich,,arbeitnow.com,2026-05-09 17:52:43,arbeitnow_vacancies.csv,,,
Debitorenbuchhalter (m/w/d),MY Humancapital GmbH,Gräfelfing,,arbeitnow.com,2026-05-09 17:52:43,arbeitnow_vacancies.csv,,,
Controller (m/w/d) - Riskmanagement im Bankenwesen,MY Humancapital GmbH,Frankfurt am Main,,arbeitnow.com,2026-05-09 17:52:43,arbeitnow_vacancies.csv,,,
IT Support Specialist (m/w/d) - 2nd Level,MY Humancapital GmbH,Munich,,arbeitnow.com,2026-05-09 17:52:43,arbeitnow_vacancies.csv,,,
Systemingenieur (m/w/d) - Anforderungsmanagement,MY Humancapital GmbH,Munich,,arbeitnow.com,2026-05-09 17:52:43,arbeitnow_vacancies.csv,,,
Sachbearbeiter (m/w/d) - Auftragsabrechnung,MY Humancapital GmbH,Munich,,arbeitnow.com,2026-05-09 17:52:43,arbeitnow_vacancies.csv,,,
Fachkraft für Arbeitssicherheit / Sicherheitsingenieur (m/w/d),MY Humancapital GmbH,Dresden,,arbeitnow.com,2026-05-09 17:52:43,arbeitnow_vacancies.csv,,,
Sachbearbeiter Forderungsmanagement (m/w/d),MY Humancapital GmbH,Munich,,arbeitnow.com,2026-05-09 17:52:43,arbeitnow_vacancies.csv,,,
Strategischer Projektentwickler (m/w/d),MY Humancapital GmbH,Erfurt,,arbeitnow.com,2026-05-09 17:52:43,arbeitnow_vacancies.csv,,,
Linux Systemadministrator (m/w/d),MY Humancapital GmbH,Dresden,,arbeitnow.com,2026-05-09 17:52:43,arbeitnow_vacancies.csv,,,
Sachbearbeiter Finanzen / Verwaltungsfachkraft (m/w/d),MY Humancapital GmbH,Munich,,arbeitnow.com,2026-05-09 17:52:43,arbeitnow_vacancies.csv,,,
Konfigurationsmanager / Produktkoordinator (m/w/d),MY Humancapital GmbH,Munich,,arbeitnow.com,2026-05-09 17:52:43,arbeitnow_vacancies.csv,,,
Supplier Quality Engineer (m/w/d),MY Humancapital GmbH,Munich,,arbeitnow.com,2026-05-09 17:52:43,arbeitnow_vacancies.csv,,,
Senior Systemadministrator (m/w/d) IT-Infrastruktur,MY Humancapital GmbH,Hamburg,,arbeitnow.com,2026-05-09 17:52:43,arbeitnow_vacancies.csv,,,
DevSecOps / IT Security Specialist (m/w/d),MY Humancapital GmbH,Augsburg,,arbeitnow.com,2026-05-09 17:52:43,arbeitnow_vacancies.csv,,,
Verwaltungsfachwirt / Sachbearbeiter Finanzwesen (m/w/d),MY Humancapital GmbH,Munich,,arbeitnow.com,2026-05-09 17:52:43,arbeitnow_vacancies.csv,,,
Systemadministrator (m/w/d),MY Humancapital GmbH,Munich,,arbeitnow.com,2026-05-09 17:52:43,arbeitnow_vacancies.csv,,,
IT Support Specialist / IT Systemadministrator (m/w/d),MY Humancapital GmbH,Munich,,arbeitnow.com,2026-05-09 17:52:43,arbeitnow_vacancies.csv,,,
Techniker Systemintegration / Mechatronik (m/w/d),MY Humancapital GmbH,Munich,,arbeitnow.com,2026-05-09 17:52:43,arbeitnow_vacancies.csv,,,
Vertriebscontroller im Bankenumfeld (m/w/d),MY Humancapital GmbH,Munich,,arbeitnow.com,2026-05-09 17:52:43,arbeitnow_vacancies.csv,,,
Materialdisponent / Logistik-Koordinator (m/w/d),MY Humancapital GmbH,Munich,,arbeitnow.com,2026-05-09 17:52:43,arbeitnow_vacancies.csv,,,
Privatkundenbetreuer (m/w/d),MY Humancapital GmbH,Bad Tölz,,arbeitnow.com,2026-05-09 17:52:43,arbeitnow_vacancies.csv,,,
Bankkaufmann / Kundenberater (m/w/d),MY Humancapital GmbH,Munich,,arbeitnow.com,2026-05-09 17:52:43,arbeitnow_vacancies.csv,,,
Kundenberater Private Banking (m/w/d),MY Humancapital GmbH,Munich,,arbeitnow.com,2026-05-09 17:52:43,arbeitnow_vacancies.csv,,,
IT Administrator (m/w/d),MY Humancapital GmbH,Munich,,arbeitnow.com,2026-05-09 17:52:43,arbeitnow_vacancies.csv,,,
Betriebskostenabrechner (m/w/d),MY Humancapital GmbH,Munich,,arbeitnow.com,2026-05-09 17:52:43,arbeitnow_vacancies.csv,,,
Social Media & Community Manager (all genders),mammaly,Berlin,,arbeitnow.com,2026-05-09 17:52:43,arbeitnow_vacancies.csv,,,
Senior Customer Success Manager - Founding Role,Depotcharge,Munich,,arbeitnow.com,2026-05-09 17:52:43,arbeitnow_vacancies.csv,,,
Head of Operational Excellence bei Osypka GmbH,Freiburg Institut,Rheinfelden,,arbeitnow.com,2026-05-09 17:52:43,arbeitnow_vacancies.csv,,,
SEO Marketing Manager (m/f/x) in Köln,konfetti GmbH,Cologne,,arbeitnow.com,2026-05-09 17:52:43,arbeitnow_vacancies.csv,,,
Marketing Manager (m/f/x) in Köln,konfetti GmbH,Cologne,,arbeitnow.com,2026-05-09 17:52:43,arbeitnow_vacancies.csv,,,
Senior Product Manager – Connectivity (all genders),GIATA GmbH,Berlin,,arbeitnow.com,2026-05-09 17:52:43,arbeitnow_vacancies.csv,,,
Visiting Investment Analyst,P3A,Berlin,,arbeitnow.com,2026-05-09 17:52:43,arbeitnow_vacancies.csv,,,
Senior Associate (m/f/d) Fixed Income Index Management,Solactive AG,Frankfurt am Main,,arbeitnow.com,2026-05-09 17:52:43,arbeitnow_vacancies.csv,,,
Senior Consultant SAP HCM/HR Schwerpunkt PT oder PY (m/w/d),cbs Corporate Business Solutions GmbH,Heidelberg,,arbeitnow.com,2026-05-09 17:52:43,arbeitnow_vacancies.csv,,,
(Senior) SAP SuccessFactors Consultant – Compensation / Performance & Goals (m/w/d),cbs Corporate Business Solutions GmbH,Heidelberg,,arbeitnow.com,2026-05-09 17:52:43,arbeitnow_vacancies.csv,,,
(Senior) SAP SuccessFactors Consultant – Onboarding (m/w/d),cbs Corporate Business Solutions GmbH,Heidelberg,,arbeitnow.com,2026-05-09 17:52:43,arbeitnow_vacancies.csv,,,
HR Business Architect – SuccessFactors (m/w/d),cbs Corporate Business Solutions GmbH,Heidelberg,,arbeitnow.com,2026-05-09 17:52:43,arbeitnow_vacancies.csv,,,
(Senior) SAP SuccessFactors Consultant – Employee Central mit Schwerpunkt Integration (m/w/d),cbs Corporate Business Solutions GmbH,Heidelberg,,arbeitnow.com,2026-05-09 17:52:43,arbeitnow_vacancies.csv,,,
(Senior) Consultant SAP SuccessFactors – Employee Central (m/w/d),cbs Corporate Business Solutions GmbH,München,,arbeitnow.com,2026-05-09 17:52:43,arbeitnow_vacancies.csv,,,
(Senior) SAP SuccessFactors Consultant (all genders) - Employee Central (EC) Payroll (m/w/d),cbs Corporate Business Solutions GmbH,Heidelberg,,arbeitnow.com,2026-05-09 17:52:43,arbeitnow_vacancies.csv,,,
(Senior) SAP SuccessFactors Consultant – Learning (m/w/d),cbs Corporate Business Solutions GmbH,Heidelberg,,arbeitnow.com,2026-05-09 17:52:43,arbeitnow_vacancies.csv,,,
Solution Architect SAP SuccessFactors (m/w/d),cbs Corporate Business Solutions GmbH,Heidelberg,,arbeitnow.com,2026-05-09 17:52:43,arbeitnow_vacancies.csv,,,
Head of Marketing & Growth (m/w/d),syte GmbH,Münster,,arbeitnow.com,2026-05-09 17:52:43,arbeitnow_vacancies.csv,,,
IT Support Engineer - Munich Based,Bragi,Munich,,arbeitnow.com,2026-05-09 17:52:43,arbeitnow_vacancies.csv,,,
Senior Cloud Solutions Architect (m/w/d),AOE Solutions GmbH,Wiesbaden,,arbeitnow.com,2026-05-09 17:52:43,arbeitnow_vacancies.csv,,,
ServiceNow Architect (m/w/d) - 1423,ITconfig/all GmbH,Wiesbaden,,arbeitnow.com,2026-05-09 17:52:43,arbeitnow_vacancies.csv,,,
ITSM Process Owner & Manager (m/w/d) - 1422,ITconfig/all GmbH,Wiesbaden,,arbeitnow.com,2026-05-09 17:52:43,arbeitnow_vacancies.csv,,,
Senior Backend Engineer RoR (all identities),Caspar Health,Berlin,,arbeitnow.com,2026-05-09 17:52:43,arbeitnow_vacancies.csv,,,
Platform & Data Engineer Full-time · 100% Remote,neoBIM GmbH,Karlsruhe,,arbeitnow.com,2026-05-09 17:52:43,arbeitnow_vacancies.csv,,,
Konstrukteur / FEA-Spezialist Ultraschall-Recycling (m/w/d),MESSTEC Power Converter GmbH,Penzberg,,arbeitnow.com,2026-05-09 17:52:43,arbeitnow_vacancies.csv,,,
Senior Projektleiter Flottenmanagement-Rollout (m/w/x),K-tronik GmbH,Ottobrunn,,arbeitnow.com,2026-05-09 17:52:43,arbeitnow_vacancies.csv,,,
Embedded Firmware Developer (FPGA/SoC) für High Power Produkte (m/w/x),K-tronik GmbH,Berlin,,arbeitnow.com,2026-05-09 17:52:43,arbeitnow_vacancies.csv,,,
Software Test Engineer (m/w/x),K-tronik GmbH,Stuttgart,,arbeitnow.com,2026-05-09 17:52:43,arbeitnow_vacancies.csv,,,
Legal Data Engineering (m/w/d) - Praktikum (6 Monate),Silvernova GmbH,Munich,,arbeitnow.com,2026-05-09 17:52:43,arbeitnow_vacancies.csv,,,
Leiter FP&A / Finance Performance (m/w/d) I Raum Frankfurt am Main,Hoffmann.Recruiting & More,Frankfurt am Main,,arbeitnow.com,2026-05-09 17:52:43,arbeitnow_vacancies.csv,,,
Atlassian Consultant (m/w/d) in Vollzeit,Norentec GmbH,Braunschweig,,arbeitnow.com,2026-05-09 17:52:43,arbeitnow_vacancies.csv,,,
Bilanzbuchhalter / Accountant (m/w/d) 100 % remote | Vollzeit oder Teilzeit,hurra.com,Stuttgart,,arbeitnow.com,2026-05-09 17:52:43,arbeitnow_vacancies.csv,,,
Internship Online Marketing und Community Management bei Meet5 (m/w/d),Meet5 GmbH,Frankfurt am Main,,arbeitnow.com,2026-05-09 17:52:43,arbeitnow_vacancies.csv,,,
Staff Backend Engineer (.NET) (f/m/d),Apaleo,"München, Bavaria, Germany",,arbeitnow.com,2026-05-09 17:52:43,arbeitnow_vacancies.csv,,,
Senior Backend Engineer (.NET) (f/m/d),Apaleo,"München, Bavaria, Germany",,arbeitnow.com,2026-05-09 17:52:43,arbeitnow_vacancies.csv,,,
Safety Inspector (m/w/d),Flix,"Berlin, Berlin, Germany",,arbeitnow.com,2026-05-09 17:52:43,arbeitnow_vacancies.csv,,,
HSE Manager (w/m/d) im Raum Stuttgart gesucht!,agex IT gmbh,Stuttgart,,arbeitnow.com,2026-05-09 17:52:43,arbeitnow_vacancies.csv,,,
(Junior) Consultant - Bankenberater (m/w/d),Genossenschaftsverband Bayern e.V.,Munich,,arbeitnow.com,2026-05-09 17:52:43,arbeitnow_vacancies.csv,,,
(Senior) Berater für Banksteuerung und Controlling in Kreditgenossenschaften (m/w/d),Genossenschaftsverband Bayern e.V.,Munich,,arbeitnow.com,2026-05-09 17:52:43,arbeitnow_vacancies.csv,,,
Videograf:in/Content-Creator:in (all gender),5ter Stock Medienproduktion GmbH,Berlin,,arbeitnow.com,2026-05-09 17:52:43,arbeitnow_vacancies.csv,,,
Prüfungsassistent für Waren- und Dienstleistungsgenossenschaften (m/w/d),Genossenschaftsverband Bayern e.V.,Ingolstadt,,arbeitnow.com,2026-05-09 17:52:43,arbeitnow_vacancies.csv,,,
Trainee Developer / Programmierer für KI-Agenten (m/w/d),DCF Verlag GmbH,Koblenz,,arbeitnow.com,2026-05-09 17:52:43,arbeitnow_vacancies.csv,,,
Architekt (m/w/x) hardwarenahe Softwareentwicklung,K-tronik GmbH,Berlin,,arbeitnow.com,2026-05-09 17:52:43,arbeitnow_vacancies.csv,,,
Spezialist IT-Prüfung (m/w/d),Genossenschaftsverband Bayern e.V.,Ingolstadt,,arbeitnow.com,2026-05-09 17:52:43,arbeitnow_vacancies.csv,,,
Prüfungsassistent Bankenprüfung (m/w/d),Genossenschaftsverband Bayern e.V.,Munich,,arbeitnow.com,2026-05-09 17:52:43,arbeitnow_vacancies.csv,,,
Videograph / Content Creator für Short-Form-Video,Gipfelstürmer Mentoring GmbH,Dinslaken,,arbeitnow.com,2026-05-09 17:52:43,arbeitnow_vacancies.csv,,,
Wirtschaftsprüfer oder Verbandsprüfer Banken (m/w/d),Genossenschaftsverband Bayern e.V.,Munich,,arbeitnow.com,2026-05-09 17:52:43,arbeitnow_vacancies.csv,,,
Brand Content Creator (m/w/d),8PM SOCIAL,Munich,,arbeitnow.com,2026-05-09 17:52:43,arbeitnow_vacancies.csv,,,
CRM & E-Mail Marketing Manager:in (m/w/d) - Teilzeit,Tante-E GmbH / Merchant Inspiration,Berlin,,arbeitnow.com,2026-05-09 17:52:43,arbeitnow_vacancies.csv,,,
Bauingenieur für hydraulische Kanalnetzberechnung (m/w/d),PolyTALENT GmbH,Traunreut,,arbeitnow.com,2026-05-09 17:52:43,arbeitnow_vacancies.csv,,,
Mitarbeiter (m/w/d) Schwerpunkt Berichtskritik,Genossenschaftsverband Bayern e.V.,Munich,,arbeitnow.com,2026-05-09 17:52:43,arbeitnow_vacancies.csv,,,
IT Desktop Support (m/w/d),hubside - Die Recruitingwerkstatt,Hamburg,,arbeitnow.com,2026-05-09 17:52:43,arbeitnow_vacancies.csv,,,
Python Software Engineer - Machine Learning Systems (m/f/d),CUJU,Frankenthal,,arbeitnow.com,2026-05-09 17:52:43,arbeitnow_vacancies.csv,,,
Senior Product Manager (m/w/d),Skalar,Munich,,arbeitnow.com,2026-05-09 17:52:43,arbeitnow_vacancies.csv,,,
Head of Product (w/m/d),Skalar,Munich,,arbeitnow.com,2026-05-09 17:52:43,arbeitnow_vacancies.csv,,,
Risk Controlling Specialist (w/m/d),Honda Bank GmbH,Frankfurt am Main,,arbeitnow.com,2026-05-09 17:52:43,arbeitnow_vacancies.csv,,,
Bau mit uns die Logopädie von morgen: Werde Head of Operations (m/w/d) bei Eloquendo,Eloquendo GmbH,Munich,,arbeitnow.com,2026-05-09 17:52:43,arbeitnow_vacancies.csv,,,
Technischer Arbeitsvorbereiter / Kalkulator (m/w/d),BC Deutschland GmbH,Hamm,,arbeitnow.com,2026-05-09 17:52:43,arbeitnow_vacancies.csv,,,
Softwareingenieur/ Softwareentwickler für wissenschaftliche Software (m/w/d),PicoQuant GmbH,Berlin,,arbeitnow.com,2026-05-09 17:52:43,arbeitnow_vacancies.csv,,,
"Software Engineering Intern, Special Projects",Doctario GmbH,Munich,,arbeitnow.com,2026-05-09 17:52:43,arbeitnow_vacancies.csv,,,
AI Engineering Intern,Doctario GmbH,Munich,,arbeitnow.com,2026-05-09 17:52:43,arbeitnow_vacancies.csv,,,
Projektmitarbeiter (m/w/d) Reparatur & Modernisierung,Lödige Industries GmbH,Hallbergmoos,,arbeitnow.com,2026-05-09 17:52:43,arbeitnow_vacancies.csv,,,
Business Analyst - Contact Center (m/w/d) (Ref.Nr.: 46695),Wavestone Germany AG,Wiesbaden,,arbeitnow.com,2026-05-09 17:52:43,arbeitnow_vacancies.csv,,,
Junior Account Manager (m/w/d),evolve+adapt GmbH,Essen,,arbeitnow.com,2026-05-09 17:52:43,arbeitnow_vacancies.csv,,,
Senior Consultant / Team Lead (m/w/d) Consumer Insights & Mobility Marktforschung,IFAK Institut GmbH & Co. KG,Taunusstein,,arbeitnow.com,2026-05-09 17:52:43,arbeitnow_vacancies.csv,,,
Teamleiter mechanische Instandhaltung (m/w/d),WÜSTHOF GmbH,Solingen,,arbeitnow.com,2026-05-09 17:52:43,arbeitnow_vacancies.csv,,,
Frontend React Developer (m/w/d),virtual7 GmbH,Hamburg,,arbeitnow.com,2026-05-09 17:52:43,arbeitnow_vacancies.csv,,,
Influencer Marketing Manager,Every.,Berlin,,arbeitnow.com,2026-05-09 17:52:43,arbeitnow_vacancies.csv,,,
Buchhalter (m/w/d) Immobilienverwaltung,Parte Verwaltung GmbH,Aachen,,arbeitnow.com,2026-05-09 17:52:43,arbeitnow_vacancies.csv,,,
(Senior) Employer Branding Consultant (m/w/d),Gessulat + Gessulat,Munich,,arbeitnow.com,2026-05-09 17:52:43,arbeitnow_vacancies.csv,,,
SAP GTS Senior Consultant (m/f/d),Amer Sports,Garching,,arbeitnow.com,2026-05-09 17:52:43,arbeitnow_vacancies.csv,,,
Buchhaltungsmanager:in,Cubus Medien Verlag GmbH,Hamburg,,arbeitnow.com,2026-05-09 17:52:43,arbeitnow_vacancies.csv,,,
Performance Video Editor / Cutter (m/w/d) Direct Response & Meta Ads | Freelance,Priesmeier & Bartsch GbR,Berlin,,arbeitnow.com,2026-05-09 17:52:43,arbeitnow_vacancies.csv,,,
Finanz- & Lohnbuchhalter (m/w/d) - Hybrid | E-Commerce,DHW Steuerberatungsgesellschaft mbH,Oberhausen,,arbeitnow.com,2026-05-09 17:52:43,arbeitnow_vacancies.csv,,,
Senior NetSuite Developer - ERP Integration (m/f/d),yfood Labs GmbH,Munich,,arbeitnow.com,2026-05-09 17:52:43,arbeitnow_vacancies.csv,,,
Teamlead Accounting & Finance (m/f/d),JOIN,Berlin,,arbeitnow.com,2026-05-09 17:52:43,arbeitnow_vacancies.csv,,,
"Neue Branche, neue Chancen: Starte als Vertriebs-Profi (m/w/d) im Finanzsektor",Dein-Finanzmanagment,Regensburg,,arbeitnow.com,2026-05-09 17:52:43,arbeitnow_vacancies.csv,,,
Stellenausschreibung: Maschinen- und Anlagenführer (m/w/d),Rodriguez GmbH,Eschweiler,,arbeitnow.com,2026-05-09 17:52:43,arbeitnow_vacancies.csv,,,
Assistenz der Geschäftsführung Praktikum (m/w/d),STARTPLATZ AI Academy,Cologne,,arbeitnow.com,2026-05-09 17:52:43,arbeitnow_vacancies.csv,,,
"QEHS-Manager (m/w/d) - System aufbauen, nicht verwalten",Argus Interception GmbH,Rotenburg,,arbeitnow.com,2026-05-09 17:52:43,arbeitnow_vacancies.csv,,,
Recruiter / HR-Manager - Vollzeit (m/w/d),Vertranium GmbH,Stuttgart,,arbeitnow.com,2026-05-09 17:52:43,arbeitnow_vacancies.csv,,,
International Expansion Manager (m/w/d) - Italien / Frankreich,feld.energy GmbH,Munich,,arbeitnow.com,2026-05-09 17:52:43,arbeitnow_vacancies.csv,,,
Marketing Manager:in (m/w/d),STARTPLATZ AI Academy,Cologne,,arbeitnow.com,2026-05-09 17:52:43,arbeitnow_vacancies.csv,,,
"Business Developer - Growth & Partnerships, CO2-Prämie (m/w/d)",Ecoturn GmbH,Munich,,arbeitnow.com,2026-05-09 17:52:43,arbeitnow_vacancies.csv,,,
Senior Software Engineer Data & Cloud / Senior Data Engineer (m/w/d),ADEAL Systems GmbH,Neu-Isenburg,,arbeitnow.com,2026-05-09 17:52:43,arbeitnow_vacancies.csv,,,
Senior Cloud Infrastructure Engineer (f/m/d) - Leipzig (preferred) or Remote,eccenca GmbH,Leipzig,,arbeitnow.com,2026-05-09 17:52:43,arbeitnow_vacancies.csv,,,
Praktikum/Abschlussarbeit (m/w/d) im Bereich Nachhaltigkeit,MGRP,Frankfurt am Main,,arbeitnow.com,2026-05-09 17:52:43,arbeitnow_vacancies.csv,,,
Personalsachbearbeiter (w/m/d) - HR Administration & Payroll,Hello Lemon GmbH,Mettmann,,arbeitnow.com,2026-05-09 17:52:43,arbeitnow_vacancies.csv,,,
CEO (m/w/d) Operative und strategische Weiterentwicklung,ANGEHEUERT GmbH Personalberatung,Göttingen,,arbeitnow.com,2026-05-09 17:52:43,arbeitnow_vacancies.csv,,,
Energieberater:in,EffiNova GmbH,Berlin,,arbeitnow.com,2026-05-09 17:52:43,arbeitnow_vacancies.csv,,,
Projektkoordinator (w/m/d) im Facility Management,strategie:p personalberatung,Oldenburg,,arbeitnow.com,2026-05-09 17:52:43,arbeitnow_vacancies.csv,,,
Werkstattleiter Meister/Techniker (m/w/d),Franz-Josef Kipp GmbH & Co. KG,Hünxe,,arbeitnow.com,2026-05-09 17:52:43,arbeitnow_vacancies.csv,,,
Customer Success Manager B2B & B2C - E-Mobility & CO2-Prämie (m/w/d),Ecoturn GmbH,Munich,,arbeitnow.com,2026-05-09 17:52:43,arbeitnow_vacancies.csv,,,
Dein smarter Nebenjob im Finanzwesen (m/w/d),Julian Jäckle,Kempten,,arbeitnow.com,2026-05-09 17:52:43,arbeitnow_vacancies.csv,,,
CEO (m/w/d) Softwareunternehmen | Next Step für Business Unit oder Vertriebsleiter,ANGEHEUERT GmbH,Göttingen,,arbeitnow.com,2026-05-09 17:52:43,arbeitnow_vacancies.csv,,,
CEO (m/w/d) Transformation Softwareunternehmen,ANGEHEUERT GmbH,Göttingen,,arbeitnow.com,2026-05-09 17:52:43,arbeitnow_vacancies.csv,,,
Working Student Data & Analytics - Schwerpunkt Data Engineering (all genders),clockin GmbH,Münster,,arbeitnow.com,2026-05-09 17:52:43,arbeitnow_vacancies.csv,,,
"Product Manager (f/m/d) - Berlin, Germany",Hygraph,Berlin,,arbeitnow.com,2026-05-09 17:52:43,arbeitnow_vacancies.csv,,,
Mitarbeiter (m/w/d) Labor für Qualitätssicherung,C. Hasse & Sohn Inh. E. Rädecke GmbH & Co. KG,Uelzen,,arbeitnow.com,2026-05-09 17:52:43,arbeitnow_vacancies.csv,,,
Senior Google Ads Manager (m/w/d) – Remote,Dr. Ansay Ltd.,Berlin,,arbeitnow.com,2026-05-09 17:52:43,arbeitnow_vacancies.csv,,,
Energieberater / Gebäudetechniker / Quereinsteiger* (m/w/d) in Düsseldorf,Enerithm Technology GmbH,Düsseldorf,,arbeitnow.com,2026-05-09 17:52:43,arbeitnow_vacancies.csv,,,
Junior Artist Manager / Influencer Manager (m/w/d),Lionflence,Berlin,,arbeitnow.com,2026-05-09 17:52:43,arbeitnow_vacancies.csv,,,
Artist Manager / Influencer Manager (m/w/d) BERLIN,Lionflence,Berlin,,arbeitnow.com,2026-05-09 17:52:43,arbeitnow_vacancies.csv,,,
Trainee Artist Manager / Influencer Manager (m/w/d),Lionflence,Berlin,,arbeitnow.com,2026-05-09 17:52:43,arbeitnow_vacancies.csv,,,
Artist Manager / Influencer Manager (m/w/d),Lionflence,Mülheim,,arbeitnow.com,2026-05-09 17:52:43,arbeitnow_vacancies.csv,,,
(Senior) Account Manager Online (m/f/d),Panama Werbeagentur GmbH,Stuttgart,,arbeitnow.com,2026-05-09 17:52:43,arbeitnow_vacancies.csv,,,
Ingenieur bzw. Techniker (m/w/d) aus der Fachrichtung Verfahrenstechnik oder Chemie,UNA-Synth GmbH,Kaltenkirchen,,arbeitnow.com,2026-05-09 17:52:43,arbeitnow_vacancies.csv,,,
Marketing Manager Growth B2C und B2B (m/w/d),Ecoturn GmbH,Munich,,arbeitnow.com,2026-05-09 17:52:43,arbeitnow_vacancies.csv,,,
Head of Sales ( all genders),TradeLink,Berlin,,arbeitnow.com,2026-05-09 17:52:43,arbeitnow_vacancies.csv,,,
Software Engineer PHP (all genders),Starface GmbH,Karlsruhe,,arbeitnow.com,2026-05-09 17:52:43,arbeitnow_vacancies.csv,,,
TYPO3 Administration,Projektron GmbH,Berlin,,arbeitnow.com,2026-05-09 17:52:43,arbeitnow_vacancies.csv,,,
Customer Care Manager (m/f/d),The Better Cat,Hamburg,,arbeitnow.com,2026-05-09 17:52:43,arbeitnow_vacancies.csv,,,
IT-Spezialist Linux-Server & Netzwerk-Infrastruktur (w|m|d),indurad GmbH,Aachen,,arbeitnow.com,2026-05-09 17:52:43,arbeitnow_vacancies.csv,,,
Projektleiter (m/w/d) Entwicklung diagnostischer Testsysteme in Mannheim (1582),BRÜGGEN ENGINEERING GmbH,Mannheim,,arbeitnow.com,2026-05-09 17:52:43,arbeitnow_vacancies.csv,,,
Labormitarbeiter (m/w/d) für PoC-Testsysteme in Mannheim (1634),BRÜGGEN ENGINEERING GmbH,Mannheim,,arbeitnow.com,2026-05-09 17:52:43,arbeitnow_vacancies.csv,,,
AI Algorithm Developer Medical Imaging (m/w/d),citema systems GmbH,Munich,,arbeitnow.com,2026-05-09 17:52:44,arbeitnow_vacancies.csv,,,
IT-Projektleiter (m/w/d),OMMIT GmbH,Schmalkalden,,arbeitnow.com,2026-05-09 17:52:44,arbeitnow_vacancies.csv,,,
Senior Account Executive - Telco Solutions (m/w/d),AOE Solutions GmbH,Wiesbaden,,arbeitnow.com,2026-05-09 17:52:44,arbeitnow_vacancies.csv,,,
Entwicklungsingenieur (m/w/d) Assay-Entwicklung Pharma in Mannheim (1538),BRÜGGEN ENGINEERING GmbH,Mannheim,,arbeitnow.com,2026-05-09 17:52:44,arbeitnow_vacancies.csv,,,
Werkstudent:in Operations (m/w/d),CALIMA,Berlin,,arbeitnow.com,2026-05-09 17:52:44,arbeitnow_vacancies.csv,,,
Trainee Management (m/w/d),coolback GmbH,Nuthe-Urstromtal,,arbeitnow.com,2026-05-09 17:52:44,arbeitnow_vacancies.csv,,,
Senior Projektingenieur Verfahrenstechnik (m/w/d),coolback GmbH,Nuthe-Urstromtal,,arbeitnow.com,2026-05-09 17:52:44,arbeitnow_vacancies.csv,,,
Software-Ingenieur PCS7 Elektrotechnik (m/w/d),KURT Personal GmbH,Pinneberg,,arbeitnow.com,2026-05-09 17:52:44,arbeitnow_vacancies.csv,,,
Bauingenieur Hydraulik & Kanalnetz (m/w/d),PolyTALENT GmbH,Traunreut,,arbeitnow.com,2026-05-09 17:52:44,arbeitnow_vacancies.csv,,,
Influencer Marketing Intern,ingarden GmbH,Berlin,,arbeitnow.com,2026-05-09 17:52:44,arbeitnow_vacancies.csv,,,
Kfz-/Nfz-/Land- und Baumschinenmechatroniker (m/w/d),PTR - Profi Talent Recruitment UG (haftungsbeschränkt),Hürth,,arbeitnow.com,2026-05-09 17:52:44,arbeitnow_vacancies.csv,,,
Manager Finance & Administration (m/w/d),Web Media Publishing AG,Munich,,arbeitnow.com,2026-05-09 17:52:44,arbeitnow_vacancies.csv,,,
Sensor Integration Engineer (m/f/d),MOTOR Ai,Berlin,,arbeitnow.com,2026-05-09 17:52:44,arbeitnow_vacancies.csv,,,
NetSuite Finance Administrator (m/w/d),TEVEO GmbH,Berlin,,arbeitnow.com,2026-05-09 17:52:44,arbeitnow_vacancies.csv,,,
Bilanzbuchhalter / Steuerfachangestellter (m/w/d) Voll- oder Teilzeit,PartSpace GmbH,Deggendorf,,arbeitnow.com,2026-05-09 17:52:44,arbeitnow_vacancies.csv,,,
Marketing Manager (m/w/d) B2B Growth & Performance,PartSpace GmbH,Deggendorf,,arbeitnow.com,2026-05-09 17:52:44,arbeitnow_vacancies.csv,,,
Cost Modeling Engineer (m/w/d),PartSpace GmbH,Nuremberg,,arbeitnow.com,2026-05-09 17:52:44,arbeitnow_vacancies.csv,,,
"Werkstudent (m/w/d) – Finance & Beratung (unternehmerisch, leistungsbasiert)",Kevin Kehr,Hamburg,,arbeitnow.com,2026-05-09 17:52:44,arbeitnow_vacancies.csv,,,
Werkstudent (m/w/d) Finance - Buchhaltung & Controlling,Van der Valk Deutschland,Moers,,arbeitnow.com,2026-05-09 17:52:44,arbeitnow_vacancies.csv,,,
Ingenieur / Techniker (m/w/d) Testentwicklung Pharma in Mannheim (1314),BRÜGGEN ENGINEERING GmbH,Mannheim,,arbeitnow.com,2026-05-09 17:52:44,arbeitnow_vacancies.csv,,,
Werkstudent Technische Planung Klimaanlage & Wärmepumpe (m/w/d),Eneto GmbH,Berlin,,arbeitnow.com,2026-05-09 17:52:44,arbeitnow_vacancies.csv,,,
Founders Associate (m/w/d) - Vollzeit,ELMI Power GmbH,Niddatal,,arbeitnow.com,2026-05-09 17:52:44,arbeitnow_vacancies.csv,,,
(Senior) Grafikdesigner Amazon Visual Content (m/w/d),Marketplace Maniacs GmbH,Munich,,arbeitnow.com,2026-05-09 17:52:44,arbeitnow_vacancies.csv,,,
Accountant & Payroll Spezialist (m/w/d),MoPla Solutions GmbH,Neusäß,,arbeitnow.com,2026-05-09 17:52:44,arbeitnow_vacancies.csv,,,
IT-Administrator (m/w/d) in der Workplace-Verwaltung,prettyTELCO GmbH,Ehingen,,arbeitnow.com,2026-05-09 17:52:44,arbeitnow_vacancies.csv,,,
Grafiker/Grafikdesigner/Mediengestalter (m/w/d),NORSAN (GmbH),Berlin,,arbeitnow.com,2026-05-09 17:52:44,arbeitnow_vacancies.csv,,,
(Senior)Service Manager Mobilfunk B2B Key-Account Energiewirtschaft,prettyTELCO GmbH,Cologne,,arbeitnow.com,2026-05-09 17:52:44,arbeitnow_vacancies.csv,,,
Technical Account Manager B2B  M2M-Mobilfunk (m/w/d),prettyTELCO GmbH,Cologne,,arbeitnow.com,2026-05-09 17:52:44,arbeitnow_vacancies.csv,,,
Technical Account Manager B2B MCPTT / Mobilfunk (m/w/d),prettyTELCO GmbH,Cologne,,arbeitnow.com,2026-05-09 17:52:44,arbeitnow_vacancies.csv,,,
Sidebase Open-Source Contributor & Senior TS Dev (f/m/d),Sidestream,Cologne,,arbeitnow.com,2026-05-09 17:52:44,arbeitnow_vacancies.csv,,,
Senior Typescript Developer (f/m/d),Sidestream,Cologne,,arbeitnow.com,2026-05-09 17:52:44,arbeitnow_vacancies.csv,,,
Water Engineeer Trainee - Field Based Projects (Somaliland) No. 2603,CES Consulting Engineers Salzgitter GmbH,Braunschweig,,arbeitnow.com,2026-05-09 17:52:44,arbeitnow_vacancies.csv,,,
Senior Plattform-Architekt / Plattform-Engineer (m/w/d),Neurawork GmbH & Co. KG,Ampfing,,arbeitnow.com,2026-05-09 17:52:44,arbeitnow_vacancies.csv,,,
Group Manager IFRS & Consolidation (m/f/d),ANGEHEUERT GmbH Personalberatung,Nuremberg,,arbeitnow.com,2026-05-09 17:52:44,arbeitnow_vacancies.csv,,,
Senior AI-Engineer / Agent-Architekt (m/w/d),Neurawork GmbH & Co. KG,Ampfing,,arbeitnow.com,2026-05-09 17:52:44,arbeitnow_vacancies.csv,,,
Senior Backend Engineer - Global Expansion,SumUp,"Leipzig, Saxony, Germany",,arbeitnow.com,2026-05-09 17:52:44,arbeitnow_vacancies.csv,,,
Senior Sales Consultant - Vollzeit (German Speaking),David Untermann,München,,arbeitnow.com,2026-05-09 17:52:44,arbeitnow_vacancies.csv,,,
Cloud Security & Modern Workplace Engineer (m/w/d),AJAT GmbH,Cologne,,arbeitnow.com,2026-05-09 17:52:44,arbeitnow_vacancies.csv,,,
Geschäftsführer/Filialleiter (m/w/d) Virtual Reality Café,Holocafé Franchise,Düsseldorf,,arbeitnow.com,2026-05-09 17:52:44,arbeitnow_vacancies.csv,,,
Senior Systems Operations Engineer,Spire,"Munich, Bavaria, Germany",,arbeitnow.com,2026-05-09 17:52:44,arbeitnow_vacancies.csv,,,
"Engineering Manager, Computing Platform",Wolt - English,"Berlin, Berlin, Germany",,arbeitnow.com,2026-05-09 17:52:44,arbeitnow_vacancies.csv,,,
Hostess Kellner:in,DIGITAL BUILDERS GmbH,Bochum,,arbeitnow.com,2026-05-09 17:52:44,arbeitnow_vacancies.csv,,,
Creative Strategist (EMEA),HexClad,Munich,,arbeitnow.com,2026-05-09 17:52:44,arbeitnow_vacancies.csv,,,
Senior AI Consultant / Machine Learning Engineer (m/w/d) Public Sector | >90% REMOTE,Bridgency HR Management GbR,Usingen,,arbeitnow.com,2026-05-09 17:52:44,arbeitnow_vacancies.csv,,,
Web- & Kommunikationsdesign (m/w/d),westwind stories,Bochum,,arbeitnow.com,2026-05-09 17:52:44,arbeitnow_vacancies.csv,,,
Production Engineer – UAV Platform,24Industries,Munich,,arbeitnow.com,2026-05-09 17:52:44,arbeitnow_vacancies.csv,,,
IT & Security Manager,24Industries,Munich,,arbeitnow.com,2026-05-09 17:52:44,arbeitnow_vacancies.csv,,,
Founders Associate / Operations Manager (m/w/d),Galvanek Bau,Nuremberg,,arbeitnow.com,2026-05-09 17:52:44,arbeitnow_vacancies.csv,,,
Pflichtpraktikum Informatik - KI & Software Engineering (m/w/d),Apricus Solar AG,Dortmund,,arbeitnow.com,2026-05-09 17:52:44,arbeitnow_vacancies.csv,,,
Senior Full-Stack Engineer (w/m/d),Skalar,Munich,,arbeitnow.com,2026-05-09 17:52:44,arbeitnow_vacancies.csv,,,
Head of Platform Engineering (m/w/d),benuta GmbH,Bonn,,arbeitnow.com,2026-05-09 17:52:44,arbeitnow_vacancies.csv,,,
Senior Data Engineer (w/m/d),Skalar,Munich,,arbeitnow.com,2026-05-09 17:52:44,arbeitnow_vacancies.csv,,,
Hardware Operations Manager (m/w/d),Pixel Robotics,Munich,,arbeitnow.com,2026-05-09 17:52:44,arbeitnow_vacancies.csv,,,
Senior AI Engineer (w/m/d),Skalar,Munich,,arbeitnow.com,2026-05-09 17:52:44,arbeitnow_vacancies.csv,,,
Einkaufsassistenz /Junior Einkäufer:in Mode (m/w/d) - Modehaus Begro,Unternehmensgruppe Begro-Krug,Marburg,,arbeitnow.com,2026-05-09 17:52:44,arbeitnow_vacancies.csv,,,
Junior IT Consultant (m/w/d),MESKRU GmbH,Essen,,arbeitnow.com,2026-05-09 17:52:44,arbeitnow_vacancies.csv,,,
"Software Developer (Junior) - Java, Groovy, ScriptRunner, Forge (m/w/d)",MESKRU GmbH,Essen,,arbeitnow.com,2026-05-09 17:52:44,arbeitnow_vacancies.csv,,,
Finanzbuchhaltung & Controlling (m/w/d),Innovative Energie für Pullach GmbH,Pullach,,arbeitnow.com,2026-05-09 17:52:44,arbeitnow_vacancies.csv,,,
Produktdaten-ManagerIN (m/w/d) Shopware 6 Beauty Bereich (Vollzeit/Teilzeit),maske berlin,Berlin,,arbeitnow.com,2026-05-09 17:52:44,arbeitnow_vacancies.csv,,,
Software Developer (C#/Blazor) (m/f/d) (Ref.Nr.: 46700),Wavestone Germany AG,Munich,,arbeitnow.com,2026-05-09 17:52:44,arbeitnow_vacancies.csv,,,
Werkstudent (m/w/d) - Netzmanagement & EVU-Anmeldungen,TH-Solar GmbH,Ahrensburg,,arbeitnow.com,2026-05-09 17:52:44,arbeitnow_vacancies.csv,,,
Projektleiter / Bauleiter MSR und Gebäudeautomation (m/w/d),Franke + Pahl GmbH,Hamburg,,arbeitnow.com,2026-05-09 17:52:44,arbeitnow_vacancies.csv,,,
Fachplaner Elektrotechnik TGA,Franke + Pahl GmbH,Hamburg,,arbeitnow.com,2026-05-09 17:52:44,arbeitnow_vacancies.csv,,,
Machine Learning Engineer (m/w/d),Doopic GmbH,Berlin,,arbeitnow.com,2026-05-09 17:52:44,arbeitnow_vacancies.csv,,,
Bauleiter / Projektleiter Elektrotechnik TGA (m/w/d),Franke + Pahl GmbH,Hamburg,,arbeitnow.com,2026-05-09 17:52:44,arbeitnow_vacancies.csv,,,
Kundenbetreuer - Customer Service Manager - Projektmanager (m/w/d),ecowindow Gruppe,Berlin,,arbeitnow.com,2026-05-09 17:52:44,arbeitnow_vacancies.csv,,,
Außendienstmitarbeiter (m/w/d),MRK21 GmbH,Düsseldorf,,arbeitnow.com,2026-05-09 17:52:44,arbeitnow_vacancies.csv,,,
Senior System Administrator & Support Engineer (m/f/d),eigenblue GmbH,Munich,,arbeitnow.com,2026-05-09 17:52:44,arbeitnow_vacancies.csv,,,
Head of Platform & Infrastructure (AI SaaS) (m/w/d),LDB Gruppe,Berlin,,arbeitnow.com,2026-05-09 17:52:44,arbeitnow_vacancies.csv,,,
Debitorenbuchhalter/in (m/w/d),Kizuna Personalberatung GmbH,Düsseldorf,,arbeitnow.com,2026-05-09 17:52:44,arbeitnow_vacancies.csv,,,
Projektmanager (m/w/d) Wegerecht und Flächensicherung - Erneuerbare Energien,Deutscher Bauservice GmbH,Molbergen,,arbeitnow.com,2026-05-09 17:52:44,arbeitnow_vacancies.csv,,,
Bauleiter (m/w/d) - Windparkbau,Deutscher Bauservice GmbH,Freiburg im Breisgau,,arbeitnow.com,2026-05-09 17:52:44,arbeitnow_vacancies.csv,,,
Technischer Systemplaner / Zeichner TGA (m/w/d),Martin Rehe Consulting GmbH,Inning am Ammersee,,arbeitnow.com,2026-05-09 17:52:44,arbeitnow_vacancies.csv,,,
Windparkplaner (m/w/d),Deutscher Bauservice GmbH,Molbergen,,arbeitnow.com,2026-05-09 17:52:44,arbeitnow_vacancies.csv,,,
Projektentwickler (m/w/d) für erneuerbare Energien,Deutscher Bauservice GmbH,Molbergen,,arbeitnow.com,2026-05-09 17:52:44,arbeitnow_vacancies.csv,,,
Projektplaner/Terminplaner (m/w/d) - Infrastrukturausbau und Trassenbau,Deutscher Bauservice GmbH,Molbergen,,arbeitnow.com,2026-05-09 17:52:44,arbeitnow_vacancies.csv,,,
Senior Software Engineer (m/f/d),mrge - commerce advertising,Berlin,,arbeitnow.com,2026-05-09 17:52:44,arbeitnow_vacancies.csv,,,
"Staff Data Scientist, Selection Analytics",Wolt - English,"Berlin, Berlin, Germany",,arbeitnow.com,2026-05-09 17:52:44,arbeitnow_vacancies.csv,,,
"Kaufmann / Kauffrau für Büromanagement im digitalen Umfeld (m/w/d), Osnabrück",KV GmbH,Osnabrück,,arbeitnow.com,2026-05-09 17:52:44,arbeitnow_vacancies.csv,,,
Kaufmännische Geschäftsführung / CFO (m/w/d),CTG Consulting GmbH,Hanover,,arbeitnow.com,2026-05-09 17:52:44,arbeitnow_vacancies.csv,,,
Digital Campaign Manager (m/w/d),advanced store GmbH,Berlin,,arbeitnow.com,2026-05-09 17:52:44,arbeitnow_vacancies.csv,,,
"Marketing & Talent (m/f/d), German Speaking",NaroIQ,Berlin,,arbeitnow.com,2026-05-09 17:52:44,arbeitnow_vacancies.csv,,,
Fund Operations Analyst @ b2venture (m/f/d),b2venture GmbH,Berlin,,arbeitnow.com,2026-05-09 17:52:44,arbeitnow_vacancies.csv,,,
Embedded Software / Board Controller FW (m/w/x),K-tronik GmbH,Dresden,,arbeitnow.com,2026-05-09 17:52:44,arbeitnow_vacancies.csv,,,
Mobiler Autoglasmonteur (m/w/d) #9844,Foxio Consulting GmbH,Hamburg,,arbeitnow.com,2026-05-09 17:52:44,arbeitnow_vacancies.csv,,,
Projektleiter Bauprojekte (m/w/d),TKS GmbH,Borken,,arbeitnow.com,2026-05-09 17:52:44,arbeitnow_vacancies.csv,,,
Full - Stack - Entwickler:in,QS Qualitysoft GmbH,Hamburg,,arbeitnow.com,2026-05-09 17:52:44,arbeitnow_vacancies.csv,,,
Traineeship Public Relations (m/w/d),Cléo Public Relations,Hamburg,,arbeitnow.com,2026-05-09 17:52:44,arbeitnow_vacancies.csv,,,
Consultant Microsoft 365/ Microsoft Cloud (m/w/d),ARES Consulting GmbH,Munich,,arbeitnow.com,2026-05-09 17:52:44,arbeitnow_vacancies.csv,,,
Senior Consultant Cloud & DevOps Engineering (m/w/d),ARES Consulting GmbH,Munich,,arbeitnow.com,2026-05-09 17:52:44,arbeitnow_vacancies.csv,,,
Marketing Manager (m/w/d) - Teilzeit 20 Stunden,SCHUTZWERK,Hamburg,,arbeitnow.com,2026-05-09 17:52:44,arbeitnow_vacancies.csv,,,
IT-System Engineer (m/w/d),think about IT GmbH,Bochum,,arbeitnow.com,2026-05-09 17:52:44,arbeitnow_vacancies.csv,,,
Security Engineer (m/w/d),think about IT GmbH,Bochum,,arbeitnow.com,2026-05-09 17:52:44,arbeitnow_vacancies.csv,,,
Microsoft Azure / Intune Specialist (m/w/d),think about IT GmbH,Bochum,,arbeitnow.com,2026-05-09 17:52:44,arbeitnow_vacancies.csv,,,
Abteilungsleiter Fachhandel Tiefbau (m/w/d),ReSus Consult GmbH,Goslar,,arbeitnow.com,2026-05-09 17:52:44,arbeitnow_vacancies.csv,,,
Werkstudent – AI Automation & Systems Engineer (m/w/d),ADMKRS GmbH,Munich,,arbeitnow.com,2026-05-09 17:52:44,arbeitnow_vacancies.csv,,,
IT-Supporter (w/m/d) | Raum Augsburg & hybrid,perinova IT-Management GmbH,Munich,,arbeitnow.com,2026-05-09 17:52:44,arbeitnow_vacancies.csv,,,
Steuerfachangestellter / Steuerfachwirt / Bilanzbuchhalter / Trainee Steuerberatung (m/w/d),SBC Steuerberater Rechtsanwälte GbR,Darmstadt,,arbeitnow.com,2026-05-09 17:52:44,arbeitnow_vacancies.csv,,,
IT-Administrator (m/w/d),Interact Tele Service AG Neubrandenburg,Neubrandenburg,,arbeitnow.com,2026-05-09 17:52:44,arbeitnow_vacancies.csv,,,
IT Support Engineer,H-Tech Supports,Frankfurt am Main,,arbeitnow.com,2026-05-09 17:52:44,arbeitnow_vacancies.csv,,,
Gebäudemanager für Innen- und Außendienst,Qemetica Deutschland GmbH,Staßfurt,,arbeitnow.com,2026-05-09 17:52:44,arbeitnow_vacancies.csv,,,
Entgeltabrechner u./o. Personalsachbearbeiter (w/m/d) für tollen Arbeitgeber!,Fischer & Partner Gesellschaft für Personal mbH,Winnenden,,arbeitnow.com,2026-05-09 17:52:44,arbeitnow_vacancies.csv,,,
Entgeltabrechner / Personalsachbearbeiter (w/m/d) mit Erfahrung für top Arbeitgeber,Fischer & Partner Gesellschaft für Personal mbH,Stuttgart,,arbeitnow.com,2026-05-09 17:52:44,arbeitnow_vacancies.csv,,,
Native Media Buyer (w/m/d),Like It Media GmbH,Fürth,,arbeitnow.com,2026-05-09 17:52:44,arbeitnow_vacancies.csv,,,
Backend Entwickler (m/w/d),smartmicro,Braunschweig,,arbeitnow.com,2026-05-09 17:52:44,arbeitnow_vacancies.csv,,,
Backend Developer (m/f/d),smartmicro,Braunschweig,,arbeitnow.com,2026-05-09 17:52:44,arbeitnow_vacancies.csv,,,
Teamleiter Tracking & Sensor-Fusion Predevelopment/ Algorithms & Tools (m/w/d),smartmicro,Braunschweig,,arbeitnow.com,2026-05-09 17:52:44,arbeitnow_vacancies.csv,,,
Team Lead Tracking & Sensor-Fusion Predevelopment/ Algorithms & Tools (m/f/d),smartmicro,Braunschweig,,arbeitnow.com,2026-05-09 17:52:44,arbeitnow_vacancies.csv,,,
"Werkstudentische Tätigkeit im Bereich Content & Social Media (w, m, d) ca. 20h/Woche",Completeorganics GmbH,Berlin,,arbeitnow.com,2026-05-09 17:52:44,arbeitnow_vacancies.csv,,,
IT-Systemberater (m/w/d) Apothekensoftware,Sinceritas,Hamburg,,arbeitnow.com,2026-05-09 17:52:44,arbeitnow_vacancies.csv,,,
Produktionscontroller (m/w/d) | Produzierendes Unternehmen | Großraum Jena,Jan Pethe Interim Management & Consulting GmbH - JPIMC®,Jena,,arbeitnow.com,2026-05-09 17:52:44,arbeitnow_vacancies.csv,,,
Team Lead Network & Infrastructure Service (m/w/d),PALTRON GmbH,Cologne,,arbeitnow.com,2026-05-09 17:52:44,arbeitnow_vacancies.csv,,,
Steuerfachangestellter / Steuerfachwirt (m/w/d) in Teilzeit,CG Group GmbH,Berlin,,arbeitnow.com,2026-05-09 17:52:44,arbeitnow_vacancies.csv,,,
Senior Portfolio Culinary Manager,Every.,Berlin,,arbeitnow.com,2026-05-09 17:52:44,arbeitnow_vacancies.csv,,,
Team Lead Finanzbuchhaltung (m/w/d),think about IT GmbH,Bochum,,arbeitnow.com,2026-05-09 17:52:44,arbeitnow_vacancies.csv,,,
Kreditrisikoanalyst (m/w/d),Jan Pethe Interim Management & Consulting GmbH - JPIMC®,Frankfurt am Main,,arbeitnow.com,2026-05-09 17:52:44,arbeitnow_vacancies.csv,,,
Customer Success Manager (m/w/d) EV-Ladeinfrastruktur,ELMI Power GmbH,Niddatal,,arbeitnow.com,2026-05-09 17:52:44,arbeitnow_vacancies.csv,,,
People Strategy & Projects Lead Expert (m/f/d),KoRo Handels GmbH,Berlin,,arbeitnow.com,2026-05-09 17:52:44,arbeitnow_vacancies.csv,,,
Wellenform-Tester in der Geräteintegration (m/w/d),citema systems GmbH,Stuttgart,,arbeitnow.com,2026-05-09 17:52:44,arbeitnow_vacancies.csv,,,
Co-Founder / CTO (m/w/d),mount memory,Regensburg,,arbeitnow.com,2026-05-09 17:52:44,arbeitnow_vacancies.csv,,,
Mitarbeiter Auftragsdisposition & - Steuerung (m/w/d),think about IT GmbH,Bochum,,arbeitnow.com,2026-05-09 17:52:44,arbeitnow_vacancies.csv,,,
Senior IT-Project Manager (m/w/d),think about IT GmbH,Bochum,,arbeitnow.com,2026-05-09 17:52:44,arbeitnow_vacancies.csv,,,
Werkstudent (gn) für Automatisierungstechnik und 3D-Vision,3D.aero GmbH,Hamburg,,arbeitnow.com,2026-05-09 17:52:44,arbeitnow_vacancies.csv,,,
Sales & Key Account Manager (m/w/d),Home & Co Management GmbH,Berlin,,arbeitnow.com,2026-05-09 17:52:44,arbeitnow_vacancies.csv,,,
Working Student IT-Systems,Home & Co Management GmbH,Berlin,,arbeitnow.com,2026-05-09 17:52:44,arbeitnow_vacancies.csv,,,
Mediengestalter / Bildbearbeiter (m/w/d) auf Werkstudenten-Basis,RETERNITY,Oldenburg,,arbeitnow.com,2026-05-09 17:52:44,arbeitnow_vacancies.csv,,,
Senior B2B Growth Marketing Manager (w/m/d),ABRIO GmbH,Frankfurt,,arbeitnow.com,2026-05-09 17:52:44,arbeitnow_vacancies.csv,,,
Teamleiter (m/w/d) im Finanzvertrieb (German Speaking),Peter Stenmans,Berlin,,arbeitnow.com,2026-05-09 17:52:44,arbeitnow_vacancies.csv,,,
Werkstudent (m/w/d) Security Operations Engineering,NVISO,Frankfurt am Main,,arbeitnow.com,2026-05-09 17:52:44,arbeitnow_vacancies.csv,,,
Sales Development Representative / Dooropener am Telefon (m/w/d) - Teilzeit (25 Std./Woche),WERBAGO GmbH,Solingen,,arbeitnow.com,2026-05-09 17:52:44,arbeitnow_vacancies.csv,,,
Senior Data Center Service Techniker (w/m/d),hubside - Die Recruitingwerkstatt,Augsburg,,arbeitnow.com,2026-05-09 17:52:44,arbeitnow_vacancies.csv,,,
Senior Network Engineer (m/w/d),hubside - Die Recruitingwerkstatt,Augsburg,,arbeitnow.com,2026-05-09 17:52:44,arbeitnow_vacancies.csv,,,
Regionalmanager:in / Gebietsleiter:in (m/w/d) für Bayern und Baden Württemberg,DTD Dental Team Deutschland GmbH,Munich,,arbeitnow.com,2026-05-09 17:52:44,arbeitnow_vacancies.csv,,,
Senior Inhouse Berater SAP und EDI (m/w/d),hubside - Die Recruitingwerkstatt,Eching,,arbeitnow.com,2026-05-09 17:52:44,arbeitnow_vacancies.csv,,,
HR Generalist,Nextcloud,Stuttgart,,arbeitnow.com,2026-05-09 17:52:44,arbeitnow_vacancies.csv,,,
Finance Director / Controller (m/f/d),Lambs and Lions GmbH & Co. KG,Berlin,,arbeitnow.com,2026-05-09 17:52:44,arbeitnow_vacancies.csv,,,
Junior Sales Development Manager:in B2B SaaS / RegTech (JSD),Central Agency for Green Commerce GmbH,Hamburg,,arbeitnow.com,2026-05-09 17:52:44,arbeitnow_vacancies.csv,,,
Werkstudent (m/w/d) Social Media,Active Nutrition International GmbH,Munich,,arbeitnow.com,2026-05-09 17:52:44,arbeitnow_vacancies.csv,,,
Werkstudent (m/w/d) Frontend Development & KI-Integration (20h/Woche),MEvents Cross Media GmbH,Berlin,,arbeitnow.com,2026-05-09 17:52:44,arbeitnow_vacancies.csv,,,
Compliance Manager (m/w/d) in Teilzeit (20Std),Bank-Verlag GmbH,Cologne,,arbeitnow.com,2026-05-09 17:52:44,arbeitnow_vacancies.csv,,,
Praktikant:in Graphic Design Marketing,TOM TAILOR GmbH,Hamburg,,arbeitnow.com,2026-05-09 17:52:44,arbeitnow_vacancies.csv,,,
Manager Konzernkonsolidierung & Reporting (m/w/d) IFRS,ANGEHEUERT GmbH Personalberatung,Hamburg,,arbeitnow.com,2026-05-09 17:52:44,arbeitnow_vacancies.csv,,,
Manager Group Consolidation & Reporting (m/w/d),ANGEHEUERT GmbH Personalberatung,Nuremberg,,arbeitnow.com,2026-05-09 17:52:44,arbeitnow_vacancies.csv,,,
Manager Group Consolidation & Reporting | IFRS (m/f/d),ANGEHEUERT GmbH Personalberatung,Hamburg,,arbeitnow.com,2026-05-09 17:52:44,arbeitnow_vacancies.csv,,,
Senior Endpoint & Modern Workplace Engineer – Windows & Apple (m/w/d),TEVEO GmbH,Ansbach,,arbeitnow.com,2026-05-09 17:52:44,arbeitnow_vacancies.csv,,,
Requirement Engineer (m/w/d) Schienenfahrzeugtechnik in Mannheim (947),BRÜGGEN ENGINEERING GmbH,Mannheim,,arbeitnow.com,2026-05-09 17:52:44,arbeitnow_vacancies.csv,,,
Personalsachbearbeiter / HR-Administration (m/w/d),Personalberatung Pillong,Saarbrücken,,arbeitnow.com,2026-05-09 17:52:44,arbeitnow_vacancies.csv,,,
SAP SuccessFactors Consultant (m/w/d),alliantis GmbH,Munich,,arbeitnow.com,2026-05-09 17:52:44,arbeitnow_vacancies.csv,,,
Data Engineer Lead,Market Cloud,Eschborn,,arbeitnow.com,2026-05-09 17:52:44,arbeitnow_vacancies.csv,,,
DevOps Engineer I Azure & Kubernetes (m/w/d),PIPA GmbH,Dresden,,arbeitnow.com,2026-05-09 17:52:44,arbeitnow_vacancies.csv,,,
"Senior Customer Success Manager (80 - 100%, Remote)",Skribble,Karlsruhe,,arbeitnow.com,2026-05-09 17:52:44,arbeitnow_vacancies.csv,,,
Chief Financial Officer (CFO) (m/w/d),Pflegecampus21 GmbH,Berlin,,arbeitnow.com,2026-05-09 17:52:44,arbeitnow_vacancies.csv,,,
Buchhalter | Digitalisierung | Lüneburg (m/w/d),Das Kontaktwerk (DKW Consulting GmbH),Lüneburg,,arbeitnow.com,2026-05-09 17:52:44,arbeitnow_vacancies.csv,,,
(Senior) CRM & Automation Manager (w/m/x/d),MILES Mobility,Berlin,,arbeitnow.com,2026-05-09 17:52:44,arbeitnow_vacancies.csv,,,
Affiliate Marketing Manager (m/f/d),Clark Germany GmbH,Berlin,,arbeitnow.com,2026-05-09 17:52:44,arbeitnow_vacancies.csv,,,
SAP HCM Entwickler (m/w/d),Personalica GmbH,Hamburg,,arbeitnow.com,2026-05-09 17:52:44,arbeitnow_vacancies.csv,,,
Nationale:r Vertriebsleiter:in,TadoTec GmbH,Hückelhoven,,arbeitnow.com,2026-05-09 17:52:44,arbeitnow_vacancies.csv,,,
HR Business Partner (m/w/d),SelectLine Group,Magdeburg,,arbeitnow.com,2026-05-09 17:52:44,arbeitnow_vacancies.csv,,,
Director Project Development & Management (w/m/d) - mit Perspektive Geschäftsführung,Bachmann-Executive,Roth,,arbeitnow.com,2026-05-09 17:52:44,arbeitnow_vacancies.csv,,,
Lead AI Solution Engineer (f/m/d),Workist GmbH,Berlin,,arbeitnow.com,2026-05-09 17:52:44,arbeitnow_vacancies.csv,,,
Werkstudent KI & Automatisierung | Verwaltung | Hammersbach,Pflegedienst Kremer GmbH,Hammersbach,,arbeitnow.com,2026-05-09 17:52:44,arbeitnow_vacancies.csv,,,
Online-Redakteur & Projektkoordination (m/w/d),100 Marketing GmbH,Wiesbaden,,arbeitnow.com,2026-05-09 17:52:44,arbeitnow_vacancies.csv,,,
Head of Human Resources / Leiter Personal (m/w/d),Burkard Bovensiepen GmbH + Co. KG,Buchloe,,arbeitnow.com,2026-05-09 17:52:44,arbeitnow_vacancies.csv,,,
Applikationsingenieur für die Projektabwicklung (m/w/d),ROPEX Industrie-Elektronik GmbH,Bietigheim-Bissingen,,arbeitnow.com,2026-05-09 17:52:44,arbeitnow_vacancies.csv,,,
Management Trainee (m/w/d),AVS Services GmbH,Berlin,,arbeitnow.com,2026-05-09 17:52:44,arbeitnow_vacancies.csv,,,
Marketingmanager/in / Kommunikationsmanager/in (im Rahmen einer Elternzeitvertretung befristet auf 2 Jahre),BELKAW GmbH,Bergisch Gladbach,,arbeitnow.com,2026-05-09 17:52:44,arbeitnow_vacancies.csv,,,
Junior E-Commerce Content Manager (m/w/d),TecTake GmbH,Höchberg,,arbeitnow.com,2026-05-09 17:52:44,arbeitnow_vacancies.csv,,,
SAP S/4HANA Archivierungsberater (m/w/d) (Ref.Nr.: 46698),Wavestone Germany AG,Cologne,,arbeitnow.com,2026-05-09 17:52:44,arbeitnow_vacancies.csv,,,
SAP Basis- und Konvertierungs-Experte (m/w/d) (Ref.Nr.: 46697),Wavestone Germany AG,Cologne,,arbeitnow.com,2026-05-09 17:52:44,arbeitnow_vacancies.csv,,,
Senior SAP BW Entwickler (m/w/d) (Ref.Nr.: 46690),Wavestone Germany AG,Munich,,arbeitnow.com,2026-05-09 17:52:44,arbeitnow_vacancies.csv,,,
Servictechniker Reinraumtechnik (m/w/d),PolyTALENT GmbH,Rabenau,,arbeitnow.com,2026-05-09 17:52:44,arbeitnow_vacancies.csv,,,
Automatisierungsspezialist (m/w/d),smartConsulting Zauner,Weilheim an der Teck,,arbeitnow.com,2026-05-09 17:52:44,arbeitnow_vacancies.csv,,,
"Security Engineer, Proactive Security - Infrastructure and Cloud",Wolt - English,"Berlin, Berlin, Germany",,arbeitnow.com,2026-05-09 17:52:44,arbeitnow_vacancies.csv,,,
Co-Founder CRO / Revenue (m/w/d),BIMraum GmbH,Böblingen,,arbeitnow.com,2026-05-09 17:52:44,arbeitnow_vacancies.csv,,,
Software & AI Engineer (m/w/d),BIMraum GmbH,Böblingen,,arbeitnow.com,2026-05-09 17:52:44,arbeitnow_vacancies.csv,,,
SaaS Account Executive (m/w/d),Epic AI GmbH,Flensburg,,arbeitnow.com,2026-05-09 17:52:44,arbeitnow_vacancies.csv,,,
Trainer,Jade Hochschule,Wilhelmshaven,,arbeitnow.com,2026-05-09 17:52:44,arbeitnow_vacancies.csv,,,
Senior E-Commerce & Marketing Consultant (m/w/d),Hello Brands GmbH,Munich,,arbeitnow.com,2026-05-09 17:52:44,arbeitnow_vacancies.csv,,,
E-Commerce Manager (m/w/d) - in Vollzeit,SizzleBrothers GmbH,Wedemark,,arbeitnow.com,2026-05-09 17:52:44,arbeitnow_vacancies.csv,,,
Assistenz mit Schwerpunkt Finance (m/w/d),NMS Prime GmbH,Dresden,,arbeitnow.com,2026-05-09 17:52:44,arbeitnow_vacancies.csv,,,
Performance Marketing Manager - Google Ads,Every.,Berlin,,arbeitnow.com,2026-05-09 17:52:44,arbeitnow_vacancies.csv,,,
Payroll Specialist / Entgeltabrechner (m/w/d) in Teilzeit,TOX-DÜBEL-TECHNIK GmbH,Krauchenwies,,arbeitnow.com,2026-05-09 17:52:44,arbeitnow_vacancies.csv,,,
Junior Influencer & Creator Relations ManagerIn (m/w/d),Hey Marly GmbH,Cologne,,arbeitnow.com,2026-05-09 17:52:44,arbeitnow_vacancies.csv,,,
Team Manager Customer Care B2C (m/w/d),1KOMMA5˚,Hamburg,,arbeitnow.com,2026-05-09 17:52:44,arbeitnow_vacancies.csv,,,
Senior Analytics Engineer - Growth (m/f/d),1KOMMA5˚,Berlin,,arbeitnow.com,2026-05-09 17:52:44,arbeitnow_vacancies.csv,,,
(Senior) Public Affairs Manager Germany & Europe (gn),Bikeleasing-Service GmbH & Co. KG,Berlin,,arbeitnow.com,2026-05-09 17:52:44,arbeitnow_vacancies.csv,,,
(Senior) Public Affairs Manager DE & EU (gn),Bikeleasing-Service GmbH & Co. KG,Berlin,,arbeitnow.com,2026-05-09 17:52:44,arbeitnow_vacancies.csv,,,
Brand Scout & Creative Assistant (Minijob) I Köln,Le Agency,Cologne,,arbeitnow.com,2026-05-09 17:52:44,arbeitnow_vacancies.csv,,,
Account Manager (w/m/d),TLGG,Berlin,,arbeitnow.com,2026-05-09 17:52:44,arbeitnow_vacancies.csv,,,
Head of Supply Chain & Purchasing (all genders),Glow25 (by Primal State Performance GmbH),Berlin,,arbeitnow.com,2026-05-09 17:52:45,arbeitnow_vacancies.csv,,,
Senior QA Engineer (gn),Bikeleasing-Service GmbH & Co. KG,Berlin,,arbeitnow.com,2026-05-09 17:52:45,arbeitnow_vacancies.csv,,,
(Senior) Product Manager - Contact Center & Conversational AI (w/m/d),tecRacer Germany GmbH,Hannover,,arbeitnow.com,2026-05-09 17:52:45,arbeitnow_vacancies.csv,,,
Senior Sales Manager (m/w/d),manroland Goss web systems GmbH,Augsburg,,arbeitnow.com,2026-05-09 17:52:45,arbeitnow_vacancies.csv,,,
Manager M&A & Development Partnerships (m/w/d) – Energy Storage,ju:niz Energy GmbH,Munich,,arbeitnow.com,2026-05-09 17:52:45,arbeitnow_vacancies.csv,,,
(Junior) Controller/in (m/w/d),Hartmann International GmbH & Co. KG,Paderborn,,arbeitnow.com,2026-05-09 17:52:45,arbeitnow_vacancies.csv,,,
Leitender Projektmanager (m/w/d) – S/4HANA Finance Transformation (Ref.Nr.: 46691),Wavestone Germany AG,Munich,,arbeitnow.com,2026-05-09 17:52:45,arbeitnow_vacancies.csv,,,
Organisations-Talent Marketing (w/m/d),Lernidee Erlebnisreisen GmbH,Berlin,,arbeitnow.com,2026-05-09 17:52:45,arbeitnow_vacancies.csv,,,
Werkstudent*in Accounting | Start Up,Matera GmbH,Berlin,,arbeitnow.com,2026-05-09 17:52:45,arbeitnow_vacancies.csv,,,
Werkstudent*in HR | Scaling Phase,Matera GmbH,Berlin,,arbeitnow.com,2026-05-09 17:52:45,arbeitnow_vacancies.csv,,,
Teamleitung Buchhaltung | Wachstumsphase,Matera GmbH,Berlin,,arbeitnow.com,2026-05-09 17:52:45,arbeitnow_vacancies.csv,,,
Werkstudent:in Graphic Design Marketing,TOM TAILOR GmbH,Hamburg,,arbeitnow.com,2026-05-09 17:52:45,arbeitnow_vacancies.csv,,,
AI-First Marketing Lead (m/w/d) - Remote,refive GmbH,Berlin,,arbeitnow.com,2026-05-09 17:52:45,arbeitnow_vacancies.csv,,,
"Steuerberater (m/w/d) in Neuried, auf Wunsch mit Partnerperspektive, gesucht - mindestens 90.000€",Taxtalente.de,Neuried,,arbeitnow.com,2026-05-09 17:52:45,arbeitnow_vacancies.csv,,,
Ingenieur Verfahrenstechnik Wasser / Abwasser (m/w/d),Solution-4-2 UG,Solingen,,arbeitnow.com,2026-05-09 17:52:45,arbeitnow_vacancies.csv,,,
"Steuerberater (m/w/d) in Unterhaching, auf Wunsch mit Partnerperspektive, gesucht - mindestens 90.000€",Taxtalente.de,Unterhaching,,arbeitnow.com,2026-05-09 17:52:45,arbeitnow_vacancies.csv,,,
Paid Media Manager (m/w/d),Just Hiring,Berlin,,arbeitnow.com,2026-05-09 17:52:45,arbeitnow_vacancies.csv,,,
Finance & Operations Associate (m/f/d) - B2B Climate-Tech,SQUAKE,Berlin,,arbeitnow.com,2026-05-09 17:52:45,arbeitnow_vacancies.csv,,,
Werkstudent für KI & RPA zur Prozessoptimierung (m/w/d),Zimmermann-Brase + Partner Steuerberatungsgesellschaft mbB,Karlsruhe,,arbeitnow.com,2026-05-09 17:52:45,arbeitnow_vacancies.csv,,,
Werkstudent (m/w/d) im Marketing,FACTON GmbH,Potsdam,,arbeitnow.com,2026-05-09 17:52:45,arbeitnow_vacancies.csv,,,
Junior Consultant Unternehmensberatung Wirtschaftsförderung Standortmarketing,PM & Partner Marketing Consulting GmbH,Frankfurt am Main,,arbeitnow.com,2026-05-09 17:52:45,arbeitnow_vacancies.csv,,,
DCI: (Senior) Performance Marketing Manager (m/w/d),Digital Career Institute GmbH,Berlin,,arbeitnow.com,2026-05-09 17:52:45,arbeitnow_vacancies.csv,,,
Management Assistenz / Referent:in für Organisationsentwicklung (gn),IBI - Institut für Bildung in der Informationsgesellschaft gGmbH,Berlin,,arbeitnow.com,2026-05-09 17:52:45,arbeitnow_vacancies.csv,,,
"Steuerberater (m/w/d) in Karlsfeld, auf Wunsch mit Partnerperspektive, gesucht - mindestens 90.000€",Taxtalente.de,Karlsfeld,,arbeitnow.com,2026-05-09 17:52:45,arbeitnow_vacancies.csv,,,
Steuerfachangestellter/Steuerfachwirt/Bilanzbuchhalter (m/w/d) in Voll- oder Teilzeit,KSP Stübben & Partner mbB,Düsseldorf,,arbeitnow.com,2026-05-09 17:52:45,arbeitnow_vacancies.csv,,,
Steuerberater (m/w/d) in Voll- oder Teilzeit,KSP Stübben & Partner mbB,Düsseldorf,,arbeitnow.com,2026-05-09 17:52:45,arbeitnow_vacancies.csv,,,
Software-Spezialist (m/w/d) - Schwerpunkt: ERP-Systeme & Microsoft Power Plattform,JC Eckardt GmbH,Merseburg,,arbeitnow.com,2026-05-09 17:52:45,arbeitnow_vacancies.csv,,,
Nebenjob Datenerfassung (m/w/d),DieProfiberater,Bamberg,,arbeitnow.com,2026-05-09 17:52:45,arbeitnow_vacancies.csv,,,
"Steuerberater (m/w/d) in München , auf Wunsch mit Partnerperspektive, gesucht - mindestens 90.000€",Taxtalente.de,Munich,,arbeitnow.com,2026-05-09 17:52:45,arbeitnow_vacancies.csv,,,
Praktikum SEO & Kommunikation in der Nachhaltigkeit (all genders),Deutsche Unternehmensinitiative Energieeffizienz e. V. (DENEFF),Berlin,,arbeitnow.com,2026-05-09 17:52:45,arbeitnow_vacancies.csv,,,
Leiter Production IT / Process Engineering (m/w/d),Actana Consulting Services GmbH,Coburg,,arbeitnow.com,2026-05-09 17:52:45,arbeitnow_vacancies.csv,,,
Marketingmanager:in,K-Active Europe GmbH,Hösbach,,arbeitnow.com,2026-05-09 17:52:45,arbeitnow_vacancies.csv,,,
Prüfungsassistent (m/w/d) gesucht,Kanzlei Härer,Coburg,,arbeitnow.com,2026-05-09 17:52:45,arbeitnow_vacancies.csv,,,
SAP Logistik Senior Consultant Schwerpunkt SD,HEISAB GmbH,Fürth,,arbeitnow.com,2026-05-09 17:52:45,arbeitnow_vacancies.csv,,,
Ausbildung Fachinformatiker für Systemintegration m|w|d,abat+ GmbH,Sankt Ingbert,,arbeitnow.com,2026-05-09 17:52:45,arbeitnow_vacancies.csv,,,
Technical E-Commerce Specialist / Shopify (m/w/d),GORNATION GmbH,Münster,,arbeitnow.com,2026-05-09 17:52:45,arbeitnow_vacancies.csv,,,
Weiterbildung: Data Science & Business Analytics (IHK) (m/w/d) - Remote,DataSmart Point GmbH,Berlin,,arbeitnow.com,2026-05-09 17:52:45,arbeitnow_vacancies.csv,,,
Karrierestart in Data & AI - IHK Data Analyst (m/w/d) - 100 % Online,DataSmart Point GmbH,Berlin,,arbeitnow.com,2026-05-09 17:52:45,arbeitnow_vacancies.csv,,,
E-Commerce Operations Specialist / Shopify (m/w/d),GORNATION GmbH,Münster,,arbeitnow.com,2026-05-09 17:52:45,arbeitnow_vacancies.csv,,,
DevOps Engineer (w/m/d),strategie:p personalberatung,Bremen,,arbeitnow.com,2026-05-09 17:52:45,arbeitnow_vacancies.csv,,,
Senior HR Manager/Senior HR Business Partner (m/w/d),Nord-Ostsee-Automobile SE & Co. KG,Hamburg,,arbeitnow.com,2026-05-09 17:52:45,arbeitnow_vacancies.csv,,,
Projekt-Manager / Product-Owner (m/w/d),GECKO mbH,Rostock,,arbeitnow.com,2026-05-09 17:52:45,arbeitnow_vacancies.csv,,,
Senior Projekt Manager (m/w/d),GECKO mbH,Rostock,,arbeitnow.com,2026-05-09 17:52:45,arbeitnow_vacancies.csv,,,
Teamleiter:in Architektur,PASD Feldmeier Wrede Architekten,Hagen,,arbeitnow.com,2026-05-09 17:52:45,arbeitnow_vacancies.csv,,,
Junior Projekt Manager (m/w/d),GECKO mbH,Rostock,,arbeitnow.com,2026-05-09 17:52:45,arbeitnow_vacancies.csv,,,
Warehouse Associate - Repair Department (m/w/d) - TUMI Unna,TUMI,Unna,,arbeitnow.com,2026-05-09 17:52:45,arbeitnow_vacancies.csv,,,
Finance Manager (f/m/d),Inter.link,Berlin,,arbeitnow.com,2026-05-09 17:52:45,arbeitnow_vacancies.csv,,,
Kotlin Backend Engineer (m/f/d),Flix,"München, Bayern, Germany",,arbeitnow.com,2026-05-09 17:52:45,arbeitnow_vacancies.csv,,,
SAP ABAP Software Engineer (m/f/d),Onapsis,"Heidelberg, Baden-Württemberg, Germany",,arbeitnow.com,2026-05-09 17:52:45,arbeitnow_vacancies.csv,,,
Senior Designer - Digital & AI (m/w/fd),BauWatch Group,Ratingen,,arbeitnow.com,2026-05-09 17:52:45,arbeitnow_vacancies.csv,,,
Social Media Manager/in (m/w/d),bildbrauerei GmbH,Heidelberg,,arbeitnow.com,2026-05-09 17:52:45,arbeitnow_vacancies.csv,,,
Projektmanager/in (m/w/d),bildbrauerei GmbH,Heidelberg,,arbeitnow.com,2026-05-09 17:52:45,arbeitnow_vacancies.csv,,,
Werksstudent:in - Graphik Design,mtc commerce GmbH,Berlin,,arbeitnow.com,2026-05-09 17:52:45,arbeitnow_vacancies.csv,,,
Technical Account Manager (m/w/d),noris network AG,Nuremberg,,arbeitnow.com,2026-05-09 17:52:45,arbeitnow_vacancies.csv,,,
Junior Projektleiter*In W/M/D - Hildesheim!,Schweitzer Project Spa,Hildesheim,,arbeitnow.com,2026-05-09 17:52:45,arbeitnow_vacancies.csv,,,
"Medical Equipment and Device Service Technician/Engineer (m/f/x) - Berlin, Germany",Genoray EU GmbH,Berlin,,arbeitnow.com,2026-05-09 17:52:45,arbeitnow_vacancies.csv,,,
Produktdaten Manager (m/w/d) Vollzeit,Holz-Richter GmbH,Lindlar,,arbeitnow.com,2026-05-09 17:52:45,arbeitnow_vacancies.csv,,,
(Senior) Consultant für Data & AI Strategy (all genders),diffferent GmbH,Berlin,,arbeitnow.com,2026-05-09 17:52:45,arbeitnow_vacancies.csv,,,
SAP AFC Berater (m/w/d) (Ref.Nr.: 46686),Wavestone Germany AG,Munich,,arbeitnow.com,2026-05-09 17:52:45,arbeitnow_vacancies.csv,,,
(Senior) Consultant (all genders),diffferent GmbH,Berlin,,arbeitnow.com,2026-05-09 17:52:45,arbeitnow_vacancies.csv,,,
Head of Paid Social & Search (e-Com/D2C) (m/w/d),HEY HOLY GmbH,Frankfurt am Main,,arbeitnow.com,2026-05-09 17:52:45,arbeitnow_vacancies.csv,,,
OT-D Backend Entwickler / Backend Developer - JAVA (m/w/d),OPTITOOL GmbH,Regensburg,,arbeitnow.com,2026-05-09 17:52:45,arbeitnow_vacancies.csv,,,
(Pflicht-) Praktikum Praktikant/in Social Media & Online Marketing (m/w/d),KplusA Communications GmbH,Düsseldorf,,arbeitnow.com,2026-05-09 17:52:45,arbeitnow_vacancies.csv,,,
Werkstudent (m/w/d) Content/ Online Marketing,pso vertriebsprogramme GmbH,Cologne,,arbeitnow.com,2026-05-09 17:52:45,arbeitnow_vacancies.csv,,,
Service Techniker (m/w/d) im Außendienst (Gebiet Leipzig),ME Group Germany GmbH,Leipzig,,arbeitnow.com,2026-05-09 17:52:45,arbeitnow_vacancies.csv,,,
Head of Finance / Leiter Finanzen - Aufbau & Transformation (m/w/d),FORTÉ Germany GmbH,Schwalbach am Taunus,,arbeitnow.com,2026-05-09 17:52:45,arbeitnow_vacancies.csv,,,
SB 2: Visual Designer (Social-first) (m/w/d),Prematch,Cologne,,arbeitnow.com,2026-05-09 17:52:45,arbeitnow_vacancies.csv,,,
Commercial Finance Manager (Kaufmännischer Finanzmanager) (m/w/d),Hydropulse,Berlin,,arbeitnow.com,2026-05-09 17:52:45,arbeitnow_vacancies.csv,,,
Leiter Projektentwicklung/Head of Project Development (m/w/d),ENOVA Unternehmensgruppe,Hamburg,,arbeitnow.com,2026-05-09 17:52:45,arbeitnow_vacancies.csv,,,
Finanzbuchhalter (m/w/d),Jobbusters® GmbH,Passau,,arbeitnow.com,2026-05-09 17:52:45,arbeitnow_vacancies.csv,,,
Buchhalter (m/w/d),Jobbusters® GmbH,Gröbenzell,,arbeitnow.com,2026-05-09 17:52:45,arbeitnow_vacancies.csv,,,
WEG-Buchhalter (m/w/d),Jobbusters® GmbH,Munich,,arbeitnow.com,2026-05-09 17:52:45,arbeitnow_vacancies.csv,,,
Diplom-Finanzwirt (m/w/d),GRP Günter - Reitmayer Steuerberatungsgesellschaft mbH & Co. KG,Thannhausen,,arbeitnow.com,2026-05-09 17:52:45,arbeitnow_vacancies.csv,,,
Rockstardevelopers: Senior Fullstack Entwickler (m/w/d) mit Projekterfahrung Deutsche Bahn oder DB Systel,Rockstardevelopers GmbH,Stuttgart,,arbeitnow.com,2026-05-09 17:52:45,arbeitnow_vacancies.csv,,,
(Junior) Social Media & Influencer Marketing Manager (m/w/d),Löwenzahn Organics GmbH,Mainz,,arbeitnow.com,2026-05-09 17:52:45,arbeitnow_vacancies.csv,,,
Werkstudent Vertrieb / Finanzberatung (m/w/d) – Praxis statt Theorie,Shereen Patzelt,Chemnitz,,arbeitnow.com,2026-05-09 17:52:45,arbeitnow_vacancies.csv,,,
Senior Account Executive – Bestandskunden (m/w/d),Candidate Flow GmbH,Düsseldorf,,arbeitnow.com,2026-05-09 17:52:45,arbeitnow_vacancies.csv,,,
Mitarbeiter/in im kaufmännischen Bereich,Kukuk GmbH,Wernau,,arbeitnow.com,2026-05-09 17:52:45,arbeitnow_vacancies.csv,,,
Head of Risk (m/f/d) - Berlin,Bees & Bears,Berlin,,arbeitnow.com,2026-05-09 17:52:45,arbeitnow_vacancies.csv,,,
Full-Stack AI Engineer (Computer Vision & Back-end Focus),StellDirVor GmbH,Munich,,arbeitnow.com,2026-05-09 17:52:45,arbeitnow_vacancies.csv,,,
JTL-Wawi / ERP Support Specialist - E-Commerce & WMS (m/w/d),knowmates GmbH,Leipzig,,arbeitnow.com,2026-05-09 17:52:45,arbeitnow_vacancies.csv,,,
Verfahrensmechaniker für Kunststoff- und Kautschuktechnik / Kunststofftechnologe (m/w/d),Busch PROtective Germany GmbH & Co. KG,Gütersloh,,arbeitnow.com,2026-05-09 17:52:45,arbeitnow_vacancies.csv,,,
Sales Manager (m/w/d) - 100 % remote,Enter by baupal GmbH,Berlin,,arbeitnow.com,2026-05-09 17:52:45,arbeitnow_vacancies.csv,,,
Team Lead People & Culture (m/w/d),Enter by baupal GmbH,Berlin,,arbeitnow.com,2026-05-09 17:52:45,arbeitnow_vacancies.csv,,,
Test Automation Engineer (m/w/d) CU & future UI,citema systems GmbH,Stuttgart,,arbeitnow.com,2026-05-09 17:52:45,arbeitnow_vacancies.csv,,,
Head of Staff & Regulatory Operations,R&C Request GmbH,Kreuztal,,arbeitnow.com,2026-05-09 17:52:45,arbeitnow_vacancies.csv,,,
Senior Cloud Engineer (m/f/d),Bridger,Cologne,,arbeitnow.com,2026-05-09 17:52:45,arbeitnow_vacancies.csv,,,
Mitarbeiter für Service - Mechatroniker/Elektroniker/Mechaniker (m/w/d),Reinhardt GmbH,Villingen-Schwenningen,,arbeitnow.com,2026-05-09 17:52:45,arbeitnow_vacancies.csv,,,
Test Automation CU & future UI (m/w/x),K-tronik GmbH,Stuttgart,,arbeitnow.com,2026-05-09 17:52:45,arbeitnow_vacancies.csv,,,
Information Security Officer (m/w/d),R&C Request GmbH,Kreuztal,,arbeitnow.com,2026-05-09 17:52:45,arbeitnow_vacancies.csv,,,
BuchhalterIN   (m/w/d),Gemeinnützige Wohnungsbaugenossenschaft Btterfeld. e.G.,Bitterfeld-Wolfen,,arbeitnow.com,2026-05-09 17:52:45,arbeitnow_vacancies.csv,,,
Senior Data Engineer (m/w/d),Polarstern Experts,Düsseldorf,,arbeitnow.com,2026-05-09 17:52:46,arbeitnow_vacancies.csv,,,
Konzepter*in / Strateg*in (w/m/d),Schach zu Dritt | Gesellschaft für Kommunikation mbH,Berlin,,arbeitnow.com,2026-05-09 17:52:46,arbeitnow_vacancies.csv,,,
Architekt - Tragwerksplanung (m/w/d),Ebert HERA Esser Group,Witten,,arbeitnow.com,2026-05-09 17:52:46,arbeitnow_vacancies.csv,,,
Praktikum im Rahmen einer Umschulung (Marketing oder E-Commerce) (m/w/d),eFLY Marketplace Services GmbH,Stuttgart,,arbeitnow.com,2026-05-09 17:52:46,arbeitnow_vacancies.csv,,,
Grafikdesigner (m/w/d),eFLY Marketplace Services GmbH,Stuttgart,,arbeitnow.com,2026-05-09 17:52:46,arbeitnow_vacancies.csv,,,
Pflichtpraktikum Online Marketing Manager (m/w/d),eFLY Marketplace Services GmbH,Stuttgart,,arbeitnow.com,2026-05-09 17:52:46,arbeitnow_vacancies.csv,,,
Junior IT-Administrator  (m/w/d),Eberlein und Kunz,Berlin,,arbeitnow.com,2026-05-09 17:52:46,arbeitnow_vacancies.csv,,,
(Junior) Growth Manager,Skailark,Munich,,arbeitnow.com,2026-05-09 17:52:46,arbeitnow_vacancies.csv,,,
"Software Engineer, Platform - Munich, Germany",Speechify,"Munich, Bavaria, Germany",,arbeitnow.com,2026-05-09 17:52:46,arbeitnow_vacancies.csv,,,
"Tech Lead, Web Core Product & Chrome Extension - Berlin, Germany",Speechify,"Berlin, Berlin, Germany",,arbeitnow.com,2026-05-09 17:52:46,arbeitnow_vacancies.csv,,,
"Tech Lead, Android Core Product - Berlin, Germany",Speechify,"Berlin, Berlin, Germany",,arbeitnow.com,2026-05-09 17:52:46,arbeitnow_vacancies.csv,,,
"Software Engineer, Data Infrastructure & Acquisition - Frankfurt, Germany",Speechify,"Frankfurt, Hesse, Germany",,arbeitnow.com,2026-05-09 17:52:46,arbeitnow_vacancies.csv,,,
"Software Engineer, Data Infrastructure & Acquisition - Berlin, Germany",Speechify,"Berlin, Berlin, Germany",,arbeitnow.com,2026-05-09 17:52:46,arbeitnow_vacancies.csv,,,
"Senior Software Engineer, Windows/Desktop Applications - Cologne, Germany",Speechify,"Cologne, North Rhine-Westphalia, Germany",,arbeitnow.com,2026-05-09 17:52:46,arbeitnow_vacancies.csv,,,
"Senior Software Engineer, Windows/Desktop Applications - Berlin, Germany",Speechify,"Berlin, Berlin, Germany",,arbeitnow.com,2026-05-09 17:52:46,arbeitnow_vacancies.csv,,,
"Senior Software Engineer, Core Experiences - Cologne, Germany",Speechify,"Cologne, North Rhine-Westphalia, Germany",,arbeitnow.com,2026-05-09 17:52:46,arbeitnow_vacancies.csv,,,
"Senior Software Engineer, Core Experiences - Berlin, Germany",Speechify,"Berlin, Berlin, Germany",,arbeitnow.com,2026-05-09 17:52:46,arbeitnow_vacancies.csv,,,
"Software Engineer, Platform - Cologne, Germany",Speechify,"Cologne, North Rhine-Westphalia, Germany",,arbeitnow.com,2026-05-09 17:52:46,arbeitnow_vacancies.csv,,,
Senior Embedded Software Engineer - Android,SumUp,"Berlin, Berlin, Germany",,arbeitnow.com,2026-05-09 17:52:46,arbeitnow_vacancies.csv,,,
Pflichtpraktikum im Bereich Grafikdesign (m/w/d),eFLY Marketplace Services GmbH,Stuttgart,,arbeitnow.com,2026-05-09 17:52:46,arbeitnow_vacancies.csv,,,
Online Marketing Manager (m/w/d),eFLY Marketplace Services GmbH,Stuttgart,,arbeitnow.com,2026-05-09 17:52:46,arbeitnow_vacancies.csv,,,
Werkstudent Founders Associate / Business Development (m/w/d),Lucid Labs,Berlin,,arbeitnow.com,2026-05-09 17:52:46,arbeitnow_vacancies.csv,,,
Buchhaltung / Finance Operations Manager:in in Teilzeit 50 % (m/w/d),Liotec GmbH,Munich,,arbeitnow.com,2026-05-09 17:52:46,arbeitnow_vacancies.csv,,,
Technical Support Manager / Technical Support Specialist (m/w/d),Liotec GmbH,Berlin,,arbeitnow.com,2026-05-09 17:52:46,arbeitnow_vacancies.csv,,,
Senior Security Engineer (all genders),Urban Sports Club,"Berlin, Germany",,arbeitnow.com,2026-05-09 17:52:46,arbeitnow_vacancies.csv,,,
Growth Engine Builder: Own Performance Across Multiple Brands,TheFamilyGroup,Cologne,,arbeitnow.com,2026-05-09 17:52:46,arbeitnow_vacancies.csv,,,
Social Media Account Manager (m/w/x),LINGNER.COM,Heilbronn,,arbeitnow.com,2026-05-09 17:52:46,arbeitnow_vacancies.csv,,,
(Senior) Projektleiter Schlüsselfertigbau (m/w/d) auf GU-Seite Region München - bis ca. 120.000 € Jahresgehalt und Dienstwagen,QTalents - Real Estate Recruiting,Munich,,arbeitnow.com,2026-05-09 17:52:46,arbeitnow_vacancies.csv,,,
IT Dispatcher (m/w/d) - Du steuerst Kunden und Technik,Green Secure GmbH,Bremerhaven,,arbeitnow.com,2026-05-09 17:52:46,arbeitnow_vacancies.csv,,,
Freelance UGC & Content Creator*in,Triviar Education GmbH,Hamburg,,arbeitnow.com,2026-05-09 17:52:46,arbeitnow_vacancies.csv,,,
Tiktok/ Reels - Content Creator für Short-Form-Video (m/w/d),RealStudio GmbH,Berlin,,arbeitnow.com,2026-05-09 17:52:46,arbeitnow_vacancies.csv,,,
"Marketing Manager & Inhouse Koordinator (m/w/d) - Vollzeit, 100 % Homeoffice",Nutrition-Plus Germany e.K.,Grafschaft,,arbeitnow.com,2026-05-09 17:52:46,arbeitnow_vacancies.csv,,,
Niederlassungsleiter (m/w/d) -Personaldienstleistung- in Mainz,Annette Hoppmann Consulting,Mainz,,arbeitnow.com,2026-05-09 17:52:46,arbeitnow_vacancies.csv,,,
UGC Content Creator (m/w/d) für iOS Apps auf Social Media,Abenteuergeist,Munich,,arbeitnow.com,2026-05-09 17:52:46,arbeitnow_vacancies.csv,,,
Apple IT Support Specialist 2nd Level (m/w/d),jemix GmbH,Berlin,,arbeitnow.com,2026-05-09 17:52:46,arbeitnow_vacancies.csv,,,
Test,HRzlich GmbH,Worms,,arbeitnow.com,2026-05-09 17:52:46,arbeitnow_vacancies.csv,,,
Werkstudent/-in Finance & Strategy (m/w/d),Soley GmbH,Munich,,arbeitnow.com,2026-05-09 17:52:46,arbeitnow_vacancies.csv,,,
Mitarbeiter (m/w/d) Inhalte für KI-Training erstellen & bewerten - Nebenjob - flexibel + remote,Talentwert Digital Research Studio,Leipzig,,arbeitnow.com,2026-05-09 17:52:46,arbeitnow_vacancies.csv,,,
"Projektmitarbeiter (m/d/w) Gründungsberatung, Innovationsmotor",WITENO,Greifswald,,arbeitnow.com,2026-05-09 17:52:46,arbeitnow_vacancies.csv,,,
"KFZ-Mechatroniker für NFZ, LKW & Trailer (m/w/d) | 40.000 - 52.000 € Gehalt + 5.000 € Wechselprämie",Riverstate Premium Recruiting,Hamburg,,arbeitnow.com,2026-05-09 17:52:46,arbeitnow_vacancies.csv,,,
"Steuerberater (m/w/d) in Heidelberg, auf Wunsch mit Partnerperspektive, gesucht - mindestens 90.000€",Taxtalente.de,Heidelberg,,arbeitnow.com,2026-05-09 17:52:46,arbeitnow_vacancies.csv,,,
Kundenberater/betreuer (m/w/d) 100% Homeoffice/Remote,Faude & Hoster GmbH,Mannheim,,arbeitnow.com,2026-05-09 17:52:46,arbeitnow_vacancies.csv,,,
E-Commerce Projektmanager in (m/w/d) 100 % Remote VZ,Tretmann,Aachen,,arbeitnow.com,2026-05-09 17:52:46,arbeitnow_vacancies.csv,,,
(Senior) Financial Analyst / Controller (m/w/d) - FP&A,Hello Lemon GmbH,Bonn,,arbeitnow.com,2026-05-09 17:52:46,arbeitnow_vacancies.csv,,,
Senior AI Data Platform Engineer (m/w/d),Recare Deutschland GmbH,Berlin,,arbeitnow.com,2026-05-09 17:52:46,arbeitnow_vacancies.csv,,,
Engineering Manager (f/m/d) - Product & Platform,hallo theo,Berlin,,arbeitnow.com,2026-05-09 17:52:46,arbeitnow_vacancies.csv,,,
Vermietassistent (m/w/d) bei Europcar Autovermietung,Euroline GmbH & Co. KG,Rastatt,,arbeitnow.com,2026-05-09 17:52:46,arbeitnow_vacancies.csv,,,
"Steuerberater (m/w/d) in Mannheim , auf Wunsch mit Partnerperspektive, gesucht - mindestens 90.000€",Taxtalente.de,Mannheim,,arbeitnow.com,2026-05-09 17:52:46,arbeitnow_vacancies.csv,,,
Inhouse IT Administrator (d/f/m),Rulemapping Group GmbH,Berlin,,arbeitnow.com,2026-05-09 17:52:46,arbeitnow_vacancies.csv,,,
Regional Development Manager für den Hoch-/Ausbau von Gewerbeimmobilien (m/w/d) - Region Nord/Ost,Sirius Facilities GmbH,Berlin,,arbeitnow.com,2026-05-09 17:52:46,arbeitnow_vacancies.csv,,,
"Techniker:in im Bereich Sicherheitstechnik, Nürnberg, 50.000 - 65.000",wabcon,Nuremberg,,arbeitnow.com,2026-05-09 17:52:46,arbeitnow_vacancies.csv,,,
Kundenbetreuung in der Finanzbuchhaltung - FinTech - Scale-Up - 100% von Zuhause,pathway solutions gmbh,Hamburg,,arbeitnow.com,2026-05-09 17:52:46,arbeitnow_vacancies.csv,,,
Senior AI Engineer,PENTADOC AG,Würzburg,,arbeitnow.com,2026-05-09 17:52:46,arbeitnow_vacancies.csv,,,
Content Marketing Manager:in (m/w/d) – Elternzeitvertretung ab sofort bis Januar 2027,Good Hood GmbH / nebenan.de,Berlin,,arbeitnow.com,2026-05-09 17:52:46,arbeitnow_vacancies.csv,,,
(Senior) Performance Marketing Manager - Paid Social (all genders),mammaly,Berlin,,arbeitnow.com,2026-05-09 17:52:46,arbeitnow_vacancies.csv,,,
Senior Personalreferent*in - HR Generalist*in I Raum Pforzheim,Hoffmann.Recruiting & More,Pforzheim,,arbeitnow.com,2026-05-09 17:52:46,arbeitnow_vacancies.csv,,,
Spezialist (m/w/d) Marktfolge KreditService (IRBA) bei der Volksbank eG in Offenburg oder Villingen-Schwenningen,Banking Talent,Villingen-Schwenningen,,arbeitnow.com,2026-05-09 17:52:46,arbeitnow_vacancies.csv,,,
Senior Security Infrastructure Engineer (all genders),Urban Sports Club,"Berlin, Germany",,arbeitnow.com,2026-05-09 17:52:46,arbeitnow_vacancies.csv,,,
Senior Manager People Operations (m/w/d),Flix,"Berlin, Deutschland",,arbeitnow.com,2026-05-09 17:52:46,arbeitnow_vacancies.csv,,,
"Senior Full-Stack Engineer – Platform (React, TypeScript, Node.js)",Atolls,"Berlin, Berlin, Germany",,arbeitnow.com,2026-05-09 17:52:46,arbeitnow_vacancies.csv,,,
"Steuerberater (m/w/d) in Bad Friedrichshall , auf Wunsch mit Partnerperspektive, gesucht - mindestens 90.000€",Taxtalente.de,Bad Friedrichshall,,arbeitnow.com,2026-05-09 17:52:46,arbeitnow_vacancies.csv,,,
Ausbildung zur IT-Systemkaufperson,4Mis GmbH,Hürth,,arbeitnow.com,2026-05-09 17:52:46,arbeitnow_vacancies.csv,,,
"Steuerberater (m/w/d) in Löwenstein, auf Wunsch mit Partnerperspektive, gesucht - mindestens 90.000€",Taxtalente.de,Löwenstein,,arbeitnow.com,2026-05-09 17:52:46,arbeitnow_vacancies.csv,,,
"AI Product Owner (m,w,d)",FlexIT Consulting GmbH,Frankfurt am Main,,arbeitnow.com,2026-05-09 17:52:46,arbeitnow_vacancies.csv,,,
Client Success & Operations Manager (B2B Leadgenerierung),ATLAS Media GmbH,Köln,,arbeitnow.com,2026-05-09 17:52:46,arbeitnow_vacancies.csv,,,
Wirtschaftsprüfungsassistent/in (w/m/d),Pickel & Partner,Schweinfurt,,arbeitnow.com,2026-05-09 17:52:46,arbeitnow_vacancies.csv,,,
Inhouse Security Operation Center (SOC) Engineer (m/w/d),DWWA Personalberatung GmbH,Düsseldorf,,arbeitnow.com,2026-05-09 17:52:46,arbeitnow_vacancies.csv,,,
Founding Engineer (all genders),cargovibe,Münster,,arbeitnow.com,2026-05-09 17:52:46,arbeitnow_vacancies.csv,,,
Customer Success Manager – Schwerpunkt Architektur & Real Estate (m/w/d),syte GmbH,Münster,,arbeitnow.com,2026-05-09 17:52:46,arbeitnow_vacancies.csv,,,
Werkzeugmechaniker (m/w/d),Ocono VACUFLEX GmbH,Mörfelden-Walldorf,,arbeitnow.com,2026-05-09 17:52:46,arbeitnow_vacancies.csv,,,
BPMN Process Consultant  (m/w/d) mit Camunda Know-How (Ref.Nr.: 46681),Wavestone Germany AG,Munich,,arbeitnow.com,2026-05-09 17:52:46,arbeitnow_vacancies.csv,,,
Werkstudent oder Duales Studium im Bereich Informatik mit Fokus KI Anwendungen (m/w/d),AZ Mediendesign GmbH,Dorsten,,arbeitnow.com,2026-05-09 17:52:46,arbeitnow_vacancies.csv,,,
Customer Service Intern (m/w/d),Tiens,Berlin,,arbeitnow.com,2026-05-09 17:52:46,arbeitnow_vacancies.csv,,,
Wir suchen Senior FrontEnd Entwickler*in und IT-Consultant (m/ w/ d),Prime Force AT,Berlin,,arbeitnow.com,2026-05-09 17:52:46,arbeitnow_vacancies.csv,,,
Scrum Coordinator (m/w/d) Bremen,Personalica GmbH,Hamburg,,arbeitnow.com,2026-05-09 17:52:46,arbeitnow_vacancies.csv,,,
Intern / Working Student Human Resources (m/w/d)  in der DZ Bank Gruppe,GENO Broker,Frankfurt am Main,,arbeitnow.com,2026-05-09 17:52:46,arbeitnow_vacancies.csv,,,
Pflichtpraktikum Marketing (Social Media) // (all genders) // ab Mitte Juli // Start Up,MainTea GmbH,Frankfurt am Main,,arbeitnow.com,2026-05-09 17:52:46,arbeitnow_vacancies.csv,,,
Projektleiter für Klima- und Lüftungstechnik (m/w/d),KLT Klima- und Lüftungstechnik GmbH,Hamburg,,arbeitnow.com,2026-05-09 17:52:46,arbeitnow_vacancies.csv,,,
(Junior) Technical Writer / (Junior) Technischer Redakteur (m/w/d),noris network AG,Nuremberg,,arbeitnow.com,2026-05-09 17:52:46,arbeitnow_vacancies.csv,,,
Steuerberater und/oder Rechtsanwalt als Gestaltungsberater für Restrukturierung und Unternehmensnachfolge (m/w/d),AWP Wirtschaftstreuhand GmbH,Regensburg,,arbeitnow.com,2026-05-09 17:52:46,arbeitnow_vacancies.csv,,,
Kaufmännischer Mitarbeiter (m/w/d),Aquapurna GmbH,Wunstorf,,arbeitnow.com,2026-05-09 17:52:46,arbeitnow_vacancies.csv,,,
Consultant IT-Security (m/w/d),ARES Consulting GmbH,Munich,,arbeitnow.com,2026-05-09 17:52:46,arbeitnow_vacancies.csv,,,
Führungstalent (m/w/d),Little John Bikes GmbH,Hermsdorf,,arbeitnow.com,2026-05-09 17:52:46,arbeitnow_vacancies.csv,,,
"Werkstudent:in (m/w/d) Data Science, AI & Scientific Computing",Expert Analytics GmbH,Munich,,arbeitnow.com,2026-05-09 17:52:46,arbeitnow_vacancies.csv,,,
Consultant / Associate Wirtschaftsprüfung/Audit und/oder Steuerberatung/Tax (m/w/d),MUTH Treuhand PartGmbB Wirtschaftsprüfer / Steuerberater,Heilbronn,,arbeitnow.com,2026-05-09 17:52:46,arbeitnow_vacancies.csv,,,
HR Business Partner (m/w/d) - Leipzig,momox,Leipzig,,arbeitnow.com,2026-05-09 17:52:46,arbeitnow_vacancies.csv,,,
Steuerberater als (Senior-) Manager Tax (m/w/d) mit Option zur Partnerschaft,MUTH Treuhand PartGmbB Wirtschaftsprüfer / Steuerberater,Heilbronn,,arbeitnow.com,2026-05-09 17:52:46,arbeitnow_vacancies.csv,,,
Social Media & Content Marketing Praktikant:in (m/w/d),Grwm,Bochum,,arbeitnow.com,2026-05-09 17:52:46,arbeitnow_vacancies.csv,,,
Steuerfachangestellte (m/w/d) in Voll-/Teilzeit,MUTH Treuhand PartGmbB Wirtschaftsprüfer / Steuerberater,Heilbronn,,arbeitnow.com,2026-05-09 17:52:46,arbeitnow_vacancies.csv,,,
Ausbildung zum Fachinformatiker (m/w/d),Bayerische Landeszentrale für neue Medien (BLM),Munich,,arbeitnow.com,2026-05-09 17:52:46,arbeitnow_vacancies.csv,,,
Full Stack Developer (m/w/d) | KI & LegalTech,fairforce.one,Leipzig,,arbeitnow.com,2026-05-09 17:52:46,arbeitnow_vacancies.csv,,,
⭐ Software Engineer - T-Shaped (f/m/x),LOX Solutions GmbH,Cologne,,arbeitnow.com,2026-05-09 17:52:46,arbeitnow_vacancies.csv,,,
Werkstudent Video Content & AI-Marketing (w/m/d),PAQATO GmbH,Münster,,arbeitnow.com,2026-05-09 17:52:46,arbeitnow_vacancies.csv,,,
"Spezialist Application Engineering und Sales Support (m/w/d), UV-Desinfektion, Wasser & Abwasser",Xylem,Herford,,arbeitnow.com,2026-05-09 17:52:46,arbeitnow_vacancies.csv,,,
Java Fullstack-Entwickler (m/w/d) mit OSPlus Kenntnissen (Ref.Nr.: 46682),Wavestone Germany AG,Münster,,arbeitnow.com,2026-05-09 17:52:46,arbeitnow_vacancies.csv,,,
Teamerweiterung: IT-Entwickler C#/.NET/C++ (m/w/d),MANNER Sensortelemetrie GmbH,Spaichingen,,arbeitnow.com,2026-05-09 17:52:46,arbeitnow_vacancies.csv,,,
Projektmanager Customer Support & Services Remote (m/w/d),HotelNetSolutions GmbH,Berlin,,arbeitnow.com,2026-05-09 17:52:46,arbeitnow_vacancies.csv,,,
Social Media Marketing Manager:in,carpesol GmbH & Co. KG,Bad Rothenfelde,,arbeitnow.com,2026-05-09 17:52:46,arbeitnow_vacancies.csv,,,
SAP Basis Administrator (m/w/d),GBS Electronic Solutions GmbH,Bayreuth,,arbeitnow.com,2026-05-09 17:52:46,arbeitnow_vacancies.csv,,,
Projektmanager:in für Beiersdorf - Social Media & Influencer Marketing (gn),Intermate Media GmbH,Berlin,,arbeitnow.com,2026-05-09 17:52:46,arbeitnow_vacancies.csv,,,
TikTok Shop / Social Commerce Manager:in für Beiersdorf (gn),Intermate Media GmbH,Berlin,,arbeitnow.com,2026-05-09 17:52:46,arbeitnow_vacancies.csv,,,
Talent Acquisition | Working Student / Werkstudent*in (m/w/d),Superchat,Berlin,,arbeitnow.com,2026-05-09 17:52:46,arbeitnow_vacancies.csv,,,
Recruiting Working Student | Werkstudent*in (m/w/d),Superchat,Berlin,,arbeitnow.com,2026-05-09 17:52:46,arbeitnow_vacancies.csv,,,
Praktikum im Bereich People Operations/HR (m/w/d),etalytics GmbH,Darmstadt,,arbeitnow.com,2026-05-09 17:52:46,arbeitnow_vacancies.csv,,,
Fluidcare Supervisor (m/w/d) Onsite Automotive Customer,Quaker Houghton,Neumünster,,arbeitnow.com,2026-05-09 17:52:46,arbeitnow_vacancies.csv,,,
Performance Marketing Manager,JawBuddy,Leipzig,,arbeitnow.com,2026-05-09 17:52:46,arbeitnow_vacancies.csv,,,
Quality Assurance / QA Software Testing (m/w/d),bd operations GmbH,Augsburg,,arbeitnow.com,2026-05-09 17:52:46,arbeitnow_vacancies.csv,,,
Senior IT Service Manager (m/w/d),noris network AG,Nuremberg,,arbeitnow.com,2026-05-09 17:52:46,arbeitnow_vacancies.csv,,,
Social Media Manager (m/w/d) - mit Video-Know-How,ADITO Software GmbH,Landshut,,arbeitnow.com,2026-05-09 17:52:46,arbeitnow_vacancies.csv,,,
SAP Project Manager,Market Cloud,Eschborn,,arbeitnow.com,2026-05-09 17:52:46,arbeitnow_vacancies.csv,,,
Senior Interior/Retail Designer - (m/w/d),YTTP,Cologne,,arbeitnow.com,2026-05-09 17:52:46,arbeitnow_vacancies.csv,,,
Senior SEA Manager (m/w/d),webworks,Berlin,,arbeitnow.com,2026-05-09 17:52:46,arbeitnow_vacancies.csv,,,
SDR/Setter - 100% Remote/Vollzeit,Erschaffe dich neu,Berlin,,arbeitnow.com,2026-05-09 17:52:46,arbeitnow_vacancies.csv,,,
Product Owner (m/w/d),bd operations GmbH,Augsburg,,arbeitnow.com,2026-05-09 17:52:46,arbeitnow_vacancies.csv,,,
Sales & Business Development Trainee (B2B Finanzmentoring) - Remote - Vollzeit/ Teilzeit (m/w/d),helmutbeck.com - by MHB Consulting GmbH,Frankfurt am Main,,arbeitnow.com,2026-05-09 17:52:46,arbeitnow_vacancies.csv,,,
Betriebswirtschaftliche Leitung (m/w/d),Landesfachverband Medienbildung Brandenburg (lmb e.V.),Potsdam,,arbeitnow.com,2026-05-09 17:52:46,arbeitnow_vacancies.csv,,,
Consultant (m/w/d) - IT & Business Solutions,MERENTIS GmbH,Bremen,,arbeitnow.com,2026-05-09 17:52:46,arbeitnow_vacancies.csv,,,
Senior Growth Marketer - Expansion 100% (m/w/d),SHEKO GmbH,Hamburg,,arbeitnow.com,2026-05-09 17:52:46,arbeitnow_vacancies.csv,,,
"Mitarbeiter Finanzen, Buchhaltung & Systeme (m/w/d)",Universal Brandschutz Service GmbH,Teutschenthal,,arbeitnow.com,2026-05-09 17:52:46,arbeitnow_vacancies.csv,,,
Projektmanager (m/w/d) für Notaufnahme-Informationssystem,epias GmbH,Idstein,,arbeitnow.com,2026-05-09 17:52:46,arbeitnow_vacancies.csv,,,
Personalsachbearbeiter (m/w/d) Schwerpunkt Payroll,Dorst Technologies GmbH,Kochel,,arbeitnow.com,2026-05-09 17:52:46,arbeitnow_vacancies.csv,,,
"Senior Feed & Marketplace Manager (Google, Amazon & Commerce) (m/w/d) | 100 % Remote",hurra.com,Stuttgart,,arbeitnow.com,2026-05-09 17:52:46,arbeitnow_vacancies.csv,,,
System Software Test Engineer (m/w/d),citema systems GmbH,Munich,,arbeitnow.com,2026-05-09 17:52:46,arbeitnow_vacancies.csv,,,
Personalreferent (m/w/d) Schwerpunkt Payroll,Dorst Technologies GmbH,Kochel,,arbeitnow.com,2026-05-09 17:52:46,arbeitnow_vacancies.csv,,,
Zerspanungsmechaniker (m/w/d),Ocono VACUFLEX GmbH,Mörfelden-Walldorf,,arbeitnow.com,2026-05-09 17:52:46,arbeitnow_vacancies.csv,,,
IT Onsite Techniker (m/w/d),audius SE,Leipzig,,arbeitnow.com,2026-05-09 17:52:46,arbeitnow_vacancies.csv,,,
IT-ProjekttechnikerIn (m/w/d),netIable Volker Frank,Frechen,,arbeitnow.com,2026-05-09 17:52:46,arbeitnow_vacancies.csv,,,
IT-SupporttechnikerIn (m/w/d),netIable Volker Frank,Frechen,,arbeitnow.com,2026-05-09 17:52:46,arbeitnow_vacancies.csv,,,
Senior Producer & Projektmanager (m/w/d),yfood Labs GmbH,Munich,,arbeitnow.com,2026-05-09 17:52:46,arbeitnow_vacancies.csv,,,
Jahrespraktikum (Pflichtpraktikum) IT-Technik / Systemintegration (m/w/d),Medsolve,Eschborn,,arbeitnow.com,2026-05-09 17:52:46,arbeitnow_vacancies.csv,,,
Elektroniker:in,WOW! M∙I∙C∙E People,Mainz,,arbeitnow.com,2026-05-09 17:52:46,arbeitnow_vacancies.csv,,,
Personalsachbearbeiter:in (m/w/d),ztn Südwest,Hardheim,,arbeitnow.com,2026-05-09 17:52:46,arbeitnow_vacancies.csv,,,
Team Lead Claims - Tierversicherung (m/w/d),Lassie,Berlin,,arbeitnow.com,2026-05-09 17:52:46,arbeitnow_vacancies.csv,,,
IT-SystemtechnikerIn (m/w/d) - Schwerpunkt Projektumsetzung,netIable Volker Frank,Frechen,,arbeitnow.com,2026-05-09 17:52:46,arbeitnow_vacancies.csv,,,
Senior Platform Engineer (AWS),Forteil GmbH - bonify,Berlin,,arbeitnow.com,2026-05-09 17:52:46,arbeitnow_vacancies.csv,,,
"Werkstudent Finance & Controlling (m/w/d), 10h/Woche, 100% Remote",Sivara GmbH,Kevelaer,,arbeitnow.com,2026-05-09 17:52:46,arbeitnow_vacancies.csv,,,
Personalsachbearbeiter Lohn und Gehalt (m(w/d),DIE MAtCHERIN - Marie Kornhoff,Cologne,,arbeitnow.com,2026-05-09 17:52:46,arbeitnow_vacancies.csv,,,
Fachinformatiker für Systemintegration (m/w/d) - Schwerpunkt ISO 27001,BREMSKERL-REIBBELAGWERKE Emmerling GmbH & Co. KG,Estorf,,arbeitnow.com,2026-05-09 17:52:46,arbeitnow_vacancies.csv,,,
IT-Security / Cyber Defense Berater (m/w/d) (Ref.Nr.: 46679),Wavestone Germany AG,Stuttgart,,arbeitnow.com,2026-05-09 17:52:46,arbeitnow_vacancies.csv,,,
Fachinformatiker Systemintegration (m/w/d),DORMA-Glas GmbH,Bad Salzuflen,,arbeitnow.com,2026-05-09 17:52:46,arbeitnow_vacancies.csv,,,
Mitarbeiter Controlling / Finanzen (m/w/d),BREMSKERL-REIBBELAGWERKE Emmerling GmbH & Co. KG,Estorf,,arbeitnow.com,2026-05-09 17:52:46,arbeitnow_vacancies.csv,,,
Werkstudent:in KI Marketing (m/w/d),laria.ai,Berlin,,arbeitnow.com,2026-05-09 17:52:46,arbeitnow_vacancies.csv,,,
Laravel Developer (m/w/d) - AI-First PropTech,Immovara GmbH,Korntal-Münchingen,,arbeitnow.com,2026-05-09 17:52:46,arbeitnow_vacancies.csv,,,
IT Administrator - (all genders) - 100% Homeoffice,fino data services GmbH,Kassel,,arbeitnow.com,2026-05-09 17:52:46,arbeitnow_vacancies.csv,,,
Support Mitarbeiter (m/w/d),Togrund GmbH,Viersen,,arbeitnow.com,2026-05-09 17:52:46,arbeitnow_vacancies.csv,,,
Senior Ingenieur HKLS (m/w/d) mit Schwerpunkt Mieterausbau,Buro Happold,Berlin,,arbeitnow.com,2026-05-09 17:52:46,arbeitnow_vacancies.csv,,,
Projektleiter HKLS (m/w/d) mit Schwerpunkt Mieterausbau,Buro Happold,Berlin,,arbeitnow.com,2026-05-09 17:52:46,arbeitnow_vacancies.csv,,,
Junior IT Service Manager (m/w/d),noris network AG,Nuremberg,,arbeitnow.com,2026-05-09 17:52:46,arbeitnow_vacancies.csv,,,
IT Service Manager (m/w/d),noris network AG,Nuremberg,,arbeitnow.com,2026-05-09 17:52:46,arbeitnow_vacancies.csv,,,
Mitarbeiter/in im Marketing (m/w/d),Verticas GmbH,Wiesbaden,,arbeitnow.com,2026-05-09 17:52:46,arbeitnow_vacancies.csv,,,
Werkstudentin / Minijob (m/w/d) Shopify Content,DR. VIVIEN KARL,Berlin,,arbeitnow.com,2026-05-09 17:52:46,arbeitnow_vacancies.csv,,,
Junior Buchhalter (m/w/d),FELS trader GmbH,Kelkheim,,arbeitnow.com,2026-05-09 17:52:46,arbeitnow_vacancies.csv,,,
Pflichtpraktikant im Marketing (m/w/d),Peter Stupp Design Mode GmbH,Freiberg,,arbeitnow.com,2026-05-09 17:52:46,arbeitnow_vacancies.csv,,,
Grafikdesigner (all genders) in Teilzeit,Visual Statements GmbH,Freiburg im Breisgau,,arbeitnow.com,2026-05-09 17:52:46,arbeitnow_vacancies.csv,,,
Head of E-Commerce (m/w/d),Peter Stupp Design Mode GmbH,Freiberg,,arbeitnow.com,2026-05-09 17:52:46,arbeitnow_vacancies.csv,,,
Customer Service & Merchandise Manager (m/w/d),Peter Stupp Design Mode GmbH,Freiberg,,arbeitnow.com,2026-05-09 17:52:46,arbeitnow_vacancies.csv,,,
Werkstudent Finance & Controlling (m/w/d),Peter Stupp Design Mode GmbH,Freiberg,,arbeitnow.com,2026-05-09 17:52:46,arbeitnow_vacancies.csv,,,
Founders Associate (m/w/d),KRUU GmbH,Bad Friedrichshall,,arbeitnow.com,2026-05-09 17:52:46,arbeitnow_vacancies.csv,,,
"Search Marketing Manager (m/w/d) - SEO-first, Performance-driven",kameon GmbH,Reutlingen,,arbeitnow.com,2026-05-09 17:52:46,arbeitnow_vacancies.csv,,,
Senior Producer (m/w/d),WPP Production,"Hamburg, Hamburg, Germany",,arbeitnow.com,2026-05-09 17:52:46,arbeitnow_vacancies.csv,,,
Mid Data Analyst - Finance,SumUp,"Berlin, Berlin, Germany",,arbeitnow.com,2026-05-09 17:52:46,arbeitnow_vacancies.csv,,,
Social Media Managerin (m/w/d) im Bildungswesen,CeFi-Bildung und Verständigung gGmbH,Berlin,,arbeitnow.com,2026-05-09 17:52:46,arbeitnow_vacancies.csv,,,
Salesforce Automation Developer (m/w/d) - Lörrach,Appbude,Lörrach,,arbeitnow.com,2026-05-09 17:52:46,arbeitnow_vacancies.csv,,,
Product Lead - KI-Agenten & Plattform (m/w/d),Lucid Labs,Berlin,,arbeitnow.com,2026-05-09 17:52:46,arbeitnow_vacancies.csv,,,
"Senior Product Manager, Retention",Every.,Berlin,,arbeitnow.com,2026-05-09 17:52:46,arbeitnow_vacancies.csv,,,
Pflichtpraktikum IT / Webentwicklung (m/w/d),LET IT CLICK GmbH,Osnabrück,,arbeitnow.com,2026-05-09 17:52:46,arbeitnow_vacancies.csv,,,
Werkstudent:in Produktfotografie & Content Creation (m/w/d),Julery,Düsseldorf,,arbeitnow.com,2026-05-09 17:52:46,arbeitnow_vacancies.csv,,,
Betriebsleiter (m/w/d) im Bereich Erneuerbare Energien,Planet in Green Construction GmbH,Bad Salzuflen,,arbeitnow.com,2026-05-09 17:52:46,arbeitnow_vacancies.csv,,,
Founding Head of Sales / GTM Lead,YGO GmbH,Berlin,,arbeitnow.com,2026-05-09 17:52:46,arbeitnow_vacancies.csv,,,
Senior WordPress Webdesigner (m/w/d),zacher media GmbH,Cologne,,arbeitnow.com,2026-05-09 17:52:46,arbeitnow_vacancies.csv,,,
Customer Success Internship (m/w/d) - Software Startup,hellomateo,Berlin,,arbeitnow.com,2026-05-09 17:52:46,arbeitnow_vacancies.csv,,,
Leiter Marketing (m/w/d),BARTELS GmbH / SunFurl Sonnensegel,Markdorf,,arbeitnow.com,2026-05-09 17:52:46,arbeitnow_vacancies.csv,,,
Mediengestalter (m/w/d),FederhenSchneider,Cologne,,arbeitnow.com,2026-05-09 17:52:46,arbeitnow_vacancies.csv,,,
Werkstudent (w/m/d) - Occupational Health Management,IONOS SE,Karlsruhe,,arbeitnow.com,2026-05-09 17:52:46,arbeitnow_vacancies.csv,,,
Business Development & Sales Manager | eMobility & Ladeinfrastruktur Logistik mit Fokus Nutzfahrzeuge (m/w/d),Fleetboost GmbH,Greven,,arbeitnow.com,2026-05-09 17:52:46,arbeitnow_vacancies.csv,,,
Pflichtpraktikum Project Engineer - Market Implementation,ecopals,Berlin,,arbeitnow.com,2026-05-09 17:52:46,arbeitnow_vacancies.csv,,,
Operations Manager (m/w/d) Healthcare | Backoffice & Administration,DHG Deutsche Hörakustik GmbH,Berlin,,arbeitnow.com,2026-05-09 17:52:46,arbeitnow_vacancies.csv,,,
IT-Consultant (m|w|d),Assecor GmbH,Berlin,,arbeitnow.com,2026-05-09 17:52:46,arbeitnow_vacancies.csv,,,
Werkstudent:in Projektmanagement Podcast,STRIVE Publishing GmbH,Hamburg,,arbeitnow.com,2026-05-09 17:52:46,arbeitnow_vacancies.csv,,,
Kundensupport & Customer Success Manager (m/w/d) mit Entwicklungsperspektive,Livello GmbH,Düsseldorf,,arbeitnow.com,2026-05-09 17:52:46,arbeitnow_vacancies.csv,,,
Werkstudent Immobilienmanagement (w/m/d),GRB Gemeinnütziges Rheinisches Bildungszentrum GmbH,Düsseldorf,,arbeitnow.com,2026-05-09 17:52:46,arbeitnow_vacancies.csv,,,
"Senior Sales Manager IT (m/w/d) - ERP, CRM, Digitalisierung",PixelMechanics,Nürnberg,,arbeitnow.com,2026-05-09 17:52:46,arbeitnow_vacancies.csv,,,
Empfangsmitarbeiter  m/w/d,KARL SCHNELL GmbH & Co. KG,Creglingen,,arbeitnow.com,2026-05-09 17:52:46,arbeitnow_vacancies.csv,,,
IT-Systemadministrator (m/w/d),Annette Hoppmann Consulting,Straubing,,arbeitnow.com,2026-05-09 17:52:46,arbeitnow_vacancies.csv,,,
Personalreferent (m/w/d) Schwerpunkt Employee Relation (1773),MVZ Labor Dr. Limbach & Kollegen eGbR,Heidelberg,,arbeitnow.com,2026-05-09 17:52:46,arbeitnow_vacancies.csv,,,
Engineering Manager (m/f/d),JOIN,Berlin,,arbeitnow.com,2026-05-09 17:52:46,arbeitnow_vacancies.csv,,,
Senior Fullstack Engineer (Elixir/Phoenix),Myosotis GmbH,Berlin,,arbeitnow.com,2026-05-09 17:52:46,arbeitnow_vacancies.csv,,,
Software Engineer (full-time) (Munich/Hybrid) (m/f/d),D11Z,Munich,,arbeitnow.com,2026-05-09 17:52:46,arbeitnow_vacancies.csv,,,
Trainee Kalkulation (m/w/d),Rohrleitungsbau Münster GmbH,Dortmund,,arbeitnow.com,2026-05-09 17:52:46,arbeitnow_vacancies.csv,,,
"HV Cable Jointing Team Lead - Laboratory & Field Operations (a)| Region: Zurich, Switzerland",CONCAPE,Munich,,arbeitnow.com,2026-05-09 17:52:46,arbeitnow_vacancies.csv,,,
Machine Learning Engineer (m/w/d) - Foundation Models,WeSort.AI GmbH,Würzburg,,arbeitnow.com,2026-05-09 17:52:46,arbeitnow_vacancies.csv,,,
Energie- und Umweltmanager(in) (m/w/d),Infra-Zeitz Servicegesellschaft mbH,Elsteraue,,arbeitnow.com,2026-05-09 17:52:46,arbeitnow_vacancies.csv,,,
Business Development Werkstudent:in in Leipzig oder Lübeck,singularIT GmbH,Lübeck,,arbeitnow.com,2026-05-09 17:52:47,arbeitnow_vacancies.csv,,,
Lead & Content Werkstudent:in in Leipzig oder Lübeck,singularIT GmbH,Lübeck,,arbeitnow.com,2026-05-09 17:52:47,arbeitnow_vacancies.csv,,,
"Steuerberater (m/w/d) in Cleebronn , auf Wunsch mit Partnerperspektive, gesucht - mindestens 90.000€",Taxtalente.de,Cleebronn,,arbeitnow.com,2026-05-09 17:52:47,arbeitnow_vacancies.csv,,,
"Steuerberater (m/w/d) in Heilbronn, auf Wunsch mit Partnerperspektive, gesucht - mindestens 90.000€",Taxtalente.de,Heilbronn,,arbeitnow.com,2026-05-09 17:52:47,arbeitnow_vacancies.csv,,,
Social Media Manager - Remote,Flexcube,Berlin,,arbeitnow.com,2026-05-09 17:52:47,arbeitnow_vacancies.csv,,,
"Mitarbeiter(in) Controlling   (Teilzeit, max. 20h/Woche) in Bad Homburg",S-CountryDesk GmbH,Bad Homburg,,arbeitnow.com,2026-05-09 17:52:47,arbeitnow_vacancies.csv,,,
System Software Test Engineer (m/w/x),K-tronik GmbH,Munich,,arbeitnow.com,2026-05-09 17:52:47,arbeitnow_vacancies.csv,,,
Entwickler im Bereich Test und Qualifikation Fahrwerk (m/w/d),K-tronik GmbH,Lindenberg,,arbeitnow.com,2026-05-09 17:52:47,arbeitnow_vacancies.csv,,,
Senior Embedded Software Engineer (m/w/d),KION Battery Systems GmbH,Karlstein am Main,,arbeitnow.com,2026-05-09 17:52:47,arbeitnow_vacancies.csv,,,
"Steuerberater (m/w/d) in Baden-Baden, auf Wunsch mit Partnerperspektive, gesucht - mindestens 90.000€",Taxtalente.de,Baden-Baden,,arbeitnow.com,2026-05-09 17:52:47,arbeitnow_vacancies.csv,,,
"Steuerberater (m/w/d) in Stutensee , auf Wunsch mit Partnerperspektive, gesucht - mindestens 90.000€",Taxtalente.de,Stutensee,,arbeitnow.com,2026-05-09 17:52:47,arbeitnow_vacancies.csv,,,
"Steuerberater (m/w/d) in Karlsruhe , auf Wunsch mit Partnerperspektive, gesucht - mindestens 90.000€",Taxtalente.de,Karlsruhe,,arbeitnow.com,2026-05-09 17:52:47,arbeitnow_vacancies.csv,,,
"Senior Account Executive, Enterprise Sales",Veeam Software,Munich,,arbeitnow.com,2026-05-09 17:52:47,arbeitnow_vacancies.csv,,,
Venture Development Manager | €110k base + Equity | Berlin + relocation,GENZ4GTM,Berlin,,arbeitnow.com,2026-05-09 17:52:47,arbeitnow_vacancies.csv,,,
Account Executive - DACH,Apaleo,"Berlin, Germany",,arbeitnow.com,2026-05-09 17:52:47,arbeitnow_vacancies.csv,,,
Sales Director - Strategic Accounts (f/m/d),Apaleo,"München, Bavaria, Germany",,arbeitnow.com,2026-05-09 17:52:47,arbeitnow_vacancies.csv,,,
(Senior) Digital Analytics Specialist,SumUp,"Berlin, Germany",,arbeitnow.com,2026-05-09 17:52:47,arbeitnow_vacancies.csv,,,
Service-Assistent/in (m/w/d),Stellantis &You Deutschland GmbH,Frankfurt am Main,,arbeitnow.com,2026-05-09 17:52:47,arbeitnow_vacancies.csv,,,
Senior HR Assistant (PSA-3),United Nations University,Bonn,,arbeitnow.com,2026-05-09 17:52:47,arbeitnow_vacancies.csv,,,
Practice Lead KI & Senior Digital Consultant (all genders),digital dna,Düsseldorf,,arbeitnow.com,2026-05-09 17:52:47,arbeitnow_vacancies.csv,,,
COO / Head of Operations (m/w/d),ZeinPharma Germany GmbH,Rüsselsheim,,arbeitnow.com,2026-05-09 17:52:47,arbeitnow_vacancies.csv,,,
Performance Marketing Manager META Ads (Minijob | Werkstudent/in | Teilzeit),HRecruit,Essen,,arbeitnow.com,2026-05-09 17:52:47,arbeitnow_vacancies.csv,,,
"Steuerberater (m/w/d) in Achern , auf Wunsch mit Partnerperspektive, gesucht - mindestens 90.000€",Taxtalente.de,Achern,,arbeitnow.com,2026-05-09 17:52:47,arbeitnow_vacancies.csv,,,
Werkstudent E-Commerce,Bearpaw GmbH,Bamberg,,arbeitnow.com,2026-05-09 17:52:47,arbeitnow_vacancies.csv,,,
Motion Designer & AI Artist (m/w/d),Playful Media,Berlin,,arbeitnow.com,2026-05-09 17:52:47,arbeitnow_vacancies.csv,,,
Hardware Developer,Pixida Group,Munich,,arbeitnow.com,2026-05-09 17:52:47,arbeitnow_vacancies.csv,,,
Senior Data Engineer (f/m/x),exmox GmbH,Hamburg,,arbeitnow.com,2026-05-09 17:52:47,arbeitnow_vacancies.csv,,,
HR Generalist (m/w/d),Bremer Tresor GmbH,Bremen,,arbeitnow.com,2026-05-09 17:52:47,arbeitnow_vacancies.csv,,,
Personaldisponent* im Eventmanagement in Eschborn,Wolf Personalmanagement GmbH,Eschborn,,arbeitnow.com,2026-05-09 17:52:47,arbeitnow_vacancies.csv,,,
Kundendienstmitarbeiter:in (m/w/d) für eCommerce mit Getränkeland - Teilzeit (20 Std.),Getränkeland Heidebrecht GmbH & Co. KG,Elmenhorst/Lichtenhagen,,arbeitnow.com,2026-05-09 17:52:47,arbeitnow_vacancies.csv,,,
Frontend Developer - Nuxt/Vue (m/f/x) in Berlin,konfetti GmbH,Berlin,,arbeitnow.com,2026-05-09 17:52:47,arbeitnow_vacancies.csv,,,
"Steuerberater (m/w/d) in Freiburg, auf Wunsch mit Partnerperspektive, gesucht - mindestens 90.000€",Taxtalente.de,Freiburg im Breisgau,,arbeitnow.com,2026-05-09 17:52:47,arbeitnow_vacancies.csv,,,
Trainee Consultant / Social Media Manager (all genders),LATENT GmbH,Nuremberg,,arbeitnow.com,2026-05-09 17:52:47,arbeitnow_vacancies.csv,,,
Projektmanager HealthCare (m/w/d) - Vollzeit oder Teilzeit (mind. 30h/Woche),Qrago GmbH,Hamburg,,arbeitnow.com,2026-05-09 17:52:47,arbeitnow_vacancies.csv,,,
Team Lead (all genders) IT-Infrastruktur -  IT Security-Lösungen mit VS-NfD Einsatzzulassung,DATAGROUP Köln GmbH,Leverkusen,,arbeitnow.com,2026-05-09 17:52:47,arbeitnow_vacancies.csv,,,
Senior Software Developer (m/w/d),isento GmbH,Nuremberg,,arbeitnow.com,2026-05-09 17:52:47,arbeitnow_vacancies.csv,,,
Chief Marketing Officer (m/w/d) Vollzeit in Berlin,Fahrengold GmbH,Berlin,,arbeitnow.com,2026-05-09 17:52:47,arbeitnow_vacancies.csv,,,
Software Developer (m/w/d)- Schwerpunkt Angular,isento GmbH,Nuremberg,,arbeitnow.com,2026-05-09 17:52:47,arbeitnow_vacancies.csv,,,
"Fullstack Software Entwickler Java, Angular (m/w/d)",isento GmbH,Nuremberg,,arbeitnow.com,2026-05-09 17:52:47,arbeitnow_vacancies.csv,,,
IT Architekt (m/w/d),Cognitivo AG,Karlsruhe,,arbeitnow.com,2026-05-09 17:52:47,arbeitnow_vacancies.csv,,,
Working Student | Social Media & Content (m/w/d),AzureAgency GmbH,Cologne,,arbeitnow.com,2026-05-09 17:52:47,arbeitnow_vacancies.csv,,,
Verwaltungsmitarbeiter/in  (m/w/d) im Bereich Rechnungslegung und Kassenabrechnung,Ernst Hasselbring GmbH & Co.KG,Stade,,arbeitnow.com,2026-05-09 17:52:47,arbeitnow_vacancies.csv,,,
Gestalte unser Team als HR Manager / People Manager im modernen internationalen Papierunternehmen (m/w/d),Huchtemeier Papier,Dortmund,,arbeitnow.com,2026-05-09 17:52:47,arbeitnow_vacancies.csv,,,
TypeScript Entwicklung,Projektron GmbH,Berlin,,arbeitnow.com,2026-05-09 17:52:47,arbeitnow_vacancies.csv,,,
Technischer Property Manager (w/m/d) Wohn- und Gewerbeimmobilien,Trigon Gruppe GmbH,Berlin,,arbeitnow.com,2026-05-09 17:52:47,arbeitnow_vacancies.csv,,,
Ausbildung zum Fachinformatiker Anwendungsentwicklung (m/w/d) - Start 2027,Wortmann KG Internationale Schuhproduktionen,Detmold,,arbeitnow.com,2026-05-09 17:52:47,arbeitnow_vacancies.csv,,,
Ausbildung zum Fachinformatiker Systemintegration (m/w/d) - Start 2027,Wortmann KG Internationale Schuhproduktionen,Detmold,,arbeitnow.com,2026-05-09 17:52:47,arbeitnow_vacancies.csv,,,
Disponent (m/w/d) Eventpersonal in Magdeburg,Kooperative Tateinheit GmbH Magdeburg,Magdeburg,,arbeitnow.com,2026-05-09 17:52:47,arbeitnow_vacancies.csv,,,
Werkstudent (w/m/d) - Global IT Support,IONOS SE,Berlin,,arbeitnow.com,2026-05-09 17:52:47,arbeitnow_vacancies.csv,,,
Kaufmännische/r Sachbearbeiter/in (m/w/d)  / Kreditoren- und Debitorenbuchhaltung / Teilzeit,Ernst Hasselbring GmbH & Co.KG,Stade,,arbeitnow.com,2026-05-09 17:52:47,arbeitnow_vacancies.csv,,,
Werkstudent*in Marketing (m/w/d),AutenSys GmbH,Karlsruhe,,arbeitnow.com,2026-05-09 17:52:47,arbeitnow_vacancies.csv,,,
Werkstudent / Praktikant - Affiliate Marketing (all genders),mammaly,Berlin,,arbeitnow.com,2026-05-09 17:52:47,arbeitnow_vacancies.csv,,,
Praktikum im Bereich Social Media & Content Creation (m/w/d),Gastro-Bedarf24 GmbH,Duisburg,,arbeitnow.com,2026-05-09 17:52:47,arbeitnow_vacancies.csv,,,
(Senior) Direct Response Copywriter (all genders),mammaly,Berlin,,arbeitnow.com,2026-05-09 17:52:47,arbeitnow_vacancies.csv,,,
Firmenkundenberater Immobiliengeschäft (m/w/d),Sparkasse Karlsruhe,Karlsruhe,,arbeitnow.com,2026-05-09 17:52:47,arbeitnow_vacancies.csv,,,
"Frontend-Dev Vue.js? Finde in 6 Fragen raus, ob du zu uns passt:",ito consult GmbH,Dresden,,arbeitnow.com,2026-05-09 17:52:47,arbeitnow_vacancies.csv,,,
Anwendungstechniker für Brandschutzbeschichtungen (m/w/d),Rudolf Hensel GmbH,Börnsen,,arbeitnow.com,2026-05-09 17:52:47,arbeitnow_vacancies.csv,,,
Senior Inhouse Consultant Document AI (gn),Projekt 3T GmbH,Dortmund,,arbeitnow.com,2026-05-09 17:52:47,arbeitnow_vacancies.csv,,,
Senior AI Solution Engineer Document Intelligence (gn),Projekt 3T GmbH,Dortmund,,arbeitnow.com,2026-05-09 17:52:47,arbeitnow_vacancies.csv,,,
"Founder’s Associate - Growth, Marketing & Operations (m/w/d",Enerithm Technology GmbH,Dresden,,arbeitnow.com,2026-05-09 17:52:47,arbeitnow_vacancies.csv,,,
Personal- und Vertriebsdisponent*in am Standort Köln,Annette Wittram - AWi Personalvermittlung und Bewerbercoaching,Cologne,,arbeitnow.com,2026-05-09 17:52:47,arbeitnow_vacancies.csv,,,
Senior Analytics Engineer - Marketing (m/w/d),Whow Games GmbH,Hamburg,,arbeitnow.com,2026-05-09 17:52:47,arbeitnow_vacancies.csv,,,
Art Director (m/w/d),Trade Marketeers Branding & Packaging GmbH & Co KG,Oldenburg,,arbeitnow.com,2026-05-09 17:52:47,arbeitnow_vacancies.csv,,,
Vertriebsteamleiter:in,Jura Alutec,Nidderau,,arbeitnow.com,2026-05-09 17:52:47,arbeitnow_vacancies.csv,,,
Senior AI & Software Engineer (m/w/d) - remote,Hackstack GmbH,Munich,,arbeitnow.com,2026-05-09 17:52:47,arbeitnow_vacancies.csv,,,
Ad Operations & Programmatic Manager (m/w/d),advanced store GmbH,Berlin,,arbeitnow.com,2026-05-09 17:52:47,arbeitnow_vacancies.csv,,,
Werkstudent Marketing im Bereich Events & Kampagnenmanagement (all genders),AdEx Beratungs GmbH,Hamburg,,arbeitnow.com,2026-05-09 17:52:47,arbeitnow_vacancies.csv,,,
Senior Paid Social Performance Manager (w/m/d) - 100% remote - EU,MRP My Recruitment Partners Ltd.,Munich,,arbeitnow.com,2026-05-09 17:52:47,arbeitnow_vacancies.csv,,,
🚀Senior Consultant SAP Real Estate (m/w/d),solreco GmbH,Langen,,arbeitnow.com,2026-05-09 17:52:47,arbeitnow_vacancies.csv,,,
Informatica ETL Developer (w/m/d),FDM Group,Offenbach,,arbeitnow.com,2026-05-09 17:52:47,arbeitnow_vacancies.csv,,,
Mid Market Account Executive - DACH,Samsara,"Munich, Bavaria, Germany",,arbeitnow.com,2026-05-09 17:52:47,arbeitnow_vacancies.csv,,,
Growth Manager - Creator Partnerships (m/w/d) - Hybrid - Bayern,Elegance-Hair GmbH,Cham,,arbeitnow.com,2026-05-09 17:52:47,arbeitnow_vacancies.csv,,,
Performance- & Influencer-Marketing-Manager (m/w/d) - Hybrid - Bayern,Elegance-Hair GmbH,Cham,,arbeitnow.com,2026-05-09 17:52:47,arbeitnow_vacancies.csv,,,
People & Culture Manager (w/m/d),Start To Finish Consulting GmbH,Unterhaching,,arbeitnow.com,2026-05-09 17:52:47,arbeitnow_vacancies.csv,,,
Technische/r Vertriebsmitarbeiter/in (m/w/d),Dorstener Drahtwerke H.W. Brune und Co GmbH,Marl,,arbeitnow.com,2026-05-09 17:52:47,arbeitnow_vacancies.csv,,,
Senior AI Entwickler (m/w/d),Feldion GmbH,Frankfurt am Main,,arbeitnow.com,2026-05-09 17:52:47,arbeitnow_vacancies.csv,,,
Werkstudent (m/w/d) Business Development / Sales,KIESSLING Medientechnik GmbH,Munich,,arbeitnow.com,2026-05-09 17:52:47,arbeitnow_vacancies.csv,,,
Junior Key Account Customer Success Manager - SaaS - B2B (all genders),Doozer Real Estate Systems GmbH,Berlin,,arbeitnow.com,2026-05-09 17:52:47,arbeitnow_vacancies.csv,,,
Kommunikationsdesigner:in (m/w/d),Cléo Public Relations,Hamburg,,arbeitnow.com,2026-05-09 17:52:47,arbeitnow_vacancies.csv,,,
Youtube Influencer Marketing Manager (m/w/d) (Werkstudent),Adspace,Hamburg,,arbeitnow.com,2026-05-09 17:52:47,arbeitnow_vacancies.csv,,,
Influencer Marketing Manager (m/w/d) YouTube | Remote | Teilzeit/Vollzeit,Adspace,Hamburg,,arbeitnow.com,2026-05-09 17:52:47,arbeitnow_vacancies.csv,,,
Senior PR Berater:in (m/w/d) in Vollzeit (40h/Woche),Cléo Public Relations,Hamburg,,arbeitnow.com,2026-05-09 17:52:47,arbeitnow_vacancies.csv,,,
PR Berater:in (m/w/d) in Vollzeit (40h/Woche),Cléo Public Relations,Hamburg,,arbeitnow.com,2026-05-09 17:52:47,arbeitnow_vacancies.csv,,,
AI Developer (Claude + AWS),Datavent,Hamburg,,arbeitnow.com,2026-05-09 17:52:47,arbeitnow_vacancies.csv,,,
"Senior Oracle HCM / ADP Payroll Integration Consultant (Freelance, Europe)",Sidekick Network GmbH & Co. KG,Bonn,,arbeitnow.com,2026-05-09 17:52:47,arbeitnow_vacancies.csv,,,
Content - Ersteller:in,Uniiqo Studio,Berlin,,arbeitnow.com,2026-05-09 17:52:48,arbeitnow_vacancies.csv,,,
SEO/SEA Werkstudent (m/w/d) mit Fokus auf Sichtbarkeit in KI-Suchen (Remote oder Würzburg),Mainwebsolutions,Würzburg,,arbeitnow.com,2026-05-09 17:52:48,arbeitnow_vacancies.csv,,,
Entwicklung KI - Werkstudent,XRbit gUG (haftungsbeschränkt),Bochum,,arbeitnow.com,2026-05-09 17:52:48,arbeitnow_vacancies.csv,,,
"Steuerberater (m/w/d) in Lindau, auf Wunsch mit Partnerperspektive, gesucht - mindestens 90.000€",Taxtalente.de,Lindau,,arbeitnow.com,2026-05-09 17:52:48,arbeitnow_vacancies.csv,,,
"Steuerberater (m/w/d) in Sigmaringen , auf Wunsch mit Partnerperspektive, gesucht - mindestens 90.000€",Taxtalente.de,Sigmaringen,,arbeitnow.com,2026-05-09 17:52:48,arbeitnow_vacancies.csv,,,
"Steuerberater (m/w/d) in Friedrichshafen , auf Wunsch mit Partnerperspektive, gesucht - mindestens 90.000€",Taxtalente.de,Friedrichshafen,,arbeitnow.com,2026-05-09 17:52:48,arbeitnow_vacancies.csv,,,
"Steuerberater (m/w/d) in Memmingen , auf Wunsch mit Partnerperspektive, gesucht - mindestens 90.000€",Taxtalente.de,Memmingen,,arbeitnow.com,2026-05-09 17:52:48,arbeitnow_vacancies.csv,,,
"Steuerberater (m/w/d) in Günzburg , auf Wunsch mit Partnerperspektive, gesucht - mindestens 90.000€",Taxtalente.de,Günzburg,,arbeitnow.com,2026-05-09 17:52:48,arbeitnow_vacancies.csv,,,
"Steuerberater (m/w/d) in Ulm , auf Wunsch mit Partnerperspektive, gesucht - mindestens 90.000€",Taxtalente.de,Ulm,,arbeitnow.com,2026-05-09 17:52:48,arbeitnow_vacancies.csv,,,
Baufinanzierungsberater / Bankkaufmann (m/w/d),Justhome GmbH,Berlin,,arbeitnow.com,2026-05-09 17:52:48,arbeitnow_vacancies.csv,,,
Expansion Manager - New Markets (m/w/d),mitte | Boutique Padel,Berlin,,arbeitnow.com,2026-05-09 17:52:48,arbeitnow_vacancies.csv,,,
Expansion Manager - DACH (m/w/d),mitte | Boutique Padel,Berlin,,arbeitnow.com,2026-05-09 17:52:48,arbeitnow_vacancies.csv,,,
Head of Activation / Marketing (m/w/d),mitte | Boutique Padel,Berlin,,arbeitnow.com,2026-05-09 17:52:48,arbeitnow_vacancies.csv,,,
"Steuerberater (m/w/d) in Rottenburg, auf Wunsch mit Partnerperspektive, gesucht - mindestens 90.000€",Taxtalente.de,Rottenburg,,arbeitnow.com,2026-05-09 17:52:48,arbeitnow_vacancies.csv,,,
Head of Creative (m/w/d),mitte | Boutique Padel,Berlin,,arbeitnow.com,2026-05-09 17:52:48,arbeitnow_vacancies.csv,,,
Co-Founder Local services / Craftsmen,38Capital,Munich,,arbeitnow.com,2026-05-09 17:52:48,arbeitnow_vacancies.csv,,,
Co-Founder Energy/Climate Space,38Capital,Munich,,arbeitnow.com,2026-05-09 17:52:48,arbeitnow_vacancies.csv,,,
Head of Club Experience / Programming (m/w/d),mitte | Boutique Padel,Berlin,,arbeitnow.com,2026-05-09 17:52:48,arbeitnow_vacancies.csv,,,
"Python Software Engineer, Backend & APIs - Remote",dexter health,Cologne,,arbeitnow.com,2026-05-09 17:52:48,arbeitnow_vacancies.csv,,,
Werkstudentin Marketing & Content,Happy Immo Club,Berlin,,arbeitnow.com,2026-05-09 17:52:48,arbeitnow_vacancies.csv,,,
Growth Marketing Managerin,Happy Immo Club,Berlin,,arbeitnow.com,2026-05-09 17:52:48,arbeitnow_vacancies.csv,,,
E-Commerce Support Marketing Manager Amazon/Shop (m/w/d) Minijob,Thiru GmbH,Olpe,,arbeitnow.com,2026-05-09 17:52:48,arbeitnow_vacancies.csv,,,
Elektrokonstrukteur (m/w/d) - EPLAN P9 mit Praxisezug,CDR Automatisierung GmbH,Haßfurt,,arbeitnow.com,2026-05-09 17:52:48,arbeitnow_vacancies.csv,,,
Director Structuring (m/f/x),CRX Markets AG,Frankfurt am Main,,arbeitnow.com,2026-05-09 17:52:48,arbeitnow_vacancies.csv,,,
(Junior) Associate to the CEO – Strategy & Growth (m/w/d),HiSERV GmbH,Schönefeld,,arbeitnow.com,2026-05-09 17:52:48,arbeitnow_vacancies.csv,,,
Assistenz der Geschäftsführung (m/w/d) Online Marketing & Operations (Remote),broma GmbH,Detmold,,arbeitnow.com,2026-05-09 17:52:48,arbeitnow_vacancies.csv,,,
Junior E-Commerce Marketing Manager Amazon/Shop (m/w/d) Minijob Basis,Thiru GmbH,Olpe,,arbeitnow.com,2026-05-09 17:52:48,arbeitnow_vacancies.csv,,,
Masseur:in,Ruperti Hotels GmbH & Co KG,Ainring,,arbeitnow.com,2026-05-09 17:52:48,arbeitnow_vacancies.csv,,,
Content Lead (m/w/d) - Social Media,Dreamlight Labs GmbH,Frankfurt am Main,,arbeitnow.com,2026-05-09 17:52:48,arbeitnow_vacancies.csv,,,
Head of Sales (m/w/d),Tomorrow Education Group GmbH,Andechs,,arbeitnow.com,2026-05-09 17:52:48,arbeitnow_vacancies.csv,,,
Bürokauffrau:B ürokaufmann,Lehmann Isolier- und Brandschutztechnik GmbH,Wendelstein,,arbeitnow.com,2026-05-09 17:52:48,arbeitnow_vacancies.csv,,,
Senior Product Owner (m/w/d),QualityMinds GmbH,Nuremberg,,arbeitnow.com,2026-05-09 17:52:48,arbeitnow_vacancies.csv,,,
Head of Influencer Marketing (m/w/d),HEY HOLY GmbH,Frankfurt am Main,,arbeitnow.com,2026-05-09 17:52:48,arbeitnow_vacancies.csv,,,
CRM Lead (W/M/D),Every.,Berlin,,arbeitnow.com,2026-05-09 17:52:48,arbeitnow_vacancies.csv,,,
Werkstudent / Praktikant Finanzen (m/w/d),CRX Markets AG,Munich,,arbeitnow.com,2026-05-09 17:52:48,arbeitnow_vacancies.csv,,,
Snr. Business Development Manager - Mobile Performance Ads,REPLUG,Berlin,,arbeitnow.com,2026-05-09 17:52:48,arbeitnow_vacancies.csv,,,
(Senior) Customer Success Manager (f/m/d),Predium Technology GmbH,Munich,,arbeitnow.com,2026-05-09 17:52:48,arbeitnow_vacancies.csv,,,
Marketing Manager (m/w/d) Content & Social Media,Medialine EuroTrade AG,Cologne,,arbeitnow.com,2026-05-09 17:52:48,arbeitnow_vacancies.csv,,,
(Senior) Teamlead Software Development,Bikeleasing-Service GmbH & Co. KG,Berlin,,arbeitnow.com,2026-05-09 17:52:48,arbeitnow_vacancies.csv,,,
Technical Operations Manager (m/f/d),ANGEHEUERT GmbH Personalberatung,Munich,,arbeitnow.com,2026-05-09 17:52:48,arbeitnow_vacancies.csv,,,
Werkstudent (m/w/d) - IT Consulting & KI,MGRP,Frankfurt am Main,,arbeitnow.com,2026-05-09 17:52:48,arbeitnow_vacancies.csv,,,
Technical Operations Manager (m/w/d),ANGEHEUERT GmbH Personalberatung,Munich,,arbeitnow.com,2026-05-09 17:52:48,arbeitnow_vacancies.csv,,,
Niederlassungsleiter (gn),MatchingCompany®,Munich,,arbeitnow.com,2026-05-09 17:52:48,arbeitnow_vacancies.csv,,,
Acquisition Strategy Lead (m/w/d) - Teilzeit,fembites,Berlin,,arbeitnow.com,2026-05-09 17:52:48,arbeitnow_vacancies.csv,,,
"Scientific or Medical Co-Founder, Berlin & Erfurt",OhMyV GmbH,Berlin,,arbeitnow.com,2026-05-09 17:52:48,arbeitnow_vacancies.csv,,,
Teamleiter:in,SWAN GmbH,Walldorf,,arbeitnow.com,2026-05-09 17:52:48,arbeitnow_vacancies.csv,,,
Senior-Bilanzbuchhalter (m/w/d),Paper & Tea,Berlin,,arbeitnow.com,2026-05-09 17:52:48,arbeitnow_vacancies.csv,,,
Python Developer - Django (m/w/d),sync.blue® GmbH,Haltern am See,,arbeitnow.com,2026-05-09 17:52:48,arbeitnow_vacancies.csv,,,
Mid Level/ Senior Cloud Architect,Steadman & Chase,Berlin,,arbeitnow.com,2026-05-09 17:52:48,arbeitnow_vacancies.csv,,,
Influencer and Social Media Germany (m/w/d),Nailscamp GmbH,Berlin,,arbeitnow.com,2026-05-09 17:52:48,arbeitnow_vacancies.csv,,,
Anaplan Model Builder (m/f/d),Bedford Consulting,Düsseldorf,,arbeitnow.com,2026-05-09 17:52:48,arbeitnow_vacancies.csv,,,
Senior Cloud Data Engineering Consultant (Databricks),Steadman & Chase,Düsseldorf,,arbeitnow.com,2026-05-09 17:52:48,arbeitnow_vacancies.csv,,,
AI & Data Engineer,Agentur Philipp GmbH,Dingolfing,,arbeitnow.com,2026-05-09 17:52:48,arbeitnow_vacancies.csv,,,
IT-Service Manager (m/w/d),Merkl IT GmbH,Munich,,arbeitnow.com,2026-05-09 17:52:48,arbeitnow_vacancies.csv,,,
Kaufmännischer Mitarbeiter Controlling / Finance (w/m/d),WK Consult,Hamburg,,arbeitnow.com,2026-05-09 17:52:48,arbeitnow_vacancies.csv,,,
Senior Amazon Marketplace Manager (m/w/d) - 100% Remote in D2C Scale-Up,Health Routine,Munich,,arbeitnow.com,2026-05-09 17:52:48,arbeitnow_vacancies.csv,,,
Sales Representative (m/w/d) für Designermöbel Showroom,"Brinkdoor Ltd., London, Zweigniederlassung Erlenbach, Schweiz",Cologne,,arbeitnow.com,2026-05-09 17:52:48,arbeitnow_vacancies.csv,,,
BMW Serviceberater*in (m/w/d),Autohaus Walter Mulfinger GmbH,Backnang,,arbeitnow.com,2026-05-09 17:52:48,arbeitnow_vacancies.csv,,,
Technische*r Projektleiter*in - Hardware & Sensorik,TWK,Wedel,,arbeitnow.com,2026-05-09 17:52:48,arbeitnow_vacancies.csv,,,
Entwicklungsingenieur*in im Bereich Embedded Software,TWK,Wedel,,arbeitnow.com,2026-05-09 17:52:48,arbeitnow_vacancies.csv,,,
Teamleiter Customer Service (m/w/d),Liebwein Personalmanagement und -service GmbH,Munich,,arbeitnow.com,2026-05-09 17:52:48,arbeitnow_vacancies.csv,,,
Applications Supporter IAM (m/w/d) für 2nd Level,evoila Frankfurt GmbH,Frankfurt am Main,,arbeitnow.com,2026-05-09 17:52:48,arbeitnow_vacancies.csv,,,
Freie Mitarbeiter (m/w/d) für Bevölkerungsbefragungen,Foerster & Thelen Marktforschung,Leipzig,,arbeitnow.com,2026-05-09 17:52:48,arbeitnow_vacancies.csv,,,
Freiberufliche Mitarbeiter (m/w/d) für Mobile Datenerfassung,Foerster & Thelen Marktforschung,Oschatz,,arbeitnow.com,2026-05-09 17:52:48,arbeitnow_vacancies.csv,,,
Venture Capital Internship @ b2venture Direct Investments (m/f/d) - June 2026,b2venture GmbH,Berlin,,arbeitnow.com,2026-05-09 17:52:48,arbeitnow_vacancies.csv,,,
Technische*r Produktdesigner*in,TWK,Wedel,,arbeitnow.com,2026-05-09 17:52:48,arbeitnow_vacancies.csv,,,
Konstrukteur (m/w/d),JVK Filtration Systems GmbH,Georgensgmünd,,arbeitnow.com,2026-05-09 17:52:48,arbeitnow_vacancies.csv,,,
Technischer Immobilienmanager (m/w/d) Wohnimmobilien auf Eigentümerseite | bis ca. 80.000 € Jahresgehalt,QTalents - Real Estate Recruiting,Berlin,,arbeitnow.com,2026-05-09 17:52:48,arbeitnow_vacancies.csv,,,
Marketing Manager (m/w/d) - AI-First,Logivations,Munich,,arbeitnow.com,2026-05-09 17:52:48,arbeitnow_vacancies.csv,,,
Hard & Software Engineer (m/w/d) DevOps,ANGEHEUERT GmbH Personalberatung,Rosenheim,,arbeitnow.com,2026-05-09 17:52:48,arbeitnow_vacancies.csv,,,
Praktikant Social Media Marketing & Content Creation (m/w/d) 100 Prozent  im Home-Office,canicu,Herford,,arbeitnow.com,2026-05-09 17:52:48,arbeitnow_vacancies.csv,,,
AI Teamlead / AI Manager,LiloPlus,Hamburg,,arbeitnow.com,2026-05-09 17:52:48,arbeitnow_vacancies.csv,,,
Sachbearbeiter/in oder Bürokauffrau/mann (m/w/d),Dürmeyer Print Media GmbH,Hamburg,,arbeitnow.com,2026-05-09 17:52:48,arbeitnow_vacancies.csv,,,
Senior Technical Product Manager (f/m/d),IP Pilot,Munich,,arbeitnow.com,2026-05-09 17:52:48,arbeitnow_vacancies.csv,,,
Lohnbuchhalter / Payroll Specialist (m/w/d) - mit Entwicklungsperspektive zur Teamleitung,Ebert HERA Esser Group,Baden-Baden,,arbeitnow.com,2026-05-09 17:52:48,arbeitnow_vacancies.csv,,,
Manager Quality & Regulatory Affairs for AI Medical Software - (w/d/m),deepeye Medical GmbH,Munich,,arbeitnow.com,2026-05-09 17:52:48,arbeitnow_vacancies.csv,,,
Bauleiter Tiefbau,BTW GmbH,Eberswalde,,arbeitnow.com,2026-05-09 17:52:48,arbeitnow_vacancies.csv,,,
Digitalisierungs- und KI-Entwickler (m/w/d) | Digital Transformation Lead (m/w/d),ScanHaus Marlow GmbH,Marlow,,arbeitnow.com,2026-05-09 17:52:48,arbeitnow_vacancies.csv,,,
Vertriebsdisponent (gn) / Personaldisponent (gn),MatchingCompany®,Bamberg,,arbeitnow.com,2026-05-09 17:52:48,arbeitnow_vacancies.csv,,,
Personaldisponent (gn) / Vertriebsdisponent (gn),MatchingCompany®,Lüneburg,,arbeitnow.com,2026-05-09 17:52:48,arbeitnow_vacancies.csv,,,
Personalberater (gn) / Vertriebsdisponent (gn) für die Bereiche Medizin und Pflege,MatchingCompany®,Kassel,,arbeitnow.com,2026-05-09 17:52:48,arbeitnow_vacancies.csv,,,
Kaufmännische Sachbearbeiter (gn) im Personalbereich,MatchingCompany®,Speyer,,arbeitnow.com,2026-05-09 17:52:48,arbeitnow_vacancies.csv,,,
Niederlassungsleiter (gn) für die Bereiche Medizin und Pflege,MatchingCompany®,Frankfurt am Main,,arbeitnow.com,2026-05-09 17:52:48,arbeitnow_vacancies.csv,,,
Senior Personaldisponent (gn) / Senior Vertriebsdisponent (gn),MatchingCompany®,Norderstedt,,arbeitnow.com,2026-05-09 17:52:48,arbeitnow_vacancies.csv,,,
Digital Marketing Manager (m/w/d) in Marketing-Agentur,NAO Skalierung GmbH,Hamburg,,arbeitnow.com,2026-05-09 17:52:48,arbeitnow_vacancies.csv,,,
